{"type":"FeatureCollection","features":[{"type":"Feature","properties":{"k":"tree"},"geometry":{"type":"Point","coordinates":[151.2177,-33.86564]}},{"type":"Feature","properties":{"k":"tree"},"geometry":{"type":"Point","coordinates":[151.204759,-33.888994]}},{"type":"Feature","properties":{"k":"tree"},"geometry":{"type":"Point","coordinates":[151.204967,-33.88875]}},{"type":"Feature","properties":{"k":"tree"},"geometry":{"type":"Point","coordinates":[151.205215,-33.888459]}},{"type":"Feature","properties":{"k":"tree"},"geometry":{"type":"Point","coordinates":[151.205389,-33.888265]}},{"type":"Feature","properties":{"k":"tree"},"geometry":{"type":"Point","coordinates":[151.204759,-33.889323]}},{"type":"Feature","properties":{"k":"tree"},"geometry":{"type":"Point","coordinates":[151.205268,-33.889376]}},{"type":"Feature","properties":{"k":"tree"},"geometry":{"type":"Point","coordinates":[151.208442,-33.853763]}},{"type":"Feature","properties":{"k":"tree"},"geometry":{"type":"Point","coordinates":[151.208426,-33.853963]}},{"type":"Feature","properties":{"k":"tree"},"geometry":{"type":"Point","coordinates":[151.208295,-33.853968]}},{"type":"Feature","properties":{"k":"tree"},"geometry":{"type":"Point","coordinates":[151.208702,-33.854084]}},{"type":"Feature","properties":{"k":"tree"},"geometry":{"type":"Point","coordinates":[151.208254,-33.854136]}},{"type":"Feature","properties":{"k":"tree"},"geometry":{"type":"Point","coordinates":[151.20866,-33.85371]}},{"type":"Feature","properties":{"k":"tree"},"geometry":{"type":"Point","coordinates":[151.208193,-33.854383]}},{"type":"Feature","properties":{"k":"tree"},"geometry":{"type":"Point","coordinates":[151.208165,-33.854508]}},{"type":"Feature","properties":{"k":"tree"},"geometry":{"type":"Point","coordinates":[151.20814,-33.854593]}},{"type":"Feature","properties":{"k":"tree"},"geometry":{"type":"Point","coordinates":[151.209649,-33.854737]}},{"type":"Feature","properties":{"k":"tree"},"geometry":{"type":"Point","coordinates":[151.209599,-33.854789]}},{"type":"Feature","properties":{"k":"tree"},"geometry":{"type":"Point","coordinates":[151.207948,-33.854912]}},{"type":"Feature","properties":{"k":"tree"},"geometry":{"type":"Point","coordinates":[151.208185,-33.854973]}},{"type":"Feature","properties":{"k":"tree"},"geometry":{"type":"Point","coordinates":[151.209761,-33.85499]}},{"type":"Feature","properties":{"k":"tree"},"geometry":{"type":"Point","coordinates":[151.20957,-33.855009]}},{"type":"Feature","properties":{"k":"tree"},"geometry":{"type":"Point","coordinates":[151.20776,-33.855055]}},{"type":"Feature","properties":{"k":"tree"},"geometry":{"type":"Point","coordinates":[151.208127,-33.855081]}},{"type":"Feature","properties":{"k":"tree"},"geometry":{"type":"Point","coordinates":[151.210246,-33.855097]}},{"type":"Feature","properties":{"k":"tree"},"geometry":{"type":"Point","coordinates":[151.209308,-33.855147]}},{"type":"Feature","properties":{"k":"tree"},"geometry":{"type":"Point","coordinates":[151.209909,-33.855152]}},{"type":"Feature","properties":{"k":"tree"},"geometry":{"type":"Point","coordinates":[151.209649,-33.855163]}},{"type":"Feature","properties":{"k":"tree"},"geometry":{"type":"Point","coordinates":[151.209201,-33.85518]}},{"type":"Feature","properties":{"k":"tree"},"geometry":{"type":"Point","coordinates":[151.208012,-33.85518]}},{"type":"Feature","properties":{"k":"tree"},"geometry":{"type":"Point","coordinates":[151.210241,-33.85517]}},{"type":"Feature","properties":{"k":"tree"},"geometry":{"type":"Point","coordinates":[151.209362,-33.855241]}},{"type":"Feature","properties":{"k":"tree"},"geometry":{"type":"Point","coordinates":[151.210331,-33.855748]}},{"type":"Feature","properties":{"k":"tree"},"geometry":{"type":"Point","coordinates":[151.209097,-33.855271]}},{"type":"Feature","properties":{"k":"tree"},"geometry":{"type":"Point","coordinates":[151.209672,-33.85528]}},{"type":"Feature","properties":{"k":"tree"},"geometry":{"type":"Point","coordinates":[151.207692,-33.855283]}},{"type":"Feature","properties":{"k":"tree"},"geometry":{"type":"Point","coordinates":[151.210257,-33.855244]}},{"type":"Feature","properties":{"k":"tree"},"geometry":{"type":"Point","coordinates":[151.207853,-33.855322]}},{"type":"Feature","properties":{"k":"tree"},"geometry":{"type":"Point","coordinates":[151.209599,-33.855325]}},{"type":"Feature","properties":{"k":"tree"},"geometry":{"type":"Point","coordinates":[151.210213,-33.855339]}},{"type":"Feature","properties":{"k":"tree"},"geometry":{"type":"Point","coordinates":[151.207557,-33.855365]}},{"type":"Feature","properties":{"k":"tree"},"geometry":{"type":"Point","coordinates":[151.209514,-33.855383]}},{"type":"Feature","properties":{"k":"tree"},"geometry":{"type":"Point","coordinates":[151.210144,-33.855411]}},{"type":"Feature","properties":{"k":"tree"},"geometry":{"type":"Point","coordinates":[151.209311,-33.855404]}},{"type":"Feature","properties":{"k":"tree"},"geometry":{"type":"Point","coordinates":[151.209407,-33.855409]}},{"type":"Feature","properties":{"k":"tree"},"geometry":{"type":"Point","coordinates":[151.209111,-33.855454]}},{"type":"Feature","properties":{"k":"tree"},"geometry":{"type":"Point","coordinates":[151.209249,-33.855461]}},{"type":"Feature","properties":{"k":"tree"},"geometry":{"type":"Point","coordinates":[151.207464,-33.855463]}},{"type":"Feature","properties":{"k":"tree"},"geometry":{"type":"Point","coordinates":[151.209021,-33.855512]}},{"type":"Feature","properties":{"k":"tree"},"geometry":{"type":"Point","coordinates":[151.210425,-33.855701]}},{"type":"Feature","properties":{"k":"tree"},"geometry":{"type":"Point","coordinates":[151.210105,-33.855524]}},{"type":"Feature","properties":{"k":"tree"},"geometry":{"type":"Point","coordinates":[151.207323,-33.855556]}},{"type":"Feature","properties":{"k":"tree"},"geometry":{"type":"Point","coordinates":[151.208013,-33.855626]}},{"type":"Feature","properties":{"k":"tree"},"geometry":{"type":"Point","coordinates":[151.210494,-33.855625]}},{"type":"Feature","properties":{"k":"tree"},"geometry":{"type":"Point","coordinates":[151.207467,-33.855657]}},{"type":"Feature","properties":{"k":"tree"},"geometry":{"type":"Point","coordinates":[151.207958,-33.855699]}},{"type":"Feature","properties":{"k":"tree"},"geometry":{"type":"Point","coordinates":[151.202549,-33.855716]}},{"type":"Feature","properties":{"k":"tree"},"geometry":{"type":"Point","coordinates":[151.210269,-33.855611]}},{"type":"Feature","properties":{"k":"tree"},"geometry":{"type":"Point","coordinates":[151.202571,-33.855891]}},{"type":"Feature","properties":{"k":"tree"},"geometry":{"type":"Point","coordinates":[151.207795,-33.855893]}},{"type":"Feature","properties":{"k":"tree"},"geometry":{"type":"Point","coordinates":[151.207748,-33.855982]}},{"type":"Feature","properties":{"k":"tree"},"geometry":{"type":"Point","coordinates":[151.202597,-33.856085]}},{"type":"Feature","properties":{"k":"tree"},"geometry":{"type":"Point","coordinates":[151.202481,-33.856156]}},{"type":"Feature","properties":{"k":"tree"},"geometry":{"type":"Point","coordinates":[151.20752,-33.856175]}},{"type":"Feature","properties":{"k":"tree"},"geometry":{"type":"Point","coordinates":[151.202588,-33.856188]}},{"type":"Feature","properties":{"k":"tree"},"geometry":{"type":"Point","coordinates":[151.208533,-33.856257]}},{"type":"Feature","properties":{"k":"tree"},"geometry":{"type":"Point","coordinates":[151.207671,-33.85626]}},{"type":"Feature","properties":{"k":"tree"},"geometry":{"type":"Point","coordinates":[151.207407,-33.856321]}},{"type":"Feature","properties":{"k":"tree"},"geometry":{"type":"Point","coordinates":[151.208595,-33.856434]}},{"type":"Feature","properties":{"k":"tree"},"geometry":{"type":"Point","coordinates":[151.207205,-33.856512]}},{"type":"Feature","properties":{"k":"tree"},"geometry":{"type":"Point","coordinates":[151.209059,-33.856481]}},{"type":"Feature","properties":{"k":"tree"},"geometry":{"type":"Point","coordinates":[151.208852,-33.856565]}},{"type":"Feature","properties":{"k":"tree"},"geometry":{"type":"Point","coordinates":[151.208671,-33.85664]}},{"type":"Feature","properties":{"k":"tree"},"geometry":{"type":"Point","coordinates":[151.205955,-33.856675]}},{"type":"Feature","properties":{"k":"tree"},"geometry":{"type":"Point","coordinates":[151.206928,-33.856721]}},{"type":"Feature","properties":{"k":"tree"},"geometry":{"type":"Point","coordinates":[151.205693,-33.856741]}},{"type":"Feature","properties":{"k":"tree"},"geometry":{"type":"Point","coordinates":[151.206551,-33.856772]}},{"type":"Feature","properties":{"k":"tree"},"geometry":{"type":"Point","coordinates":[151.205591,-33.856798]}},{"type":"Feature","properties":{"k":"tree"},"geometry":{"type":"Point","coordinates":[151.205706,-33.856828]}},{"type":"Feature","properties":{"k":"tree"},"geometry":{"type":"Point","coordinates":[151.208747,-33.856832]}},{"type":"Feature","properties":{"k":"tree"},"geometry":{"type":"Point","coordinates":[151.206833,-33.856857]}},{"type":"Feature","properties":{"k":"tree"},"geometry":{"type":"Point","coordinates":[151.205492,-33.856862]}},{"type":"Feature","properties":{"k":"tree"},"geometry":{"type":"Point","coordinates":[151.206988,-33.856894]}},{"type":"Feature","properties":{"k":"tree"},"geometry":{"type":"Point","coordinates":[151.205547,-33.856937]}},{"type":"Feature","properties":{"k":"tree"},"geometry":{"type":"Point","coordinates":[151.208202,-33.856936]}},{"type":"Feature","properties":{"k":"tree"},"geometry":{"type":"Point","coordinates":[151.208829,-33.856956]}},{"type":"Feature","properties":{"k":"tree"},"geometry":{"type":"Point","coordinates":[151.206709,-33.856958]}},{"type":"Feature","properties":{"k":"tree"},"geometry":{"type":"Point","coordinates":[151.208905,-33.857087]}},{"type":"Feature","properties":{"k":"tree"},"geometry":{"type":"Point","coordinates":[151.206144,-33.857113]}},{"type":"Feature","properties":{"k":"tree"},"geometry":{"type":"Point","coordinates":[151.205548,-33.857148]}},{"type":"Feature","properties":{"k":"tree"},"geometry":{"type":"Point","coordinates":[151.206512,-33.857144]}},{"type":"Feature","properties":{"k":"tree"},"geometry":{"type":"Point","coordinates":[151.208588,-33.857149]}},{"type":"Feature","properties":{"k":"tree"},"geometry":{"type":"Point","coordinates":[151.208095,-33.857152]}},{"type":"Feature","properties":{"k":"tree"},"geometry":{"type":"Point","coordinates":[151.206052,-33.857207]}},{"type":"Feature","properties":{"k":"tree"},"geometry":{"type":"Point","coordinates":[151.206082,-33.857301]}},{"type":"Feature","properties":{"k":"tree"},"geometry":{"type":"Point","coordinates":[151.207853,-33.857257]}},{"type":"Feature","properties":{"k":"tree"},"geometry":{"type":"Point","coordinates":[151.209024,-33.857268]}},{"type":"Feature","properties":{"k":"tree"},"geometry":{"type":"Point","coordinates":[151.208662,-33.857278]}},{"type":"Feature","properties":{"k":"tree"},"geometry":{"type":"Point","coordinates":[151.205974,-33.857285]}},{"type":"Feature","properties":{"k":"tree"},"geometry":{"type":"Point","coordinates":[151.206337,-33.857329]}},{"type":"Feature","properties":{"k":"tree"},"geometry":{"type":"Point","coordinates":[151.205649,-33.857305]}},{"type":"Feature","properties":{"k":"tree"},"geometry":{"type":"Point","coordinates":[151.20781,-33.857337]}},{"type":"Feature","properties":{"k":"tree"},"geometry":{"type":"Point","coordinates":[151.208988,-33.857276]}},{"type":"Feature","properties":{"k":"tree"},"geometry":{"type":"Point","coordinates":[151.206294,-33.857372]}},{"type":"Feature","properties":{"k":"tree"},"geometry":{"type":"Point","coordinates":[151.206247,-33.857415]}},{"type":"Feature","properties":{"k":"tree"},"geometry":{"type":"Point","coordinates":[151.209117,-33.857429]}},{"type":"Feature","properties":{"k":"tree"},"geometry":{"type":"Point","coordinates":[151.207757,-33.85744]}},{"type":"Feature","properties":{"k":"tree"},"geometry":{"type":"Point","coordinates":[151.209695,-33.857448]}},{"type":"Feature","properties":{"k":"tree"},"geometry":{"type":"Point","coordinates":[151.205473,-33.857521]}},{"type":"Feature","properties":{"k":"tree"},"geometry":{"type":"Point","coordinates":[151.206001,-33.857546]}},{"type":"Feature","properties":{"k":"tree"},"geometry":{"type":"Point","coordinates":[151.205604,-33.857554]}},{"type":"Feature","properties":{"k":"tree"},"geometry":{"type":"Point","coordinates":[151.205719,-33.857551]}},{"type":"Feature","properties":{"k":"tree"},"geometry":{"type":"Point","coordinates":[151.208306,-33.857571]}},{"type":"Feature","properties":{"k":"tree"},"geometry":{"type":"Point","coordinates":[151.209201,-33.857574]}},{"type":"Feature","properties":{"k":"tree"},"geometry":{"type":"Point","coordinates":[151.205903,-33.857549]}},{"type":"Feature","properties":{"k":"tree"},"geometry":{"type":"Point","coordinates":[151.205819,-33.857553]}},{"type":"Feature","properties":{"k":"tree"},"geometry":{"type":"Point","coordinates":[151.207672,-33.857587]}},{"type":"Feature","properties":{"k":"tree"},"geometry":{"type":"Point","coordinates":[151.209353,-33.857626]}},{"type":"Feature","properties":{"k":"tree"},"geometry":{"type":"Point","coordinates":[151.208329,-33.857662]}},{"type":"Feature","properties":{"k":"tree"},"geometry":{"type":"Point","coordinates":[151.206257,-33.857672]}},{"type":"Feature","properties":{"k":"tree"},"geometry":{"type":"Point","coordinates":[151.205476,-33.857678]}},{"type":"Feature","properties":{"k":"tree"},"geometry":{"type":"Point","coordinates":[151.205241,-33.857681]}},{"type":"Feature","properties":{"k":"tree"},"geometry":{"type":"Point","coordinates":[151.205366,-33.857681]}},{"type":"Feature","properties":{"k":"tree"},"geometry":{"type":"Point","coordinates":[151.205067,-33.857685]}},{"type":"Feature","properties":{"k":"tree"},"geometry":{"type":"Point","coordinates":[151.204924,-33.857698]}},{"type":"Feature","properties":{"k":"tree"},"geometry":{"type":"Point","coordinates":[151.20378,-33.857704]}},{"type":"Feature","properties":{"k":"tree"},"geometry":{"type":"Point","coordinates":[151.203915,-33.857704]}},{"type":"Feature","properties":{"k":"tree"},"geometry":{"type":"Point","coordinates":[151.203638,-33.857707]}},{"type":"Feature","properties":{"k":"tree"},"geometry":{"type":"Point","coordinates":[151.206666,-33.857714]}},{"type":"Feature","properties":{"k":"tree"},"geometry":{"type":"Point","coordinates":[151.206352,-33.857744]}},{"type":"Feature","properties":{"k":"tree"},"geometry":{"type":"Point","coordinates":[151.203448,-33.857775]}},{"type":"Feature","properties":{"k":"tree"},"geometry":{"type":"Point","coordinates":[151.206653,-33.857762]}},{"type":"Feature","properties":{"k":"tree"},"geometry":{"type":"Point","coordinates":[151.205838,-33.857828]}},{"type":"Feature","properties":{"k":"tree"},"geometry":{"type":"Point","coordinates":[151.209007,-33.85785]}},{"type":"Feature","properties":{"k":"tree"},"geometry":{"type":"Point","coordinates":[151.206242,-33.857904]}},{"type":"Feature","properties":{"k":"tree"},"geometry":{"type":"Point","coordinates":[151.207475,-33.857891]}},{"type":"Feature","properties":{"k":"tree"},"geometry":{"type":"Point","coordinates":[151.208109,-33.857896]}},{"type":"Feature","properties":{"k":"tree"},"geometry":{"type":"Point","coordinates":[151.203453,-33.857902]}},{"type":"Feature","properties":{"k":"tree"},"geometry":{"type":"Point","coordinates":[151.206397,-33.857912]}},{"type":"Feature","properties":{"k":"tree"},"geometry":{"type":"Point","coordinates":[151.207421,-33.857966]}},{"type":"Feature","properties":{"k":"tree"},"geometry":{"type":"Point","coordinates":[151.203465,-33.858008]}},{"type":"Feature","properties":{"k":"tree"},"geometry":{"type":"Point","coordinates":[151.207351,-33.858083]}},{"type":"Feature","properties":{"k":"tree"},"geometry":{"type":"Point","coordinates":[151.208082,-33.85812]}},{"type":"Feature","properties":{"k":"tree"},"geometry":{"type":"Point","coordinates":[151.203448,-33.858159]}},{"type":"Feature","properties":{"k":"tree"},"geometry":{"type":"Point","coordinates":[151.205427,-33.85819]}},{"type":"Feature","properties":{"k":"tree"},"geometry":{"type":"Point","coordinates":[151.20728,-33.858189]}},{"type":"Feature","properties":{"k":"tree"},"geometry":{"type":"Point","coordinates":[151.20723,-33.858301]}},{"type":"Feature","properties":{"k":"tree"},"geometry":{"type":"Point","coordinates":[151.204539,-33.858338]}},{"type":"Feature","properties":{"k":"tree"},"geometry":{"type":"Point","coordinates":[151.20472,-33.858345]}},{"type":"Feature","properties":{"k":"tree"},"geometry":{"type":"Point","coordinates":[151.208075,-33.858375]}},{"type":"Feature","properties":{"k":"tree"},"geometry":{"type":"Point","coordinates":[151.20503,-33.858371]}},{"type":"Feature","properties":{"k":"tree"},"geometry":{"type":"Point","coordinates":[151.207154,-33.858392]}},{"type":"Feature","properties":{"k":"tree"},"geometry":{"type":"Point","coordinates":[151.204618,-33.858396]}},{"type":"Feature","properties":{"k":"tree"},"geometry":{"type":"Point","coordinates":[151.204694,-33.858413]}},{"type":"Feature","properties":{"k":"tree"},"geometry":{"type":"Point","coordinates":[151.204965,-33.858446]}},{"type":"Feature","properties":{"k":"tree"},"geometry":{"type":"Point","coordinates":[151.20712,-33.858493]}},{"type":"Feature","properties":{"k":"tree"},"geometry":{"type":"Point","coordinates":[151.209459,-33.858505]}},{"type":"Feature","properties":{"k":"tree"},"geometry":{"type":"Point","coordinates":[151.206115,-33.858612]}},{"type":"Feature","properties":{"k":"tree"},"geometry":{"type":"Point","coordinates":[151.207058,-33.858626]}},{"type":"Feature","properties":{"k":"tree"},"geometry":{"type":"Point","coordinates":[151.209451,-33.85864]}},{"type":"Feature","properties":{"k":"tree"},"geometry":{"type":"Point","coordinates":[151.204872,-33.858642]}},{"type":"Feature","properties":{"k":"tree"},"geometry":{"type":"Point","coordinates":[151.205103,-33.858673]}},{"type":"Feature","properties":{"k":"tree"},"geometry":{"type":"Point","coordinates":[151.205498,-33.858731]}},{"type":"Feature","properties":{"k":"tree"},"geometry":{"type":"Point","coordinates":[151.207089,-33.85875]}},{"type":"Feature","properties":{"k":"tree"},"geometry":{"type":"Point","coordinates":[151.20565,-33.858752]}},{"type":"Feature","properties":{"k":"tree"},"geometry":{"type":"Point","coordinates":[151.208202,-33.858776]}},{"type":"Feature","properties":{"k":"tree"},"geometry":{"type":"Point","coordinates":[151.206946,-33.858799]}},{"type":"Feature","properties":{"k":"tree"},"geometry":{"type":"Point","coordinates":[151.209496,-33.8588]}},{"type":"Feature","properties":{"k":"tree"},"geometry":{"type":"Point","coordinates":[151.209036,-33.858809]}},{"type":"Feature","properties":{"k":"tree"},"geometry":{"type":"Point","coordinates":[151.208174,-33.858881]}},{"type":"Feature","properties":{"k":"tree"},"geometry":{"type":"Point","coordinates":[151.209043,-33.858926]}},{"type":"Feature","properties":{"k":"tree"},"geometry":{"type":"Point","coordinates":[151.207396,-33.85898]}},{"type":"Feature","properties":{"k":"tree"},"geometry":{"type":"Point","coordinates":[151.20692,-33.858987]}},{"type":"Feature","properties":{"k":"tree"},"geometry":{"type":"Point","coordinates":[151.207641,-33.859017]}},{"type":"Feature","properties":{"k":"tree"},"geometry":{"type":"Point","coordinates":[151.207813,-33.859048]}},{"type":"Feature","properties":{"k":"tree"},"geometry":{"type":"Point","coordinates":[151.209126,-33.859076]}},{"type":"Feature","properties":{"k":"tree"},"geometry":{"type":"Point","coordinates":[151.207337,-33.859078]}},{"type":"Feature","properties":{"k":"tree"},"geometry":{"type":"Point","coordinates":[151.209298,-33.85909]}},{"type":"Feature","properties":{"k":"tree"},"geometry":{"type":"Point","coordinates":[151.208954,-33.859091]}},{"type":"Feature","properties":{"k":"tree"},"geometry":{"type":"Point","coordinates":[151.207568,-33.859094]}},{"type":"Feature","properties":{"k":"tree"},"geometry":{"type":"Point","coordinates":[151.207461,-33.859097]}},{"type":"Feature","properties":{"k":"tree"},"geometry":{"type":"Point","coordinates":[151.207712,-33.859113]}},{"type":"Feature","properties":{"k":"tree"},"geometry":{"type":"Point","coordinates":[151.207121,-33.859115]}},{"type":"Feature","properties":{"k":"tree"},"geometry":{"type":"Point","coordinates":[151.208202,-33.859136]}},{"type":"Feature","properties":{"k":"tree"},"geometry":{"type":"Point","coordinates":[151.207808,-33.859139]}},{"type":"Feature","properties":{"k":"tree"},"geometry":{"type":"Point","coordinates":[151.208453,-33.859176]}},{"type":"Feature","properties":{"k":"tree"},"geometry":{"type":"Point","coordinates":[151.208991,-33.859228]}},{"type":"Feature","properties":{"k":"tree"},"geometry":{"type":"Point","coordinates":[151.207076,-33.85923]}},{"type":"Feature","properties":{"k":"tree"},"geometry":{"type":"Point","coordinates":[151.208236,-33.859222]}},{"type":"Feature","properties":{"k":"tree"},"geometry":{"type":"Point","coordinates":[151.208314,-33.859236]}},{"type":"Feature","properties":{"k":"tree"},"geometry":{"type":"Point","coordinates":[151.209135,-33.859228]}},{"type":"Feature","properties":{"k":"tree"},"geometry":{"type":"Point","coordinates":[151.209107,-33.859275]}},{"type":"Feature","properties":{"k":"tree"},"geometry":{"type":"Point","coordinates":[151.207059,-33.859328]}},{"type":"Feature","properties":{"k":"tree"},"geometry":{"type":"Point","coordinates":[151.209808,-33.859357]}},{"type":"Feature","properties":{"k":"tree"},"geometry":{"type":"Point","coordinates":[151.20792,-33.859368]}},{"type":"Feature","properties":{"k":"tree"},"geometry":{"type":"Point","coordinates":[151.208233,-33.859365]}},{"type":"Feature","properties":{"k":"tree"},"geometry":{"type":"Point","coordinates":[151.207099,-33.859403]}},{"type":"Feature","properties":{"k":"tree"},"geometry":{"type":"Point","coordinates":[151.207903,-33.859459]}},{"type":"Feature","properties":{"k":"tree"},"geometry":{"type":"Point","coordinates":[151.208457,-33.859491]}},{"type":"Feature","properties":{"k":"tree"},"geometry":{"type":"Point","coordinates":[151.208177,-33.859501]}},{"type":"Feature","properties":{"k":"tree"},"geometry":{"type":"Point","coordinates":[151.207878,-33.85963]}},{"type":"Feature","properties":{"k":"tree"},"geometry":{"type":"Point","coordinates":[151.207847,-33.859967]}},{"type":"Feature","properties":{"k":"tree"},"geometry":{"type":"Point","coordinates":[151.207833,-33.860054]}},{"type":"Feature","properties":{"k":"tree"},"geometry":{"type":"Point","coordinates":[151.207782,-33.860201]}},{"type":"Feature","properties":{"k":"tree"},"geometry":{"type":"Point","coordinates":[151.207768,-33.860272]}},{"type":"Feature","properties":{"k":"tree"},"geometry":{"type":"Point","coordinates":[151.206462,-33.860299]}},{"type":"Feature","properties":{"k":"tree"},"geometry":{"type":"Point","coordinates":[151.209338,-33.860374]}},{"type":"Feature","properties":{"k":"tree"},"geometry":{"type":"Point","coordinates":[151.208664,-33.860403]}},{"type":"Feature","properties":{"k":"tree"},"geometry":{"type":"Point","coordinates":[151.207745,-33.860405]}},{"type":"Feature","properties":{"k":"tree"},"geometry":{"type":"Point","coordinates":[151.206394,-33.860447]}},{"type":"Feature","properties":{"k":"tree"},"geometry":{"type":"Point","coordinates":[151.208814,-33.860515]}},{"type":"Feature","properties":{"k":"tree"},"geometry":{"type":"Point","coordinates":[151.206832,-33.860481]}},{"type":"Feature","properties":{"k":"tree"},"geometry":{"type":"Point","coordinates":[151.206408,-33.860524]}},{"type":"Feature","properties":{"k":"tree"},"geometry":{"type":"Point","coordinates":[151.209318,-33.860536]}},{"type":"Feature","properties":{"k":"tree"},"geometry":{"type":"Point","coordinates":[151.208647,-33.860546]}},{"type":"Feature","properties":{"k":"tree"},"geometry":{"type":"Point","coordinates":[151.208956,-33.860564]}},{"type":"Feature","properties":{"k":"tree"},"geometry":{"type":"Point","coordinates":[151.207684,-33.86056]}},{"type":"Feature","properties":{"k":"tree"},"geometry":{"type":"Point","coordinates":[151.206966,-33.860558]}},{"type":"Feature","properties":{"k":"tree"},"geometry":{"type":"Point","coordinates":[151.208735,-33.860651]}},{"type":"Feature","properties":{"k":"tree"},"geometry":{"type":"Point","coordinates":[151.207627,-33.86066]}},{"type":"Feature","properties":{"k":"tree"},"geometry":{"type":"Point","coordinates":[151.208602,-33.860688]}},{"type":"Feature","properties":{"k":"tree"},"geometry":{"type":"Point","coordinates":[151.208707,-33.860712]}},{"type":"Feature","properties":{"k":"tree"},"geometry":{"type":"Point","coordinates":[151.207605,-33.860719]}},{"type":"Feature","properties":{"k":"tree"},"geometry":{"type":"Point","coordinates":[151.208577,-33.860791]}},{"type":"Feature","properties":{"k":"tree"},"geometry":{"type":"Point","coordinates":[151.208707,-33.860791]}},{"type":"Feature","properties":{"k":"tree"},"geometry":{"type":"Point","coordinates":[151.209228,-33.860791]}},{"type":"Feature","properties":{"k":"tree"},"geometry":{"type":"Point","coordinates":[151.207551,-33.860845]}},{"type":"Feature","properties":{"k":"tree"},"geometry":{"type":"Point","coordinates":[151.208687,-33.860859]}},{"type":"Feature","properties":{"k":"tree"},"geometry":{"type":"Point","coordinates":[151.20856,-33.86088]}},{"type":"Feature","properties":{"k":"tree"},"geometry":{"type":"Point","coordinates":[151.209211,-33.860908]}},{"type":"Feature","properties":{"k":"tree"},"geometry":{"type":"Point","coordinates":[151.208684,-33.860925]}},{"type":"Feature","properties":{"k":"tree"},"geometry":{"type":"Point","coordinates":[151.207207,-33.860929]}},{"type":"Feature","properties":{"k":"tree"},"geometry":{"type":"Point","coordinates":[151.207351,-33.860936]}},{"type":"Feature","properties":{"k":"tree"},"geometry":{"type":"Point","coordinates":[151.207452,-33.860943]}},{"type":"Feature","properties":{"k":"tree"},"geometry":{"type":"Point","coordinates":[151.206549,-33.860973]}},{"type":"Feature","properties":{"k":"tree"},"geometry":{"type":"Point","coordinates":[151.20856,-33.860976]}},{"type":"Feature","properties":{"k":"tree"},"geometry":{"type":"Point","coordinates":[151.206639,-33.860994]}},{"type":"Feature","properties":{"k":"tree"},"geometry":{"type":"Point","coordinates":[151.208681,-33.861007]}},{"type":"Feature","properties":{"k":"tree"},"geometry":{"type":"Point","coordinates":[151.206693,-33.861041]}},{"type":"Feature","properties":{"k":"tree"},"geometry":{"type":"Point","coordinates":[151.208659,-33.861299]}},{"type":"Feature","properties":{"k":"tree"},"geometry":{"type":"Point","coordinates":[151.20881,-33.861322]}},{"type":"Feature","properties":{"k":"tree"},"geometry":{"type":"Point","coordinates":[151.208186,-33.861287]}},{"type":"Feature","properties":{"k":"tree"},"geometry":{"type":"Point","coordinates":[151.208943,-33.861333]}},{"type":"Feature","properties":{"k":"tree"},"geometry":{"type":"Point","coordinates":[151.209267,-33.861377]}},{"type":"Feature","properties":{"k":"tree"},"geometry":{"type":"Point","coordinates":[151.209465,-33.861396]}},{"type":"Feature","properties":{"k":"tree"},"geometry":{"type":"Point","coordinates":[151.20814,-33.861354]}},{"type":"Feature","properties":{"k":"tree"},"geometry":{"type":"Point","coordinates":[151.209535,-33.861338]}},{"type":"Feature","properties":{"k":"tree"},"geometry":{"type":"Point","coordinates":[151.210431,-33.861466]}},{"type":"Feature","properties":{"k":"tree"},"geometry":{"type":"Point","coordinates":[151.210728,-33.861535]}},{"type":"Feature","properties":{"k":"tree"},"geometry":{"type":"Point","coordinates":[151.210991,-33.861555]}},{"type":"Feature","properties":{"k":"tree"},"geometry":{"type":"Point","coordinates":[151.211163,-33.861576]}},{"type":"Feature","properties":{"k":"tree"},"geometry":{"type":"Point","coordinates":[151.211302,-33.861594]}},{"type":"Feature","properties":{"k":"tree"},"geometry":{"type":"Point","coordinates":[151.210686,-33.86171]}},{"type":"Feature","properties":{"k":"tree"},"geometry":{"type":"Point","coordinates":[151.211453,-33.861729]}},{"type":"Feature","properties":{"k":"tree"},"geometry":{"type":"Point","coordinates":[151.2116,-33.861734]}},{"type":"Feature","properties":{"k":"tree"},"geometry":{"type":"Point","coordinates":[151.21067,-33.861781]}},{"type":"Feature","properties":{"k":"tree"},"geometry":{"type":"Point","coordinates":[151.211453,-33.861783]}},{"type":"Feature","properties":{"k":"tree"},"geometry":{"type":"Point","coordinates":[151.211126,-33.861822]}},{"type":"Feature","properties":{"k":"tree"},"geometry":{"type":"Point","coordinates":[151.210665,-33.861844]}},{"type":"Feature","properties":{"k":"tree"},"geometry":{"type":"Point","coordinates":[151.211126,-33.861898]}},{"type":"Feature","properties":{"k":"tree"},"geometry":{"type":"Point","coordinates":[151.21066,-33.861927]}},{"type":"Feature","properties":{"k":"tree"},"geometry":{"type":"Point","coordinates":[151.210433,-33.862125]}},{"type":"Feature","properties":{"k":"tree"},"geometry":{"type":"Point","coordinates":[151.210495,-33.862214]}},{"type":"Feature","properties":{"k":"tree"},"geometry":{"type":"Point","coordinates":[151.204579,-33.858847]}},{"type":"Feature","properties":{"k":"tree"},"geometry":{"type":"Point","coordinates":[151.205308,-33.858993]}},{"type":"Feature","properties":{"k":"tree"},"geometry":{"type":"Point","coordinates":[151.204274,-33.85902]}},{"type":"Feature","properties":{"k":"tree"},"geometry":{"type":"Point","coordinates":[151.205637,-33.859056]}},{"type":"Feature","properties":{"k":"tree"},"geometry":{"type":"Point","coordinates":[151.205082,-33.859235]}},{"type":"Feature","properties":{"k":"tree"},"geometry":{"type":"Point","coordinates":[151.204198,-33.859217]}},{"type":"Feature","properties":{"k":"tree"},"geometry":{"type":"Point","coordinates":[151.205535,-33.859271]}},{"type":"Feature","properties":{"k":"tree"},"geometry":{"type":"Point","coordinates":[151.205691,-33.859383]}},{"type":"Feature","properties":{"k":"tree"},"geometry":{"type":"Point","coordinates":[151.20395,-33.859454]}},{"type":"Feature","properties":{"k":"tree"},"geometry":{"type":"Point","coordinates":[151.205621,-33.859468]}},{"type":"Feature","properties":{"k":"tree"},"geometry":{"type":"Point","coordinates":[151.205519,-33.859647]}},{"type":"Feature","properties":{"k":"tree"},"geometry":{"type":"Point","coordinates":[151.205308,-33.859709]}},{"type":"Feature","properties":{"k":"tree"},"geometry":{"type":"Point","coordinates":[151.204133,-33.859803]}},{"type":"Feature","properties":{"k":"tree"},"geometry":{"type":"Point","coordinates":[151.205136,-33.85987]}},{"type":"Feature","properties":{"k":"tree"},"geometry":{"type":"Point","coordinates":[151.204371,-33.859933]}},{"type":"Feature","properties":{"k":"tree"},"geometry":{"type":"Point","coordinates":[151.205028,-33.859964]}},{"type":"Feature","properties":{"k":"tree"},"geometry":{"type":"Point","coordinates":[151.204457,-33.86004]}},{"type":"Feature","properties":{"k":"tree"},"geometry":{"type":"Point","coordinates":[151.205055,-33.860555]}},{"type":"Feature","properties":{"k":"tree"},"geometry":{"type":"Point","coordinates":[151.20436,-33.860734]}},{"type":"Feature","properties":{"k":"tree"},"geometry":{"type":"Point","coordinates":[151.203821,-33.860971]}},{"type":"Feature","properties":{"k":"tree"},"geometry":{"type":"Point","coordinates":[151.204069,-33.861159]}},{"type":"Feature","properties":{"k":"tree"},"geometry":{"type":"Point","coordinates":[151.204123,-33.86175]}},{"type":"Feature","properties":{"k":"tree"},"geometry":{"type":"Point","coordinates":[151.204193,-33.862019]}},{"type":"Feature","properties":{"k":"tree"},"geometry":{"type":"Point","coordinates":[151.204403,-33.86205]}},{"type":"Feature","properties":{"k":"tree"},"geometry":{"type":"Point","coordinates":[151.212242,-33.869306]}},{"type":"Feature","properties":{"k":"tree"},"geometry":{"type":"Point","coordinates":[151.211903,-33.869346]}},{"type":"Feature","properties":{"k":"tree"},"geometry":{"type":"Point","coordinates":[151.211748,-33.86935]}},{"type":"Feature","properties":{"k":"tree"},"geometry":{"type":"Point","coordinates":[151.211638,-33.869705]}},{"type":"Feature","properties":{"k":"tree"},"geometry":{"type":"Point","coordinates":[151.21125,-33.869745]}},{"type":"Feature","properties":{"k":"tree"},"geometry":{"type":"Point","coordinates":[151.212882,-33.869775]}},{"type":"Feature","properties":{"k":"tree"},"geometry":{"type":"Point","coordinates":[151.211087,-33.869797]}},{"type":"Feature","properties":{"k":"tree"},"geometry":{"type":"Point","coordinates":[151.210942,-33.869837]}},{"type":"Feature","properties":{"k":"tree"},"geometry":{"type":"Point","coordinates":[151.21256,-33.869899]}},{"type":"Feature","properties":{"k":"tree"},"geometry":{"type":"Point","coordinates":[151.21274,-33.869899]}},{"type":"Feature","properties":{"k":"tree"},"geometry":{"type":"Point","coordinates":[151.212702,-33.870027]}},{"type":"Feature","properties":{"k":"tree"},"geometry":{"type":"Point","coordinates":[151.213031,-33.8703]}},{"type":"Feature","properties":{"k":"tree"},"geometry":{"type":"Point","coordinates":[151.213252,-33.870379]}},{"type":"Feature","properties":{"k":"tree"},"geometry":{"type":"Point","coordinates":[151.209523,-33.85953]}},{"type":"Feature","properties":{"k":"tree"},"geometry":{"type":"Point","coordinates":[151.20962,-33.85956]}},{"type":"Feature","properties":{"k":"tree"},"geometry":{"type":"Point","coordinates":[151.209552,-33.859815]}},{"type":"Feature","properties":{"k":"tree"},"geometry":{"type":"Point","coordinates":[151.209391,-33.859824]}},{"type":"Feature","properties":{"k":"tree"},"geometry":{"type":"Point","coordinates":[151.209547,-33.859838]}},{"type":"Feature","properties":{"k":"tree"},"geometry":{"type":"Point","coordinates":[151.209495,-33.860383]}},{"type":"Feature","properties":{"k":"tree"},"geometry":{"type":"Point","coordinates":[151.209486,-33.860423]}},{"type":"Feature","properties":{"k":"tree"},"geometry":{"type":"Point","coordinates":[151.20938,-33.860833]}},{"type":"Feature","properties":{"k":"tree"},"geometry":{"type":"Point","coordinates":[151.219936,-33.870795]}},{"type":"Feature","properties":{"k":"tree"},"geometry":{"type":"Point","coordinates":[151.219996,-33.8708]}},{"type":"Feature","properties":{"k":"tree"},"geometry":{"type":"Point","coordinates":[151.219936,-33.870842]}},{"type":"Feature","properties":{"k":"tree"},"geometry":{"type":"Point","coordinates":[151.219982,-33.870861]}},{"type":"Feature","properties":{"k":"tree"},"geometry":{"type":"Point","coordinates":[151.21992,-33.8709]}},{"type":"Feature","properties":{"k":"tree"},"geometry":{"type":"Point","coordinates":[151.219971,-33.870909]}},{"type":"Feature","properties":{"k":"tree"},"geometry":{"type":"Point","coordinates":[151.219906,-33.87095]}},{"type":"Feature","properties":{"k":"tree"},"geometry":{"type":"Point","coordinates":[151.219959,-33.870967]}},{"type":"Feature","properties":{"k":"tree"},"geometry":{"type":"Point","coordinates":[151.219953,-33.871619]}},{"type":"Feature","properties":{"k":"tree"},"geometry":{"type":"Point","coordinates":[151.219948,-33.87175]}},{"type":"Feature","properties":{"k":"tree"},"geometry":{"type":"Point","coordinates":[151.219774,-33.87183]}},{"type":"Feature","properties":{"k":"tree"},"geometry":{"type":"Point","coordinates":[151.219913,-33.871837]}},{"type":"Feature","properties":{"k":"tree"},"geometry":{"type":"Point","coordinates":[151.219834,-33.872048]}},{"type":"Feature","properties":{"k":"tree"},"geometry":{"type":"Point","coordinates":[151.219718,-33.872085]}},{"type":"Feature","properties":{"k":"tree"},"geometry":{"type":"Point","coordinates":[151.219769,-33.872164]}},{"type":"Feature","properties":{"k":"tree"},"geometry":{"type":"Point","coordinates":[151.219696,-33.872179]}},{"type":"Feature","properties":{"k":"tree"},"geometry":{"type":"Point","coordinates":[151.198507,-33.884748]}},{"type":"Feature","properties":{"k":"tree"},"geometry":{"type":"Point","coordinates":[151.197954,-33.884922]}},{"type":"Feature","properties":{"k":"tree"},"geometry":{"type":"Point","coordinates":[151.19793,-33.88525]}},{"type":"Feature","properties":{"k":"tree"},"geometry":{"type":"Point","coordinates":[151.202235,-33.88893]}},{"type":"Feature","properties":{"k":"tree"},"geometry":{"type":"Point","coordinates":[151.196101,-33.888987]}},{"type":"Feature","properties":{"k":"tree"},"geometry":{"type":"Point","coordinates":[151.198264,-33.889765]}},{"type":"Feature","properties":{"k":"tree"},"geometry":{"type":"Point","coordinates":[151.209313,-33.892563]}},{"type":"Feature","properties":{"k":"tree"},"geometry":{"type":"Point","coordinates":[151.214994,-33.870028]}},{"type":"Feature","properties":{"k":"tree"},"geometry":{"type":"Point","coordinates":[151.208255,-33.860307]}},{"type":"Feature","properties":{"k":"tree"},"geometry":{"type":"Point","coordinates":[151.210941,-33.870652]}},{"type":"Feature","properties":{"k":"tree"},"geometry":{"type":"Point","coordinates":[151.213296,-33.861482]}},{"type":"Feature","properties":{"k":"tree"},"geometry":{"type":"Point","coordinates":[151.213297,-33.861378]}},{"type":"Feature","properties":{"k":"tree"},"geometry":{"type":"Point","coordinates":[151.213305,-33.861278]}},{"type":"Feature","properties":{"k":"tree"},"geometry":{"type":"Point","coordinates":[151.213327,-33.861177]}},{"type":"Feature","properties":{"k":"tree"},"geometry":{"type":"Point","coordinates":[151.213448,-33.861021]}},{"type":"Feature","properties":{"k":"tree"},"geometry":{"type":"Point","coordinates":[151.213391,-33.860902]}},{"type":"Feature","properties":{"k":"tree"},"geometry":{"type":"Point","coordinates":[151.213283,-33.860854]}},{"type":"Feature","properties":{"k":"tree"},"geometry":{"type":"Point","coordinates":[151.213396,-33.860791]}},{"type":"Feature","properties":{"k":"tree"},"geometry":{"type":"Point","coordinates":[151.213163,-33.863027]}},{"type":"Feature","properties":{"k":"tree"},"geometry":{"type":"Point","coordinates":[151.213097,-33.863013]}},{"type":"Feature","properties":{"k":"tree"},"geometry":{"type":"Point","coordinates":[151.213091,-33.862952]}},{"type":"Feature","properties":{"k":"tree"},"geometry":{"type":"Point","coordinates":[151.213205,-33.862981]}},{"type":"Feature","properties":{"k":"tree"},"geometry":{"type":"Point","coordinates":[151.213153,-33.86291]}},{"type":"Feature","properties":{"k":"tree"},"geometry":{"type":"Point","coordinates":[151.213168,-33.862853]}},{"type":"Feature","properties":{"k":"tree"},"geometry":{"type":"Point","coordinates":[151.213283,-33.862901]}},{"type":"Feature","properties":{"k":"tree"},"geometry":{"type":"Point","coordinates":[151.213115,-33.862807]}},{"type":"Feature","properties":{"k":"tree"},"geometry":{"type":"Point","coordinates":[151.21333,-33.86281]}},{"type":"Feature","properties":{"k":"tree"},"geometry":{"type":"Point","coordinates":[151.213371,-33.862719]}},{"type":"Feature","properties":{"k":"tree"},"geometry":{"type":"Point","coordinates":[151.213411,-33.862628]}},{"type":"Feature","properties":{"k":"tree"},"geometry":{"type":"Point","coordinates":[151.213197,-33.86276]}},{"type":"Feature","properties":{"k":"tree"},"geometry":{"type":"Point","coordinates":[151.213129,-33.862723]}},{"type":"Feature","properties":{"k":"tree"},"geometry":{"type":"Point","coordinates":[151.213206,-33.862673]}},{"type":"Feature","properties":{"k":"tree"},"geometry":{"type":"Point","coordinates":[151.21314,-33.862605]}},{"type":"Feature","properties":{"k":"tree"},"geometry":{"type":"Point","coordinates":[151.213219,-33.862582]}},{"type":"Feature","properties":{"k":"tree"},"geometry":{"type":"Point","coordinates":[151.213434,-33.862531]}},{"type":"Feature","properties":{"k":"tree"},"geometry":{"type":"Point","coordinates":[151.213457,-33.86244]}},{"type":"Feature","properties":{"k":"tree"},"geometry":{"type":"Point","coordinates":[151.213482,-33.862343]}},{"type":"Feature","properties":{"k":"tree"},"geometry":{"type":"Point","coordinates":[151.21347,-33.862242]}},{"type":"Feature","properties":{"k":"tree"},"geometry":{"type":"Point","coordinates":[151.21344,-33.862151]}},{"type":"Feature","properties":{"k":"tree"},"geometry":{"type":"Point","coordinates":[151.213407,-33.862066]}},{"type":"Feature","properties":{"k":"tree"},"geometry":{"type":"Point","coordinates":[151.21336,-33.86197]}},{"type":"Feature","properties":{"k":"tree"},"geometry":{"type":"Point","coordinates":[151.213243,-33.861955]}},{"type":"Feature","properties":{"k":"tree"},"geometry":{"type":"Point","coordinates":[151.213282,-33.862001]}},{"type":"Feature","properties":{"k":"tree"},"geometry":{"type":"Point","coordinates":[151.213219,-33.862049]}},{"type":"Feature","properties":{"k":"tree"},"geometry":{"type":"Point","coordinates":[151.213285,-33.862103]}},{"type":"Feature","properties":{"k":"tree"},"geometry":{"type":"Point","coordinates":[151.213256,-33.862184]}},{"type":"Feature","properties":{"k":"tree"},"geometry":{"type":"Point","coordinates":[151.21319,-33.862234]}},{"type":"Feature","properties":{"k":"tree"},"geometry":{"type":"Point","coordinates":[151.213259,-33.862283]}},{"type":"Feature","properties":{"k":"tree"},"geometry":{"type":"Point","coordinates":[151.213183,-33.862334]}},{"type":"Feature","properties":{"k":"tree"},"geometry":{"type":"Point","coordinates":[151.213251,-33.86238]}},{"type":"Feature","properties":{"k":"tree"},"geometry":{"type":"Point","coordinates":[151.213166,-33.862429]}},{"type":"Feature","properties":{"k":"tree"},"geometry":{"type":"Point","coordinates":[151.213235,-33.862478]}},{"type":"Feature","properties":{"k":"tree"},"geometry":{"type":"Point","coordinates":[151.21316,-33.862529]}},{"type":"Feature","properties":{"k":"tree"},"geometry":{"type":"Point","coordinates":[151.212838,-33.863057]}},{"type":"Feature","properties":{"k":"tree"},"geometry":{"type":"Point","coordinates":[151.213026,-33.862852]}},{"type":"Feature","properties":{"k":"tree"},"geometry":{"type":"Point","coordinates":[151.212868,-33.862768]}},{"type":"Feature","properties":{"k":"tree"},"geometry":{"type":"Point","coordinates":[151.21277,-33.863453]}},{"type":"Feature","properties":{"k":"tree"},"geometry":{"type":"Point","coordinates":[151.212739,-33.863688]}},{"type":"Feature","properties":{"k":"tree"},"geometry":{"type":"Point","coordinates":[151.212604,-33.863228]}},{"type":"Feature","properties":{"k":"tree"},"geometry":{"type":"Point","coordinates":[151.212402,-33.863248]}},{"type":"Feature","properties":{"k":"tree"},"geometry":{"type":"Point","coordinates":[151.21213,-33.863268]}},{"type":"Feature","properties":{"k":"tree"},"geometry":{"type":"Point","coordinates":[151.211885,-33.863749]}},{"type":"Feature","properties":{"k":"tree"},"geometry":{"type":"Point","coordinates":[151.213011,-33.86358]}},{"type":"Feature","properties":{"k":"tree"},"geometry":{"type":"Point","coordinates":[151.212987,-33.863687]}},{"type":"Feature","properties":{"k":"tree"},"geometry":{"type":"Point","coordinates":[151.213033,-33.863732]}},{"type":"Feature","properties":{"k":"tree"},"geometry":{"type":"Point","coordinates":[151.212974,-33.863767]}},{"type":"Feature","properties":{"k":"tree"},"geometry":{"type":"Point","coordinates":[151.213025,-33.863817]}},{"type":"Feature","properties":{"k":"tree"},"geometry":{"type":"Point","coordinates":[151.212963,-33.863867]}},{"type":"Feature","properties":{"k":"tree"},"geometry":{"type":"Point","coordinates":[151.21301,-33.86393]}},{"type":"Feature","properties":{"k":"tree"},"geometry":{"type":"Point","coordinates":[151.212958,-33.863972]}},{"type":"Feature","properties":{"k":"tree"},"geometry":{"type":"Point","coordinates":[151.212998,-33.86401]}},{"type":"Feature","properties":{"k":"tree"},"geometry":{"type":"Point","coordinates":[151.21294,-33.864059]}},{"type":"Feature","properties":{"k":"tree"},"geometry":{"type":"Point","coordinates":[151.212982,-33.864103]}},{"type":"Feature","properties":{"k":"tree"},"geometry":{"type":"Point","coordinates":[151.212912,-33.864145]}},{"type":"Feature","properties":{"k":"tree"},"geometry":{"type":"Point","coordinates":[151.212963,-33.864212]}},{"type":"Feature","properties":{"k":"tree"},"geometry":{"type":"Point","coordinates":[151.212918,-33.864247]}},{"type":"Feature","properties":{"k":"tree"},"geometry":{"type":"Point","coordinates":[151.21426,-33.864276]}},{"type":"Feature","properties":{"k":"tree"},"geometry":{"type":"Point","coordinates":[151.212657,-33.865878]}},{"type":"Feature","properties":{"k":"tree"},"geometry":{"type":"Point","coordinates":[151.212696,-33.865614]}},{"type":"Feature","properties":{"k":"tree"},"geometry":{"type":"Point","coordinates":[151.212591,-33.866092]}},{"type":"Feature","properties":{"k":"tree"},"geometry":{"type":"Point","coordinates":[151.212664,-33.866018]}},{"type":"Feature","properties":{"k":"tree"},"geometry":{"type":"Point","coordinates":[151.21277,-33.865946]}},{"type":"Feature","properties":{"k":"tree"},"geometry":{"type":"Point","coordinates":[151.212866,-33.865932]}},{"type":"Feature","properties":{"k":"tree"},"geometry":{"type":"Point","coordinates":[151.212997,-33.865933]}},{"type":"Feature","properties":{"k":"tree"},"geometry":{"type":"Point","coordinates":[151.217994,-33.864899]}},{"type":"Feature","properties":{"k":"tree"},"geometry":{"type":"Point","coordinates":[151.208925,-33.854113]}},{"type":"Feature","properties":{"k":"tree"},"geometry":{"type":"Point","coordinates":[151.209081,-33.854146]}},{"type":"Feature","properties":{"k":"tree"},"geometry":{"type":"Point","coordinates":[151.208801,-33.854237]}},{"type":"Feature","properties":{"k":"tree"},"geometry":{"type":"Point","coordinates":[151.208918,-33.854264]}},{"type":"Feature","properties":{"k":"tree"},"geometry":{"type":"Point","coordinates":[151.208841,-33.854363]}},{"type":"Feature","properties":{"k":"tree"},"geometry":{"type":"Point","coordinates":[151.20764,-33.867487]}},{"type":"Feature","properties":{"k":"tree"},"geometry":{"type":"Point","coordinates":[151.207895,-33.867515]}},{"type":"Feature","properties":{"k":"tree"},"geometry":{"type":"Point","coordinates":[151.205936,-33.85885]}},{"type":"Feature","properties":{"k":"tree"},"geometry":{"type":"Point","coordinates":[151.202557,-33.856551]}},{"type":"Feature","properties":{"k":"tree"},"geometry":{"type":"Point","coordinates":[151.202676,-33.856576]}},{"type":"Feature","properties":{"k":"tree"},"geometry":{"type":"Point","coordinates":[151.202801,-33.85664]}},{"type":"Feature","properties":{"k":"tree"},"geometry":{"type":"Point","coordinates":[151.202959,-33.856719]}},{"type":"Feature","properties":{"k":"tree"},"geometry":{"type":"Point","coordinates":[151.203129,-33.856772]}},{"type":"Feature","properties":{"k":"tree"},"geometry":{"type":"Point","coordinates":[151.203233,-33.856821]}},{"type":"Feature","properties":{"k":"tree"},"geometry":{"type":"Point","coordinates":[151.203361,-33.856887]}},{"type":"Feature","properties":{"k":"tree"},"geometry":{"type":"Point","coordinates":[151.202942,-33.856801]}},{"type":"Feature","properties":{"k":"tree"},"geometry":{"type":"Point","coordinates":[151.202892,-33.856891]}},{"type":"Feature","properties":{"k":"tree"},"geometry":{"type":"Point","coordinates":[151.202829,-33.856969]}},{"type":"Feature","properties":{"k":"tree"},"geometry":{"type":"Point","coordinates":[151.202982,-33.856836]}},{"type":"Feature","properties":{"k":"tree"},"geometry":{"type":"Point","coordinates":[151.203031,-33.856811]}},{"type":"Feature","properties":{"k":"tree"},"geometry":{"type":"Point","coordinates":[151.202972,-33.85688]}},{"type":"Feature","properties":{"k":"tree"},"geometry":{"type":"Point","coordinates":[151.202992,-33.856946]}},{"type":"Feature","properties":{"k":"tree"},"geometry":{"type":"Point","coordinates":[151.202797,-33.857028]}},{"type":"Feature","properties":{"k":"tree"},"geometry":{"type":"Point","coordinates":[151.206432,-33.857237]}},{"type":"Feature","properties":{"k":"tree"},"geometry":{"type":"Point","coordinates":[151.205966,-33.857506]}},{"type":"Feature","properties":{"k":"tree"},"geometry":{"type":"Point","coordinates":[151.205965,-33.857444]}},{"type":"Feature","properties":{"k":"tree"},"geometry":{"type":"Point","coordinates":[151.205916,-33.857422]}},{"type":"Feature","properties":{"k":"tree"},"geometry":{"type":"Point","coordinates":[151.205495,-33.857191]}},{"type":"Feature","properties":{"k":"tree"},"geometry":{"type":"Point","coordinates":[151.204048,-33.857703]}},{"type":"Feature","properties":{"k":"tree"},"geometry":{"type":"Point","coordinates":[151.204207,-33.857699]}},{"type":"Feature","properties":{"k":"tree"},"geometry":{"type":"Point","coordinates":[151.204372,-33.857693]}},{"type":"Feature","properties":{"k":"tree"},"geometry":{"type":"Point","coordinates":[151.203831,-33.858007]}},{"type":"Feature","properties":{"k":"tree"},"geometry":{"type":"Point","coordinates":[151.203573,-33.857783]}},{"type":"Feature","properties":{"k":"tree"},"geometry":{"type":"Point","coordinates":[151.203578,-33.857904]}},{"type":"Feature","properties":{"k":"tree"},"geometry":{"type":"Point","coordinates":[151.203574,-33.858156]}},{"type":"Feature","properties":{"k":"tree"},"geometry":{"type":"Point","coordinates":[151.202945,-33.859605]}},{"type":"Feature","properties":{"k":"tree"},"geometry":{"type":"Point","coordinates":[151.203014,-33.859594]}},{"type":"Feature","properties":{"k":"tree"},"geometry":{"type":"Point","coordinates":[151.202953,-33.859693]}},{"type":"Feature","properties":{"k":"tree"},"geometry":{"type":"Point","coordinates":[151.202947,-33.859644]}},{"type":"Feature","properties":{"k":"tree"},"geometry":{"type":"Point","coordinates":[151.208315,-33.857018]}},{"type":"Feature","properties":{"k":"tree"},"geometry":{"type":"Point","coordinates":[151.207261,-33.861383]}},{"type":"Feature","properties":{"k":"tree"},"geometry":{"type":"Point","coordinates":[151.20904,-33.861568]}},{"type":"Feature","properties":{"k":"tree"},"geometry":{"type":"Point","coordinates":[151.208918,-33.861555]}},{"type":"Feature","properties":{"k":"tree"},"geometry":{"type":"Point","coordinates":[151.208757,-33.861612]}},{"type":"Feature","properties":{"k":"tree"},"geometry":{"type":"Point","coordinates":[151.208625,-33.861594]}},{"type":"Feature","properties":{"k":"tree"},"geometry":{"type":"Point","coordinates":[151.208484,-33.861573]}},{"type":"Feature","properties":{"k":"tree"},"geometry":{"type":"Point","coordinates":[151.208262,-33.861523]}},{"type":"Feature","properties":{"k":"tree"},"geometry":{"type":"Point","coordinates":[151.209066,-33.861487]}},{"type":"Feature","properties":{"k":"tree"},"geometry":{"type":"Point","coordinates":[151.20893,-33.861474]}},{"type":"Feature","properties":{"k":"tree"},"geometry":{"type":"Point","coordinates":[151.208824,-33.861466]}},{"type":"Feature","properties":{"k":"tree"},"geometry":{"type":"Point","coordinates":[151.208737,-33.86146]}},{"type":"Feature","properties":{"k":"tree"},"geometry":{"type":"Point","coordinates":[151.208629,-33.861457]}},{"type":"Feature","properties":{"k":"tree"},"geometry":{"type":"Point","coordinates":[151.208496,-33.861445]}},{"type":"Feature","properties":{"k":"tree"},"geometry":{"type":"Point","coordinates":[151.208395,-33.861472]}},{"type":"Feature","properties":{"k":"tree"},"geometry":{"type":"Point","coordinates":[151.216101,-33.881732]}},{"type":"Feature","properties":{"k":"tree"},"geometry":{"type":"Point","coordinates":[151.216184,-33.881748]}},{"type":"Feature","properties":{"k":"tree"},"geometry":{"type":"Point","coordinates":[151.216245,-33.88177]}},{"type":"Feature","properties":{"k":"tree"},"geometry":{"type":"Point","coordinates":[151.216228,-33.881801]}},{"type":"Feature","properties":{"k":"tree"},"geometry":{"type":"Point","coordinates":[151.215838,-33.881268]}},{"type":"Feature","properties":{"k":"tree"},"geometry":{"type":"Point","coordinates":[151.215834,-33.881298]}},{"type":"Feature","properties":{"k":"tree"},"geometry":{"type":"Point","coordinates":[151.215885,-33.881272]}},{"type":"Feature","properties":{"k":"tree"},"geometry":{"type":"Point","coordinates":[151.215879,-33.881303]}},{"type":"Feature","properties":{"k":"tree"},"geometry":{"type":"Point","coordinates":[151.215924,-33.881379]}},{"type":"Feature","properties":{"k":"tree"},"geometry":{"type":"Point","coordinates":[151.215955,-33.881471]}},{"type":"Feature","properties":{"k":"tree"},"geometry":{"type":"Point","coordinates":[151.21594,-33.881431]}},{"type":"Feature","properties":{"k":"tree"},"geometry":{"type":"Point","coordinates":[151.215954,-33.881392]}},{"type":"Feature","properties":{"k":"tree"},"geometry":{"type":"Point","coordinates":[151.215856,-33.881435]}},{"type":"Feature","properties":{"k":"tree"},"geometry":{"type":"Point","coordinates":[151.215818,-33.881439]}},{"type":"Feature","properties":{"k":"tree"},"geometry":{"type":"Point","coordinates":[151.215833,-33.881358]}},{"type":"Feature","properties":{"k":"tree"},"geometry":{"type":"Point","coordinates":[151.216146,-33.879872]}},{"type":"Feature","properties":{"k":"tree"},"geometry":{"type":"Point","coordinates":[151.216218,-33.879934]}},{"type":"Feature","properties":{"k":"tree"},"geometry":{"type":"Point","coordinates":[151.21631,-33.880014]}},{"type":"Feature","properties":{"k":"tree"},"geometry":{"type":"Point","coordinates":[151.216394,-33.880078]}},{"type":"Feature","properties":{"k":"tree"},"geometry":{"type":"Point","coordinates":[151.216487,-33.880156]}},{"type":"Feature","properties":{"k":"tree"},"geometry":{"type":"Point","coordinates":[151.216561,-33.880215]}},{"type":"Feature","properties":{"k":"tree"},"geometry":{"type":"Point","coordinates":[151.216654,-33.880293]}},{"type":"Feature","properties":{"k":"tree"},"geometry":{"type":"Point","coordinates":[151.216483,-33.880414]}},{"type":"Feature","properties":{"k":"tree"},"geometry":{"type":"Point","coordinates":[151.216398,-33.880346]}},{"type":"Feature","properties":{"k":"tree"},"geometry":{"type":"Point","coordinates":[151.216223,-33.880208]}},{"type":"Feature","properties":{"k":"tree"},"geometry":{"type":"Point","coordinates":[151.216102,-33.880109]}},{"type":"Feature","properties":{"k":"tree"},"geometry":{"type":"Point","coordinates":[151.215904,-33.879944]}},{"type":"Feature","properties":{"k":"tree"},"geometry":{"type":"Point","coordinates":[151.215839,-33.879893]}},{"type":"Feature","properties":{"k":"tree"},"geometry":{"type":"Point","coordinates":[151.215777,-33.879845]}},{"type":"Feature","properties":{"k":"tree"},"geometry":{"type":"Point","coordinates":[151.215672,-33.879752]}},{"type":"Feature","properties":{"k":"tree"},"geometry":{"type":"Point","coordinates":[151.215544,-33.87965]}},{"type":"Feature","properties":{"k":"tree"},"geometry":{"type":"Point","coordinates":[151.215444,-33.879573]}},{"type":"Feature","properties":{"k":"tree"},"geometry":{"type":"Point","coordinates":[151.216009,-33.87953]}},{"type":"Feature","properties":{"k":"tree"},"geometry":{"type":"Point","coordinates":[151.215774,-33.879593]}},{"type":"Feature","properties":{"k":"tree"},"geometry":{"type":"Point","coordinates":[151.215698,-33.879533]}},{"type":"Feature","properties":{"k":"tree"},"geometry":{"type":"Point","coordinates":[151.215564,-33.879431]}},{"type":"Feature","properties":{"k":"tree"},"geometry":{"type":"Point","coordinates":[151.215481,-33.879356]}},{"type":"Feature","properties":{"k":"tree"},"geometry":{"type":"Point","coordinates":[151.21448,-33.878779]}},{"type":"Feature","properties":{"k":"tree"},"geometry":{"type":"Point","coordinates":[151.214558,-33.878843]}},{"type":"Feature","properties":{"k":"tree"},"geometry":{"type":"Point","coordinates":[151.214618,-33.878893]}},{"type":"Feature","properties":{"k":"tree"},"geometry":{"type":"Point","coordinates":[151.214754,-33.87901]}},{"type":"Feature","properties":{"k":"tree"},"geometry":{"type":"Point","coordinates":[151.214817,-33.879056]}},{"type":"Feature","properties":{"k":"tree"},"geometry":{"type":"Point","coordinates":[151.214899,-33.879126]}},{"type":"Feature","properties":{"k":"tree"},"geometry":{"type":"Point","coordinates":[151.214951,-33.879165]}},{"type":"Feature","properties":{"k":"tree"},"geometry":{"type":"Point","coordinates":[151.21251,-33.877209]}},{"type":"Feature","properties":{"k":"tree"},"geometry":{"type":"Point","coordinates":[151.212566,-33.877243]}},{"type":"Feature","properties":{"k":"tree"},"geometry":{"type":"Point","coordinates":[151.21262,-33.877285]}},{"type":"Feature","properties":{"k":"tree"},"geometry":{"type":"Point","coordinates":[151.218767,-33.868718]}},{"type":"Feature","properties":{"k":"tree"},"geometry":{"type":"Point","coordinates":[151.218886,-33.868721]}},{"type":"Feature","properties":{"k":"tree"},"geometry":{"type":"Point","coordinates":[151.218993,-33.868735]}},{"type":"Feature","properties":{"k":"tree"},"geometry":{"type":"Point","coordinates":[151.218818,-33.86876]}},{"type":"Feature","properties":{"k":"tree"},"geometry":{"type":"Point","coordinates":[151.218945,-33.868785]}},{"type":"Feature","properties":{"k":"tree"},"geometry":{"type":"Point","coordinates":[151.218675,-33.868787]}},{"type":"Feature","properties":{"k":"tree"},"geometry":{"type":"Point","coordinates":[151.218676,-33.868862]}},{"type":"Feature","properties":{"k":"tree"},"geometry":{"type":"Point","coordinates":[151.218651,-33.868951]}},{"type":"Feature","properties":{"k":"tree"},"geometry":{"type":"Point","coordinates":[151.21864,-33.868996]}},{"type":"Feature","properties":{"k":"tree"},"geometry":{"type":"Point","coordinates":[151.21862,-33.86892]}},{"type":"Feature","properties":{"k":"tree"},"geometry":{"type":"Point","coordinates":[151.218877,-33.868924]}},{"type":"Feature","properties":{"k":"tree"},"geometry":{"type":"Point","coordinates":[151.218826,-33.869048]}},{"type":"Feature","properties":{"k":"tree"},"geometry":{"type":"Point","coordinates":[151.218797,-33.869003]}},{"type":"Feature","properties":{"k":"tree"},"geometry":{"type":"Point","coordinates":[151.218783,-33.868893]}},{"type":"Feature","properties":{"k":"tree"},"geometry":{"type":"Point","coordinates":[151.218796,-33.869178]}},{"type":"Feature","properties":{"k":"tree"},"geometry":{"type":"Point","coordinates":[151.218743,-33.869357]}},{"type":"Feature","properties":{"k":"tree"},"geometry":{"type":"Point","coordinates":[151.218736,-33.8694]}},{"type":"Feature","properties":{"k":"tree"},"geometry":{"type":"Point","coordinates":[151.218729,-33.869433]}},{"type":"Feature","properties":{"k":"tree"},"geometry":{"type":"Point","coordinates":[151.219164,-33.869246]}},{"type":"Feature","properties":{"k":"tree"},"geometry":{"type":"Point","coordinates":[151.219185,-33.869172]}},{"type":"Feature","properties":{"k":"tree"},"geometry":{"type":"Point","coordinates":[151.219203,-33.869086]}},{"type":"Feature","properties":{"k":"tree"},"geometry":{"type":"Point","coordinates":[151.219149,-33.869332]}},{"type":"Feature","properties":{"k":"tree"},"geometry":{"type":"Point","coordinates":[151.219132,-33.869401]}},{"type":"Feature","properties":{"k":"tree"},"geometry":{"type":"Point","coordinates":[151.219108,-33.869501]}},{"type":"Feature","properties":{"k":"tree"},"geometry":{"type":"Point","coordinates":[151.219082,-33.869606]}},{"type":"Feature","properties":{"k":"tree"},"geometry":{"type":"Point","coordinates":[151.218875,-33.869665]}},{"type":"Feature","properties":{"k":"tree"},"geometry":{"type":"Point","coordinates":[151.218978,-33.869682]}},{"type":"Feature","properties":{"k":"tree"},"geometry":{"type":"Point","coordinates":[151.201171,-33.856695]}},{"type":"Feature","properties":{"k":"tree"},"geometry":{"type":"Point","coordinates":[151.20133,-33.856818]}},{"type":"Feature","properties":{"k":"tree"},"geometry":{"type":"Point","coordinates":[151.20127,-33.856747]}},{"type":"Feature","properties":{"k":"tree"},"geometry":{"type":"Point","coordinates":[151.201211,-33.85721]}},{"type":"Feature","properties":{"k":"tree"},"geometry":{"type":"Point","coordinates":[151.20104,-33.857323]}},{"type":"Feature","properties":{"k":"tree"},"geometry":{"type":"Point","coordinates":[151.201133,-33.857413]}},{"type":"Feature","properties":{"k":"tree"},"geometry":{"type":"Point","coordinates":[151.204422,-33.861689]}},{"type":"Feature","properties":{"k":"tree"},"geometry":{"type":"Point","coordinates":[151.204231,-33.861643]}},{"type":"Feature","properties":{"k":"tree"},"geometry":{"type":"Point","coordinates":[151.213878,-33.878542]}},{"type":"Feature","properties":{"k":"tree"},"geometry":{"type":"Point","coordinates":[151.213929,-33.878583]}},{"type":"Feature","properties":{"k":"tree"},"geometry":{"type":"Point","coordinates":[151.213989,-33.878636]}},{"type":"Feature","properties":{"k":"tree"},"geometry":{"type":"Point","coordinates":[151.213922,-33.878685]}},{"type":"Feature","properties":{"k":"tree"},"geometry":{"type":"Point","coordinates":[151.209461,-33.863435]}},{"type":"Feature","properties":{"k":"tree"},"geometry":{"type":"Point","coordinates":[151.209548,-33.863366]}},{"type":"Feature","properties":{"k":"tree"},"geometry":{"type":"Point","coordinates":[151.201538,-33.856255]}},{"type":"Feature","properties":{"k":"tree"},"geometry":{"type":"Point","coordinates":[151.201672,-33.856208]}},{"type":"Feature","properties":{"k":"tree"},"geometry":{"type":"Point","coordinates":[151.201753,-33.856253]}},{"type":"Feature","properties":{"k":"tree"},"geometry":{"type":"Point","coordinates":[151.201573,-33.856326]}},{"type":"Feature","properties":{"k":"tree"},"geometry":{"type":"Point","coordinates":[151.201694,-33.856116]}},{"type":"Feature","properties":{"k":"tree"},"geometry":{"type":"Point","coordinates":[151.201798,-33.856163]}},{"type":"Feature","properties":{"k":"tree"},"geometry":{"type":"Point","coordinates":[151.201314,-33.856643]}},{"type":"Feature","properties":{"k":"tree"},"geometry":{"type":"Point","coordinates":[151.201255,-33.856454]}},{"type":"Feature","properties":{"k":"tree"},"geometry":{"type":"Point","coordinates":[151.200993,-33.857962]}},{"type":"Feature","properties":{"k":"tree"},"geometry":{"type":"Point","coordinates":[151.201104,-33.858061]}},{"type":"Feature","properties":{"k":"tree"},"geometry":{"type":"Point","coordinates":[151.201093,-33.857831]}},{"type":"Feature","properties":{"k":"tree"},"geometry":{"type":"Point","coordinates":[151.201142,-33.857546]}},{"type":"Feature","properties":{"k":"tree"},"geometry":{"type":"Point","coordinates":[151.201366,-33.858776]}},{"type":"Feature","properties":{"k":"tree"},"geometry":{"type":"Point","coordinates":[151.201286,-33.858798]}},{"type":"Feature","properties":{"k":"tree"},"geometry":{"type":"Point","coordinates":[151.200586,-33.858522]}},{"type":"Feature","properties":{"k":"tree"},"geometry":{"type":"Point","coordinates":[151.200649,-33.858533]}},{"type":"Feature","properties":{"k":"tree"},"geometry":{"type":"Point","coordinates":[151.200319,-33.858325]}},{"type":"Feature","properties":{"k":"tree"},"geometry":{"type":"Point","coordinates":[151.200319,-33.858268]}},{"type":"Feature","properties":{"k":"tree"},"geometry":{"type":"Point","coordinates":[151.200298,-33.858165]}},{"type":"Feature","properties":{"k":"tree"},"geometry":{"type":"Point","coordinates":[151.200283,-33.858097]}},{"type":"Feature","properties":{"k":"tree"},"geometry":{"type":"Point","coordinates":[151.200268,-33.857579]}},{"type":"Feature","properties":{"k":"tree"},"geometry":{"type":"Point","coordinates":[151.200379,-33.857392]}},{"type":"Feature","properties":{"k":"tree"},"geometry":{"type":"Point","coordinates":[151.200445,-33.857311]}},{"type":"Feature","properties":{"k":"tree"},"geometry":{"type":"Point","coordinates":[151.200379,-33.856139]}},{"type":"Feature","properties":{"k":"tree"},"geometry":{"type":"Point","coordinates":[151.20041,-33.856064]}},{"type":"Feature","properties":{"k":"tree"},"geometry":{"type":"Point","coordinates":[151.20038,-33.855996]}},{"type":"Feature","properties":{"k":"tree"},"geometry":{"type":"Point","coordinates":[151.201235,-33.85559]}},{"type":"Feature","properties":{"k":"tree"},"geometry":{"type":"Point","coordinates":[151.201378,-33.855568]}},{"type":"Feature","properties":{"k":"tree"},"geometry":{"type":"Point","coordinates":[151.201553,-33.855564]}},{"type":"Feature","properties":{"k":"tree"},"geometry":{"type":"Point","coordinates":[151.201992,-33.855916]}},{"type":"Feature","properties":{"k":"tree"},"geometry":{"type":"Point","coordinates":[151.201088,-33.855929]}},{"type":"Feature","properties":{"k":"tree"},"geometry":{"type":"Point","coordinates":[151.200952,-33.855962]}},{"type":"Feature","properties":{"k":"tree"},"geometry":{"type":"Point","coordinates":[151.200375,-33.85661]}},{"type":"Feature","properties":{"k":"tree"},"geometry":{"type":"Point","coordinates":[151.200372,-33.856516]}},{"type":"Feature","properties":{"k":"tree"},"geometry":{"type":"Point","coordinates":[151.21335,-33.870552]}},{"type":"Feature","properties":{"k":"tree"},"geometry":{"type":"Point","coordinates":[151.212709,-33.870402]}},{"type":"Feature","properties":{"k":"tree"},"geometry":{"type":"Point","coordinates":[151.212748,-33.870578]}},{"type":"Feature","properties":{"k":"tree"},"geometry":{"type":"Point","coordinates":[151.212642,-33.870623]}},{"type":"Feature","properties":{"k":"tree"},"geometry":{"type":"Point","coordinates":[151.212784,-33.870807]}},{"type":"Feature","properties":{"k":"tree"},"geometry":{"type":"Point","coordinates":[151.21257,-33.87084]}},{"type":"Feature","properties":{"k":"tree"},"geometry":{"type":"Point","coordinates":[151.212641,-33.871247]}},{"type":"Feature","properties":{"k":"tree"},"geometry":{"type":"Point","coordinates":[151.212764,-33.87132]}},{"type":"Feature","properties":{"k":"tree"},"geometry":{"type":"Point","coordinates":[151.21275,-33.871412]}},{"type":"Feature","properties":{"k":"tree"},"geometry":{"type":"Point","coordinates":[151.212736,-33.871505]}},{"type":"Feature","properties":{"k":"tree"},"geometry":{"type":"Point","coordinates":[151.212683,-33.871853]}},{"type":"Feature","properties":{"k":"tree"},"geometry":{"type":"Point","coordinates":[151.212671,-33.871936]}},{"type":"Feature","properties":{"k":"tree"},"geometry":{"type":"Point","coordinates":[151.212661,-33.872002]}},{"type":"Feature","properties":{"k":"tree"},"geometry":{"type":"Point","coordinates":[151.212495,-33.871249]}},{"type":"Feature","properties":{"k":"tree"},"geometry":{"type":"Point","coordinates":[151.212219,-33.871273]}},{"type":"Feature","properties":{"k":"tree"},"geometry":{"type":"Point","coordinates":[151.212307,-33.871158]}},{"type":"Feature","properties":{"k":"tree"},"geometry":{"type":"Point","coordinates":[151.212646,-33.871466]}},{"type":"Feature","properties":{"k":"tree"},"geometry":{"type":"Point","coordinates":[151.212602,-33.871679]}},{"type":"Feature","properties":{"k":"tree"},"geometry":{"type":"Point","coordinates":[151.21256,-33.871809]}},{"type":"Feature","properties":{"k":"tree"},"geometry":{"type":"Point","coordinates":[151.212558,-33.871814]}},{"type":"Feature","properties":{"k":"tree"},"geometry":{"type":"Point","coordinates":[151.212556,-33.871828]}},{"type":"Feature","properties":{"k":"tree"},"geometry":{"type":"Point","coordinates":[151.212539,-33.871828]}},{"type":"Feature","properties":{"k":"tree"},"geometry":{"type":"Point","coordinates":[151.212538,-33.871833]}},{"type":"Feature","properties":{"k":"tree"},"geometry":{"type":"Point","coordinates":[151.212536,-33.871845]}},{"type":"Feature","properties":{"k":"tree"},"geometry":{"type":"Point","coordinates":[151.212548,-33.871878]}},{"type":"Feature","properties":{"k":"tree"},"geometry":{"type":"Point","coordinates":[151.212538,-33.871854]}},{"type":"Feature","properties":{"k":"tree"},"geometry":{"type":"Point","coordinates":[151.212556,-33.871857]}},{"type":"Feature","properties":{"k":"tree"},"geometry":{"type":"Point","coordinates":[151.212501,-33.872161]}},{"type":"Feature","properties":{"k":"tree"},"geometry":{"type":"Point","coordinates":[151.21253,-33.872047]}},{"type":"Feature","properties":{"k":"tree"},"geometry":{"type":"Point","coordinates":[151.212228,-33.872142]}},{"type":"Feature","properties":{"k":"tree"},"geometry":{"type":"Point","coordinates":[151.212162,-33.872141]}},{"type":"Feature","properties":{"k":"tree"},"geometry":{"type":"Point","coordinates":[151.21219,-33.872165]}},{"type":"Feature","properties":{"k":"tree"},"geometry":{"type":"Point","coordinates":[151.21233,-33.872092]}},{"type":"Feature","properties":{"k":"tree"},"geometry":{"type":"Point","coordinates":[151.212265,-33.872088]}},{"type":"Feature","properties":{"k":"tree"},"geometry":{"type":"Point","coordinates":[151.212387,-33.872072]}},{"type":"Feature","properties":{"k":"tree"},"geometry":{"type":"Point","coordinates":[151.212426,-33.872097]}},{"type":"Feature","properties":{"k":"tree"},"geometry":{"type":"Point","coordinates":[151.212212,-33.872025]}},{"type":"Feature","properties":{"k":"tree"},"geometry":{"type":"Point","coordinates":[151.212575,-33.872044]}},{"type":"Feature","properties":{"k":"tree"},"geometry":{"type":"Point","coordinates":[151.212471,-33.872017]}},{"type":"Feature","properties":{"k":"tree"},"geometry":{"type":"Point","coordinates":[151.212375,-33.871937]}},{"type":"Feature","properties":{"k":"tree"},"geometry":{"type":"Point","coordinates":[151.212429,-33.871721]}},{"type":"Feature","properties":{"k":"tree"},"geometry":{"type":"Point","coordinates":[151.212426,-33.871648]}},{"type":"Feature","properties":{"k":"tree"},"geometry":{"type":"Point","coordinates":[151.212277,-33.871747]}},{"type":"Feature","properties":{"k":"tree"},"geometry":{"type":"Point","coordinates":[151.212137,-33.871712]}},{"type":"Feature","properties":{"k":"tree"},"geometry":{"type":"Point","coordinates":[151.212153,-33.871507]}},{"type":"Feature","properties":{"k":"tree"},"geometry":{"type":"Point","coordinates":[151.212165,-33.87157]}},{"type":"Feature","properties":{"k":"tree"},"geometry":{"type":"Point","coordinates":[151.212333,-33.873478]}},{"type":"Feature","properties":{"k":"tree"},"geometry":{"type":"Point","coordinates":[151.212237,-33.873484]}},{"type":"Feature","properties":{"k":"tree"},"geometry":{"type":"Point","coordinates":[151.2122,-33.873484]}},{"type":"Feature","properties":{"k":"tree"},"geometry":{"type":"Point","coordinates":[151.211907,-33.873443]}},{"type":"Feature","properties":{"k":"tree"},"geometry":{"type":"Point","coordinates":[151.212,-33.873462]}},{"type":"Feature","properties":{"k":"tree"},"geometry":{"type":"Point","coordinates":[151.212067,-33.873375]}},{"type":"Feature","properties":{"k":"tree"},"geometry":{"type":"Point","coordinates":[151.211717,-33.873407]}},{"type":"Feature","properties":{"k":"tree"},"geometry":{"type":"Point","coordinates":[151.211488,-33.873154]}},{"type":"Feature","properties":{"k":"tree"},"geometry":{"type":"Point","coordinates":[151.212064,-33.871551]}},{"type":"Feature","properties":{"k":"tree"},"geometry":{"type":"Point","coordinates":[151.212056,-33.871641]}},{"type":"Feature","properties":{"k":"tree"},"geometry":{"type":"Point","coordinates":[151.21186,-33.87249]}},{"type":"Feature","properties":{"k":"tree"},"geometry":{"type":"Point","coordinates":[151.212559,-33.872523]}},{"type":"Feature","properties":{"k":"tree"},"geometry":{"type":"Point","coordinates":[151.212651,-33.872357]}},{"type":"Feature","properties":{"k":"tree"},"geometry":{"type":"Point","coordinates":[151.212461,-33.873383]}},{"type":"Feature","properties":{"k":"tree"},"geometry":{"type":"Point","coordinates":[151.212386,-33.873357]}},{"type":"Feature","properties":{"k":"tree"},"geometry":{"type":"Point","coordinates":[151.212174,-33.873002]}},{"type":"Feature","properties":{"k":"tree"},"geometry":{"type":"Point","coordinates":[151.212217,-33.873078]}},{"type":"Feature","properties":{"k":"tree"},"geometry":{"type":"Point","coordinates":[151.217562,-33.870297]}},{"type":"Feature","properties":{"k":"tree"},"geometry":{"type":"Point","coordinates":[151.217627,-33.870248]}},{"type":"Feature","properties":{"k":"tree"},"geometry":{"type":"Point","coordinates":[151.217681,-33.870202]}},{"type":"Feature","properties":{"k":"tree"},"geometry":{"type":"Point","coordinates":[151.217733,-33.870161]}},{"type":"Feature","properties":{"k":"tree"},"geometry":{"type":"Point","coordinates":[151.217766,-33.870112]}},{"type":"Feature","properties":{"k":"tree"},"geometry":{"type":"Point","coordinates":[151.217904,-33.870007]}},{"type":"Feature","properties":{"k":"tree"},"geometry":{"type":"Point","coordinates":[151.2178,-33.869974]}},{"type":"Feature","properties":{"k":"tree"},"geometry":{"type":"Point","coordinates":[151.217844,-33.870033]}},{"type":"Feature","properties":{"k":"tree"},"geometry":{"type":"Point","coordinates":[151.217749,-33.869971]}},{"type":"Feature","properties":{"k":"tree"},"geometry":{"type":"Point","coordinates":[151.217728,-33.870006]}},{"type":"Feature","properties":{"k":"tree"},"geometry":{"type":"Point","coordinates":[151.199316,-33.879503]}},{"type":"Feature","properties":{"k":"tree"},"geometry":{"type":"Point","coordinates":[151.199172,-33.879569]}},{"type":"Feature","properties":{"k":"tree"},"geometry":{"type":"Point","coordinates":[151.19888,-33.879517]}},{"type":"Feature","properties":{"k":"tree"},"geometry":{"type":"Point","coordinates":[151.198778,-33.879564]}},{"type":"Feature","properties":{"k":"tree"},"geometry":{"type":"Point","coordinates":[151.198917,-33.879638]}},{"type":"Feature","properties":{"k":"tree"},"geometry":{"type":"Point","coordinates":[151.198699,-33.879591]}},{"type":"Feature","properties":{"k":"tree"},"geometry":{"type":"Point","coordinates":[151.198799,-33.879698]}},{"type":"Feature","properties":{"k":"tree"},"geometry":{"type":"Point","coordinates":[151.198485,-33.879798]}},{"type":"Feature","properties":{"k":"tree"},"geometry":{"type":"Point","coordinates":[151.198461,-33.879623]}},{"type":"Feature","properties":{"k":"tree"},"geometry":{"type":"Point","coordinates":[151.198534,-33.879592]}},{"type":"Feature","properties":{"k":"tree"},"geometry":{"type":"Point","coordinates":[151.198425,-33.879579]}},{"type":"Feature","properties":{"k":"tree"},"geometry":{"type":"Point","coordinates":[151.19841,-33.879549]}},{"type":"Feature","properties":{"k":"tree"},"geometry":{"type":"Point","coordinates":[151.198354,-33.879461]}},{"type":"Feature","properties":{"k":"tree"},"geometry":{"type":"Point","coordinates":[151.198385,-33.879505]}},{"type":"Feature","properties":{"k":"tree"},"geometry":{"type":"Point","coordinates":[151.198287,-33.879333]}},{"type":"Feature","properties":{"k":"tree"},"geometry":{"type":"Point","coordinates":[151.198215,-33.879196]}},{"type":"Feature","properties":{"k":"tree"},"geometry":{"type":"Point","coordinates":[151.198203,-33.879022]}},{"type":"Feature","properties":{"k":"tree"},"geometry":{"type":"Point","coordinates":[151.198446,-33.879018]}},{"type":"Feature","properties":{"k":"tree"},"geometry":{"type":"Point","coordinates":[151.19809,-33.879001]}},{"type":"Feature","properties":{"k":"tree"},"geometry":{"type":"Point","coordinates":[151.197912,-33.878724]}},{"type":"Feature","properties":{"k":"tree"},"geometry":{"type":"Point","coordinates":[151.198202,-33.878668]}},{"type":"Feature","properties":{"k":"tree"},"geometry":{"type":"Point","coordinates":[151.197864,-33.878645]}},{"type":"Feature","properties":{"k":"tree"},"geometry":{"type":"Point","coordinates":[151.197772,-33.878497]}},{"type":"Feature","properties":{"k":"tree"},"geometry":{"type":"Point","coordinates":[151.197716,-33.878405]}},{"type":"Feature","properties":{"k":"tree"},"geometry":{"type":"Point","coordinates":[151.197414,-33.878286]}},{"type":"Feature","properties":{"k":"tree"},"geometry":{"type":"Point","coordinates":[151.197968,-33.878226]}},{"type":"Feature","properties":{"k":"tree"},"geometry":{"type":"Point","coordinates":[151.197614,-33.877987]}},{"type":"Feature","properties":{"k":"tree"},"geometry":{"type":"Point","coordinates":[151.197484,-33.877939]}},{"type":"Feature","properties":{"k":"tree"},"geometry":{"type":"Point","coordinates":[151.197441,-33.87786]}},{"type":"Feature","properties":{"k":"tree"},"geometry":{"type":"Point","coordinates":[151.197471,-33.877717]}},{"type":"Feature","properties":{"k":"tree"},"geometry":{"type":"Point","coordinates":[151.197424,-33.877817]}},{"type":"Feature","properties":{"k":"tree"},"geometry":{"type":"Point","coordinates":[151.197366,-33.87771]}},{"type":"Feature","properties":{"k":"tree"},"geometry":{"type":"Point","coordinates":[151.197285,-33.877634]}},{"type":"Feature","properties":{"k":"tree"},"geometry":{"type":"Point","coordinates":[151.197246,-33.877558]}},{"type":"Feature","properties":{"k":"tree"},"geometry":{"type":"Point","coordinates":[151.197141,-33.877376]}},{"type":"Feature","properties":{"k":"tree"},"geometry":{"type":"Point","coordinates":[151.19723,-33.877309]}},{"type":"Feature","properties":{"k":"tree"},"geometry":{"type":"Point","coordinates":[151.196916,-33.877247]}},{"type":"Feature","properties":{"k":"tree"},"geometry":{"type":"Point","coordinates":[151.197082,-33.877305]}},{"type":"Feature","properties":{"k":"tree"},"geometry":{"type":"Point","coordinates":[151.197017,-33.877179]}},{"type":"Feature","properties":{"k":"tree"},"geometry":{"type":"Point","coordinates":[151.197125,-33.877116]}},{"type":"Feature","properties":{"k":"tree"},"geometry":{"type":"Point","coordinates":[151.197079,-33.877037]}},{"type":"Feature","properties":{"k":"tree"},"geometry":{"type":"Point","coordinates":[151.196965,-33.877055]}},{"type":"Feature","properties":{"k":"tree"},"geometry":{"type":"Point","coordinates":[151.197055,-33.876916]}},{"type":"Feature","properties":{"k":"tree"},"geometry":{"type":"Point","coordinates":[151.196437,-33.876886]}},{"type":"Feature","properties":{"k":"tree"},"geometry":{"type":"Point","coordinates":[151.196475,-33.876885]}},{"type":"Feature","properties":{"k":"tree"},"geometry":{"type":"Point","coordinates":[151.196536,-33.876868]}},{"type":"Feature","properties":{"k":"tree"},"geometry":{"type":"Point","coordinates":[151.196649,-33.87681]}},{"type":"Feature","properties":{"k":"tree"},"geometry":{"type":"Point","coordinates":[151.196717,-33.876782]}},{"type":"Feature","properties":{"k":"tree"},"geometry":{"type":"Point","coordinates":[151.196822,-33.876823]}},{"type":"Feature","properties":{"k":"tree"},"geometry":{"type":"Point","coordinates":[151.196791,-33.876764]}},{"type":"Feature","properties":{"k":"tree"},"geometry":{"type":"Point","coordinates":[151.196667,-33.876912]}},{"type":"Feature","properties":{"k":"tree"},"geometry":{"type":"Point","coordinates":[151.196532,-33.876965]}},{"type":"Feature","properties":{"k":"tree"},"geometry":{"type":"Point","coordinates":[151.196808,-33.876775]}},{"type":"Feature","properties":{"k":"tree"},"geometry":{"type":"Point","coordinates":[151.196817,-33.87679]}},{"type":"Feature","properties":{"k":"tree"},"geometry":{"type":"Point","coordinates":[151.197152,-33.876773]}},{"type":"Feature","properties":{"k":"tree"},"geometry":{"type":"Point","coordinates":[151.196712,-33.876545]}},{"type":"Feature","properties":{"k":"tree"},"geometry":{"type":"Point","coordinates":[151.196544,-33.876573]}},{"type":"Feature","properties":{"k":"tree"},"geometry":{"type":"Point","coordinates":[151.19659,-33.876548]}},{"type":"Feature","properties":{"k":"tree"},"geometry":{"type":"Point","coordinates":[151.19615,-33.876531]}},{"type":"Feature","properties":{"k":"tree"},"geometry":{"type":"Point","coordinates":[151.19613,-33.876492]}},{"type":"Feature","properties":{"k":"tree"},"geometry":{"type":"Point","coordinates":[151.196344,-33.876677]}},{"type":"Feature","properties":{"k":"tree"},"geometry":{"type":"Point","coordinates":[151.196442,-33.876647]}},{"type":"Feature","properties":{"k":"tree"},"geometry":{"type":"Point","coordinates":[151.197214,-33.876286]}},{"type":"Feature","properties":{"k":"tree"},"geometry":{"type":"Point","coordinates":[151.19735,-33.87663]}},{"type":"Feature","properties":{"k":"tree"},"geometry":{"type":"Point","coordinates":[151.200937,-33.876359]}},{"type":"Feature","properties":{"k":"tree"},"geometry":{"type":"Point","coordinates":[151.200876,-33.876399]}},{"type":"Feature","properties":{"k":"tree"},"geometry":{"type":"Point","coordinates":[151.200833,-33.876369]}},{"type":"Feature","properties":{"k":"tree"},"geometry":{"type":"Point","coordinates":[151.201354,-33.876209]}},{"type":"Feature","properties":{"k":"tree"},"geometry":{"type":"Point","coordinates":[151.201301,-33.876233]}},{"type":"Feature","properties":{"k":"tree"},"geometry":{"type":"Point","coordinates":[151.201347,-33.876269]}},{"type":"Feature","properties":{"k":"tree"},"geometry":{"type":"Point","coordinates":[151.20133,-33.876297]}},{"type":"Feature","properties":{"k":"tree"},"geometry":{"type":"Point","coordinates":[151.201401,-33.876406]}},{"type":"Feature","properties":{"k":"tree"},"geometry":{"type":"Point","coordinates":[151.201421,-33.87645]}},{"type":"Feature","properties":{"k":"tree"},"geometry":{"type":"Point","coordinates":[151.201395,-33.876492]}},{"type":"Feature","properties":{"k":"tree"},"geometry":{"type":"Point","coordinates":[151.200944,-33.875232]}},{"type":"Feature","properties":{"k":"tree"},"geometry":{"type":"Point","coordinates":[151.200968,-33.875159]}},{"type":"Feature","properties":{"k":"tree"},"geometry":{"type":"Point","coordinates":[151.200924,-33.87518]}},{"type":"Feature","properties":{"k":"tree"},"geometry":{"type":"Point","coordinates":[151.200997,-33.8752]}},{"type":"Feature","properties":{"k":"tree"},"geometry":{"type":"Point","coordinates":[151.201004,-33.875266]}},{"type":"Feature","properties":{"k":"tree"},"geometry":{"type":"Point","coordinates":[151.20096,-33.875099]}},{"type":"Feature","properties":{"k":"tree"},"geometry":{"type":"Point","coordinates":[151.200849,-33.874959]}},{"type":"Feature","properties":{"k":"tree"},"geometry":{"type":"Point","coordinates":[151.200852,-33.874853]}},{"type":"Feature","properties":{"k":"tree"},"geometry":{"type":"Point","coordinates":[151.200825,-33.874911]}},{"type":"Feature","properties":{"k":"tree"},"geometry":{"type":"Point","coordinates":[151.200861,-33.874783]}},{"type":"Feature","properties":{"k":"tree"},"geometry":{"type":"Point","coordinates":[151.200763,-33.874703]}},{"type":"Feature","properties":{"k":"tree"},"geometry":{"type":"Point","coordinates":[151.200738,-33.874658]}},{"type":"Feature","properties":{"k":"tree"},"geometry":{"type":"Point","coordinates":[151.200503,-33.874015]}},{"type":"Feature","properties":{"k":"tree"},"geometry":{"type":"Point","coordinates":[151.200546,-33.873949]}},{"type":"Feature","properties":{"k":"tree"},"geometry":{"type":"Point","coordinates":[151.200537,-33.873915]}},{"type":"Feature","properties":{"k":"tree"},"geometry":{"type":"Point","coordinates":[151.200475,-33.873891]}},{"type":"Feature","properties":{"k":"tree"},"geometry":{"type":"Point","coordinates":[151.19915,-33.87289]}},{"type":"Feature","properties":{"k":"tree"},"geometry":{"type":"Point","coordinates":[151.199094,-33.872895]}},{"type":"Feature","properties":{"k":"tree"},"geometry":{"type":"Point","coordinates":[151.199168,-33.872961]}},{"type":"Feature","properties":{"k":"tree"},"geometry":{"type":"Point","coordinates":[151.199198,-33.872948]}},{"type":"Feature","properties":{"k":"tree"},"geometry":{"type":"Point","coordinates":[151.199263,-33.872916]}},{"type":"Feature","properties":{"k":"tree"},"geometry":{"type":"Point","coordinates":[151.199109,-33.872923]}},{"type":"Feature","properties":{"k":"tree"},"geometry":{"type":"Point","coordinates":[151.201614,-33.875379]}},{"type":"Feature","properties":{"k":"tree"},"geometry":{"type":"Point","coordinates":[151.196078,-33.859207]}},{"type":"Feature","properties":{"k":"tree"},"geometry":{"type":"Point","coordinates":[151.213869,-33.859853]}},{"type":"Feature","properties":{"k":"tree"},"geometry":{"type":"Point","coordinates":[151.213408,-33.860594]}},{"type":"Feature","properties":{"k":"tree"},"geometry":{"type":"Point","coordinates":[151.200555,-33.883061]}},{"type":"Feature","properties":{"k":"tree"},"geometry":{"type":"Point","coordinates":[151.200556,-33.883109]}},{"type":"Feature","properties":{"k":"tree"},"geometry":{"type":"Point","coordinates":[151.200611,-33.883105]}},{"type":"Feature","properties":{"k":"tree"},"geometry":{"type":"Point","coordinates":[151.200613,-33.883054]}},{"type":"Feature","properties":{"k":"tree"},"geometry":{"type":"Point","coordinates":[151.200666,-33.883097]}},{"type":"Feature","properties":{"k":"tree"},"geometry":{"type":"Point","coordinates":[151.200593,-33.883015]}},{"type":"Feature","properties":{"k":"tree"},"geometry":{"type":"Point","coordinates":[151.207226,-33.881812]}},{"type":"Feature","properties":{"k":"tree"},"geometry":{"type":"Point","coordinates":[151.207472,-33.881885]}},{"type":"Feature","properties":{"k":"tree"},"geometry":{"type":"Point","coordinates":[151.206962,-33.881854]}},{"type":"Feature","properties":{"k":"tree"},"geometry":{"type":"Point","coordinates":[151.206753,-33.881752]}},{"type":"Feature","properties":{"k":"tree"},"geometry":{"type":"Point","coordinates":[151.20744,-33.88142]}},{"type":"Feature","properties":{"k":"tree"},"geometry":{"type":"Point","coordinates":[151.207743,-33.881383]}},{"type":"Feature","properties":{"k":"tree"},"geometry":{"type":"Point","coordinates":[151.207749,-33.881535]}},{"type":"Feature","properties":{"k":"tree"},"geometry":{"type":"Point","coordinates":[151.207811,-33.880737]}},{"type":"Feature","properties":{"k":"tree"},"geometry":{"type":"Point","coordinates":[151.207917,-33.88044]}},{"type":"Feature","properties":{"k":"tree"},"geometry":{"type":"Point","coordinates":[151.207449,-33.880388]}},{"type":"Feature","properties":{"k":"tree"},"geometry":{"type":"Point","coordinates":[151.211392,-33.87593]}},{"type":"Feature","properties":{"k":"tree"},"geometry":{"type":"Point","coordinates":[151.211714,-33.875748]}},{"type":"Feature","properties":{"k":"tree"},"geometry":{"type":"Point","coordinates":[151.211888,-33.876193]}},{"type":"Feature","properties":{"k":"tree"},"geometry":{"type":"Point","coordinates":[151.211371,-33.876511]}},{"type":"Feature","properties":{"k":"tree"},"geometry":{"type":"Point","coordinates":[151.211172,-33.876603]}},{"type":"Feature","properties":{"k":"tree"},"geometry":{"type":"Point","coordinates":[151.211811,-33.876625]}},{"type":"Feature","properties":{"k":"tree"},"geometry":{"type":"Point","coordinates":[151.211803,-33.876712]}},{"type":"Feature","properties":{"k":"tree"},"geometry":{"type":"Point","coordinates":[151.211634,-33.876696]}},{"type":"Feature","properties":{"k":"tree"},"geometry":{"type":"Point","coordinates":[151.211561,-33.876405]}},{"type":"Feature","properties":{"k":"tree"},"geometry":{"type":"Point","coordinates":[151.211403,-33.876338]}},{"type":"Feature","properties":{"k":"tree"},"geometry":{"type":"Point","coordinates":[151.21128,-33.876137]}},{"type":"Feature","properties":{"k":"tree"},"geometry":{"type":"Point","coordinates":[151.211728,-33.875541]}},{"type":"Feature","properties":{"k":"tree"},"geometry":{"type":"Point","coordinates":[151.211443,-33.875587]}},{"type":"Feature","properties":{"k":"tree"},"geometry":{"type":"Point","coordinates":[151.21213,-33.875086]}},{"type":"Feature","properties":{"k":"tree"},"geometry":{"type":"Point","coordinates":[151.21198,-33.875178]}},{"type":"Feature","properties":{"k":"tree"},"geometry":{"type":"Point","coordinates":[151.211771,-33.875293]}},{"type":"Feature","properties":{"k":"tree"},"geometry":{"type":"Point","coordinates":[151.21165,-33.87538]}},{"type":"Feature","properties":{"k":"tree"},"geometry":{"type":"Point","coordinates":[151.211347,-33.87536]}},{"type":"Feature","properties":{"k":"tree"},"geometry":{"type":"Point","coordinates":[151.211521,-33.875222]}},{"type":"Feature","properties":{"k":"tree"},"geometry":{"type":"Point","coordinates":[151.211486,-33.875465]}},{"type":"Feature","properties":{"k":"tree"},"geometry":{"type":"Point","coordinates":[151.211663,-33.87508]}},{"type":"Feature","properties":{"k":"tree"},"geometry":{"type":"Point","coordinates":[151.211894,-33.875115]}},{"type":"Feature","properties":{"k":"tree"},"geometry":{"type":"Point","coordinates":[151.211699,-33.875224]}},{"type":"Feature","properties":{"k":"tree"},"geometry":{"type":"Point","coordinates":[151.212086,-33.875005]}},{"type":"Feature","properties":{"k":"tree"},"geometry":{"type":"Point","coordinates":[151.211832,-33.874968]}},{"type":"Feature","properties":{"k":"tree"},"geometry":{"type":"Point","coordinates":[151.211712,-33.874957]}},{"type":"Feature","properties":{"k":"tree"},"geometry":{"type":"Point","coordinates":[151.211591,-33.874968]}},{"type":"Feature","properties":{"k":"tree"},"geometry":{"type":"Point","coordinates":[151.211416,-33.874906]}},{"type":"Feature","properties":{"k":"tree"},"geometry":{"type":"Point","coordinates":[151.212194,-33.874596]}},{"type":"Feature","properties":{"k":"tree"},"geometry":{"type":"Point","coordinates":[151.211709,-33.875921]}},{"type":"Feature","properties":{"k":"tree"},"geometry":{"type":"Point","coordinates":[151.211701,-33.876086]}},{"type":"Feature","properties":{"k":"tree"},"geometry":{"type":"Point","coordinates":[151.21199,-33.876109]}},{"type":"Feature","properties":{"k":"tree"},"geometry":{"type":"Point","coordinates":[151.211896,-33.875837]}},{"type":"Feature","properties":{"k":"tree"},"geometry":{"type":"Point","coordinates":[151.21044,-33.87634]}},{"type":"Feature","properties":{"k":"tree"},"geometry":{"type":"Point","coordinates":[151.210558,-33.876703]}},{"type":"Feature","properties":{"k":"tree"},"geometry":{"type":"Point","coordinates":[151.210293,-33.876683]}},{"type":"Feature","properties":{"k":"tree"},"geometry":{"type":"Point","coordinates":[151.211044,-33.876721]}},{"type":"Feature","properties":{"k":"tree"},"geometry":{"type":"Point","coordinates":[151.211883,-33.874628]}},{"type":"Feature","properties":{"k":"tree"},"geometry":{"type":"Point","coordinates":[151.212012,-33.874788]}},{"type":"Feature","properties":{"k":"tree"},"geometry":{"type":"Point","coordinates":[151.211846,-33.874812]}},{"type":"Feature","properties":{"k":"tree"},"geometry":{"type":"Point","coordinates":[151.212007,-33.874416]}},{"type":"Feature","properties":{"k":"tree"},"geometry":{"type":"Point","coordinates":[151.212007,-33.874532]}},{"type":"Feature","properties":{"k":"tree"},"geometry":{"type":"Point","coordinates":[151.212122,-33.874289]}},{"type":"Feature","properties":{"k":"tree"},"geometry":{"type":"Point","coordinates":[151.210748,-33.874138]}},{"type":"Feature","properties":{"k":"tree"},"geometry":{"type":"Point","coordinates":[151.210698,-33.87457]}},{"type":"Feature","properties":{"k":"tree"},"geometry":{"type":"Point","coordinates":[151.210301,-33.874258]}},{"type":"Feature","properties":{"k":"tree"},"geometry":{"type":"Point","coordinates":[151.210411,-33.874193]}},{"type":"Feature","properties":{"k":"tree"},"geometry":{"type":"Point","coordinates":[151.21015,-33.874418]}},{"type":"Feature","properties":{"k":"tree"},"geometry":{"type":"Point","coordinates":[151.210346,-33.874683]}},{"type":"Feature","properties":{"k":"tree"},"geometry":{"type":"Point","coordinates":[151.211497,-33.874737]}},{"type":"Feature","properties":{"k":"tree"},"geometry":{"type":"Point","coordinates":[151.210229,-33.874055]}},{"type":"Feature","properties":{"k":"tree"},"geometry":{"type":"Point","coordinates":[151.210374,-33.873763]}},{"type":"Feature","properties":{"k":"tree"},"geometry":{"type":"Point","coordinates":[151.210699,-33.873701]}},{"type":"Feature","properties":{"k":"tree"},"geometry":{"type":"Point","coordinates":[151.211133,-33.874226]}},{"type":"Feature","properties":{"k":"tree"},"geometry":{"type":"Point","coordinates":[151.211125,-33.874066]}},{"type":"Feature","properties":{"k":"tree"},"geometry":{"type":"Point","coordinates":[151.211533,-33.874554]}},{"type":"Feature","properties":{"k":"tree"},"geometry":{"type":"Point","coordinates":[151.211283,-33.874703]}},{"type":"Feature","properties":{"k":"tree"},"geometry":{"type":"Point","coordinates":[151.211031,-33.874685]}},{"type":"Feature","properties":{"k":"tree"},"geometry":{"type":"Point","coordinates":[151.211351,-33.874543]}},{"type":"Feature","properties":{"k":"tree"},"geometry":{"type":"Point","coordinates":[151.21087,-33.874694]}},{"type":"Feature","properties":{"k":"tree"},"geometry":{"type":"Point","coordinates":[151.21171,-33.874358]}},{"type":"Feature","properties":{"k":"tree"},"geometry":{"type":"Point","coordinates":[151.211377,-33.874255]}},{"type":"Feature","properties":{"k":"tree"},"geometry":{"type":"Point","coordinates":[151.211573,-33.874202]}},{"type":"Feature","properties":{"k":"tree"},"geometry":{"type":"Point","coordinates":[151.21171,-33.874162]}},{"type":"Feature","properties":{"k":"tree"},"geometry":{"type":"Point","coordinates":[151.211699,-33.873872]}},{"type":"Feature","properties":{"k":"tree"},"geometry":{"type":"Point","coordinates":[151.210827,-33.874928]}},{"type":"Feature","properties":{"k":"tree"},"geometry":{"type":"Point","coordinates":[151.210747,-33.875079]}},{"type":"Feature","properties":{"k":"tree"},"geometry":{"type":"Point","coordinates":[151.210667,-33.874857]}},{"type":"Feature","properties":{"k":"tree"},"geometry":{"type":"Point","coordinates":[151.210656,-33.875233]}},{"type":"Feature","properties":{"k":"tree"},"geometry":{"type":"Point","coordinates":[151.210567,-33.875037]}},{"type":"Feature","properties":{"k":"tree"},"geometry":{"type":"Point","coordinates":[151.210468,-33.874837]}},{"type":"Feature","properties":{"k":"tree"},"geometry":{"type":"Point","coordinates":[151.210412,-33.874986]}},{"type":"Feature","properties":{"k":"tree"},"geometry":{"type":"Point","coordinates":[151.210422,-33.875106]}},{"type":"Feature","properties":{"k":"tree"},"geometry":{"type":"Point","coordinates":[151.210138,-33.876482]}},{"type":"Feature","properties":{"k":"tree"},"geometry":{"type":"Point","coordinates":[151.210581,-33.876342]}},{"type":"Feature","properties":{"k":"tree"},"geometry":{"type":"Point","coordinates":[151.210334,-33.876115]}},{"type":"Feature","properties":{"k":"tree"},"geometry":{"type":"Point","coordinates":[151.210227,-33.876199]}},{"type":"Feature","properties":{"k":"tree"},"geometry":{"type":"Point","coordinates":[151.210101,-33.876246]}},{"type":"Feature","properties":{"k":"tree"},"geometry":{"type":"Point","coordinates":[151.210001,-33.876349]}},{"type":"Feature","properties":{"k":"tree"},"geometry":{"type":"Point","coordinates":[151.210294,-33.875772]}},{"type":"Feature","properties":{"k":"tree"},"geometry":{"type":"Point","coordinates":[151.212002,-33.875053]}},{"type":"Feature","properties":{"k":"tree"},"geometry":{"type":"Point","coordinates":[151.211809,-33.87516]}},{"type":"Feature","properties":{"k":"tree"},"geometry":{"type":"Point","coordinates":[151.212057,-33.87512]}},{"type":"Feature","properties":{"k":"tree"},"geometry":{"type":"Point","coordinates":[151.211552,-33.875783]}},{"type":"Feature","properties":{"k":"tree"},"geometry":{"type":"Point","coordinates":[151.211632,-33.875792]}},{"type":"Feature","properties":{"k":"tree"},"geometry":{"type":"Point","coordinates":[151.211869,-33.875923]}},{"type":"Feature","properties":{"k":"tree"},"geometry":{"type":"Point","coordinates":[151.211514,-33.875924]}},{"type":"Feature","properties":{"k":"tree"},"geometry":{"type":"Point","coordinates":[151.211183,-33.873117]}},{"type":"Feature","properties":{"k":"tree"},"geometry":{"type":"Point","coordinates":[151.211357,-33.872821]}},{"type":"Feature","properties":{"k":"tree"},"geometry":{"type":"Point","coordinates":[151.211402,-33.872643]}},{"type":"Feature","properties":{"k":"tree"},"geometry":{"type":"Point","coordinates":[151.211464,-33.872458]}},{"type":"Feature","properties":{"k":"tree"},"geometry":{"type":"Point","coordinates":[151.211467,-33.872273]}},{"type":"Feature","properties":{"k":"tree"},"geometry":{"type":"Point","coordinates":[151.211515,-33.872068]}},{"type":"Feature","properties":{"k":"tree"},"geometry":{"type":"Point","coordinates":[151.211563,-33.871857]}},{"type":"Feature","properties":{"k":"tree"},"geometry":{"type":"Point","coordinates":[151.211504,-33.871607]}},{"type":"Feature","properties":{"k":"tree"},"geometry":{"type":"Point","coordinates":[151.211502,-33.871418]}},{"type":"Feature","properties":{"k":"tree"},"geometry":{"type":"Point","coordinates":[151.211816,-33.871843]}},{"type":"Feature","properties":{"k":"tree"},"geometry":{"type":"Point","coordinates":[151.211764,-33.872062]}},{"type":"Feature","properties":{"k":"tree"},"geometry":{"type":"Point","coordinates":[151.211891,-33.872237]}},{"type":"Feature","properties":{"k":"tree"},"geometry":{"type":"Point","coordinates":[151.211638,-33.872776]}},{"type":"Feature","properties":{"k":"tree"},"geometry":{"type":"Point","coordinates":[151.210842,-33.872992]}},{"type":"Feature","properties":{"k":"tree"},"geometry":{"type":"Point","coordinates":[151.210598,-33.872518]}},{"type":"Feature","properties":{"k":"tree"},"geometry":{"type":"Point","coordinates":[151.210622,-33.871819]}},{"type":"Feature","properties":{"k":"tree"},"geometry":{"type":"Point","coordinates":[151.210928,-33.871465]}},{"type":"Feature","properties":{"k":"tree"},"geometry":{"type":"Point","coordinates":[151.210603,-33.871275]}},{"type":"Feature","properties":{"k":"tree"},"geometry":{"type":"Point","coordinates":[151.210732,-33.871068]}},{"type":"Feature","properties":{"k":"tree"},"geometry":{"type":"Point","coordinates":[151.210485,-33.871071]}},{"type":"Feature","properties":{"k":"tree"},"geometry":{"type":"Point","coordinates":[151.210303,-33.871705]}},{"type":"Feature","properties":{"k":"tree"},"geometry":{"type":"Point","coordinates":[151.21033,-33.871523]}},{"type":"Feature","properties":{"k":"tree"},"geometry":{"type":"Point","coordinates":[151.210348,-33.8713]}},{"type":"Feature","properties":{"k":"tree"},"geometry":{"type":"Point","coordinates":[151.210281,-33.872173]}},{"type":"Feature","properties":{"k":"tree"},"geometry":{"type":"Point","coordinates":[151.210171,-33.872603]}},{"type":"Feature","properties":{"k":"tree"},"geometry":{"type":"Point","coordinates":[151.210842,-33.873237]}},{"type":"Feature","properties":{"k":"tree"},"geometry":{"type":"Point","coordinates":[151.210973,-33.872529]}},{"type":"Feature","properties":{"k":"tree"},"geometry":{"type":"Point","coordinates":[151.211338,-33.871253]}},{"type":"Feature","properties":{"k":"tree"},"geometry":{"type":"Point","coordinates":[151.211231,-33.871088]}},{"type":"Feature","properties":{"k":"tree"},"geometry":{"type":"Point","coordinates":[151.211244,-33.870821]}},{"type":"Feature","properties":{"k":"tree"},"geometry":{"type":"Point","coordinates":[151.211394,-33.870623]}},{"type":"Feature","properties":{"k":"tree"},"geometry":{"type":"Point","coordinates":[151.211038,-33.870393]}},{"type":"Feature","properties":{"k":"tree"},"geometry":{"type":"Point","coordinates":[151.211075,-33.870768]}},{"type":"Feature","properties":{"k":"tree"},"geometry":{"type":"Point","coordinates":[151.211681,-33.870476]}},{"type":"Feature","properties":{"k":"tree"},"geometry":{"type":"Point","coordinates":[151.21166,-33.870289]}},{"type":"Feature","properties":{"k":"tree"},"geometry":{"type":"Point","coordinates":[151.211638,-33.870102]}},{"type":"Feature","properties":{"k":"tree"},"geometry":{"type":"Point","coordinates":[151.212274,-33.870396]}},{"type":"Feature","properties":{"k":"tree"},"geometry":{"type":"Point","coordinates":[151.212036,-33.870554]}},{"type":"Feature","properties":{"k":"tree"},"geometry":{"type":"Point","coordinates":[151.212086,-33.870325]}},{"type":"Feature","properties":{"k":"tree"},"geometry":{"type":"Point","coordinates":[151.212119,-33.870198]}},{"type":"Feature","properties":{"k":"tree"},"geometry":{"type":"Point","coordinates":[151.211118,-33.872861]}},{"type":"Feature","properties":{"k":"tree"},"geometry":{"type":"Point","coordinates":[151.2107,-33.872912]}},{"type":"Feature","properties":{"k":"tree"},"geometry":{"type":"Point","coordinates":[151.21048,-33.873206]}},{"type":"Feature","properties":{"k":"tree"},"geometry":{"type":"Point","coordinates":[151.210609,-33.873182]}},{"type":"Feature","properties":{"k":"tree"},"geometry":{"type":"Point","coordinates":[151.21041,-33.872685]}},{"type":"Feature","properties":{"k":"tree"},"geometry":{"type":"Point","coordinates":[151.210536,-33.872284]}},{"type":"Feature","properties":{"k":"tree"},"geometry":{"type":"Point","coordinates":[151.211614,-33.873743]}},{"type":"Feature","properties":{"k":"tree"},"geometry":{"type":"Point","coordinates":[151.206862,-33.856023]}},{"type":"Feature","properties":{"k":"tree"},"geometry":{"type":"Point","coordinates":[151.206725,-33.856142]}},{"type":"Feature","properties":{"k":"tree"},"geometry":{"type":"Point","coordinates":[151.206849,-33.856173]}},{"type":"Feature","properties":{"k":"tree"},"geometry":{"type":"Point","coordinates":[151.206796,-33.856213]}},{"type":"Feature","properties":{"k":"tree"},"geometry":{"type":"Point","coordinates":[151.206724,-33.856268]}},{"type":"Feature","properties":{"k":"tree"},"geometry":{"type":"Point","coordinates":[151.206675,-33.856303]}},{"type":"Feature","properties":{"k":"tree"},"geometry":{"type":"Point","coordinates":[151.206659,-33.856202]}},{"type":"Feature","properties":{"k":"tree"},"geometry":{"type":"Point","coordinates":[151.206662,-33.856046]}},{"type":"Feature","properties":{"k":"tree"},"geometry":{"type":"Point","coordinates":[151.206602,-33.85634]}},{"type":"Feature","properties":{"k":"tree"},"geometry":{"type":"Point","coordinates":[151.206528,-33.856151]}},{"type":"Feature","properties":{"k":"tree"},"geometry":{"type":"Point","coordinates":[151.206384,-33.856247]}},{"type":"Feature","properties":{"k":"tree"},"geometry":{"type":"Point","coordinates":[151.206494,-33.856318]}},{"type":"Feature","properties":{"k":"tree"},"geometry":{"type":"Point","coordinates":[151.206335,-33.856424]}},{"type":"Feature","properties":{"k":"tree"},"geometry":{"type":"Point","coordinates":[151.20626,-33.856355]}},{"type":"Feature","properties":{"k":"tree"},"geometry":{"type":"Point","coordinates":[151.205928,-33.856593]}},{"type":"Feature","properties":{"k":"tree"},"geometry":{"type":"Point","coordinates":[151.205849,-33.856658]}},{"type":"Feature","properties":{"k":"tree"},"geometry":{"type":"Point","coordinates":[151.205212,-33.857051]}},{"type":"Feature","properties":{"k":"tree"},"geometry":{"type":"Point","coordinates":[151.205088,-33.857076]}},{"type":"Feature","properties":{"k":"tree"},"geometry":{"type":"Point","coordinates":[151.205126,-33.85698]}},{"type":"Feature","properties":{"k":"tree"},"geometry":{"type":"Point","coordinates":[151.204946,-33.857011]}},{"type":"Feature","properties":{"k":"tree"},"geometry":{"type":"Point","coordinates":[151.204823,-33.857013]}},{"type":"Feature","properties":{"k":"tree"},"geometry":{"type":"Point","coordinates":[151.2046,-33.857107]}},{"type":"Feature","properties":{"k":"tree"},"geometry":{"type":"Point","coordinates":[151.20446,-33.85713]}},{"type":"Feature","properties":{"k":"tree"},"geometry":{"type":"Point","coordinates":[151.204313,-33.857039]}},{"type":"Feature","properties":{"k":"tree"},"geometry":{"type":"Point","coordinates":[151.204323,-33.857122]}},{"type":"Feature","properties":{"k":"tree"},"geometry":{"type":"Point","coordinates":[151.203847,-33.857116]}},{"type":"Feature","properties":{"k":"tree"},"geometry":{"type":"Point","coordinates":[151.203841,-33.85702]}},{"type":"Feature","properties":{"k":"tree"},"geometry":{"type":"Point","coordinates":[151.203732,-33.856945]}},{"type":"Feature","properties":{"k":"tree"},"geometry":{"type":"Point","coordinates":[151.203562,-33.856842]}},{"type":"Feature","properties":{"k":"tree"},"geometry":{"type":"Point","coordinates":[151.203335,-33.857126]}},{"type":"Feature","properties":{"k":"tree"},"geometry":{"type":"Point","coordinates":[151.203462,-33.8572]}},{"type":"Feature","properties":{"k":"tree"},"geometry":{"type":"Point","coordinates":[151.203355,-33.857263]}},{"type":"Feature","properties":{"k":"tree"},"geometry":{"type":"Point","coordinates":[151.203217,-33.857357]}},{"type":"Feature","properties":{"k":"tree"},"geometry":{"type":"Point","coordinates":[151.203109,-33.857452]}},{"type":"Feature","properties":{"k":"tree"},"geometry":{"type":"Point","coordinates":[151.203227,-33.857192]}},{"type":"Feature","properties":{"k":"tree"},"geometry":{"type":"Point","coordinates":[151.20327,-33.856636]}},{"type":"Feature","properties":{"k":"tree"},"geometry":{"type":"Point","coordinates":[151.203171,-33.856587]}},{"type":"Feature","properties":{"k":"tree"},"geometry":{"type":"Point","coordinates":[151.203073,-33.856542]}},{"type":"Feature","properties":{"k":"tree"},"geometry":{"type":"Point","coordinates":[151.202982,-33.856499]}},{"type":"Feature","properties":{"k":"tree"},"geometry":{"type":"Point","coordinates":[151.202898,-33.856455]}},{"type":"Feature","properties":{"k":"tree"},"geometry":{"type":"Point","coordinates":[151.202778,-33.856416]}},{"type":"Feature","properties":{"k":"tree"},"geometry":{"type":"Point","coordinates":[151.202488,-33.856698]}},{"type":"Feature","properties":{"k":"tree"},"geometry":{"type":"Point","coordinates":[151.201784,-33.855742]}},{"type":"Feature","properties":{"k":"tree"},"geometry":{"type":"Point","coordinates":[151.209763,-33.859413]}},{"type":"Feature","properties":{"k":"tree"},"geometry":{"type":"Point","coordinates":[151.201747,-33.876518]}},{"type":"Feature","properties":{"k":"tree"},"geometry":{"type":"Point","coordinates":[151.20181,-33.876522]}},{"type":"Feature","properties":{"k":"tree"},"geometry":{"type":"Point","coordinates":[151.199631,-33.87658]}},{"type":"Feature","properties":{"k":"tree"},"geometry":{"type":"Point","coordinates":[151.199677,-33.876585]}},{"type":"Feature","properties":{"k":"tree"},"geometry":{"type":"Point","coordinates":[151.199697,-33.876578]}},{"type":"Feature","properties":{"k":"tree"},"geometry":{"type":"Point","coordinates":[151.199816,-33.876548]}},{"type":"Feature","properties":{"k":"tree"},"geometry":{"type":"Point","coordinates":[151.199829,-33.876563]}},{"type":"Feature","properties":{"k":"tree"},"geometry":{"type":"Point","coordinates":[151.199849,-33.87654]}},{"type":"Feature","properties":{"k":"tree"},"geometry":{"type":"Point","coordinates":[151.199881,-33.87656]}},{"type":"Feature","properties":{"k":"tree"},"geometry":{"type":"Point","coordinates":[151.199905,-33.876572]}},{"type":"Feature","properties":{"k":"tree"},"geometry":{"type":"Point","coordinates":[151.199891,-33.876539]}},{"type":"Feature","properties":{"k":"tree"},"geometry":{"type":"Point","coordinates":[151.199923,-33.876522]}},{"type":"Feature","properties":{"k":"tree"},"geometry":{"type":"Point","coordinates":[151.199934,-33.876612]}},{"type":"Feature","properties":{"k":"tree"},"geometry":{"type":"Point","coordinates":[151.19997,-33.876611]}},{"type":"Feature","properties":{"k":"tree"},"geometry":{"type":"Point","coordinates":[151.199998,-33.876588]}},{"type":"Feature","properties":{"k":"tree"},"geometry":{"type":"Point","coordinates":[151.19999,-33.876527]}},{"type":"Feature","properties":{"k":"tree"},"geometry":{"type":"Point","coordinates":[151.199851,-33.876624]}},{"type":"Feature","properties":{"k":"tree"},"geometry":{"type":"Point","coordinates":[151.19982,-33.876626]}},{"type":"Feature","properties":{"k":"tree"},"geometry":{"type":"Point","coordinates":[151.200088,-33.876511]}},{"type":"Feature","properties":{"k":"tree"},"geometry":{"type":"Point","coordinates":[151.200126,-33.876566]}},{"type":"Feature","properties":{"k":"tree"},"geometry":{"type":"Point","coordinates":[151.200116,-33.876601]}},{"type":"Feature","properties":{"k":"tree"},"geometry":{"type":"Point","coordinates":[151.200215,-33.876539]}},{"type":"Feature","properties":{"k":"tree"},"geometry":{"type":"Point","coordinates":[151.20025,-33.876488]}},{"type":"Feature","properties":{"k":"tree"},"geometry":{"type":"Point","coordinates":[151.2002,-33.876483]}},{"type":"Feature","properties":{"k":"tree"},"geometry":{"type":"Point","coordinates":[151.200159,-33.876481]}},{"type":"Feature","properties":{"k":"tree"},"geometry":{"type":"Point","coordinates":[151.200292,-33.876478]}},{"type":"Feature","properties":{"k":"tree"},"geometry":{"type":"Point","coordinates":[151.20028,-33.876506]}},{"type":"Feature","properties":{"k":"tree"},"geometry":{"type":"Point","coordinates":[151.200348,-33.876513]}},{"type":"Feature","properties":{"k":"tree"},"geometry":{"type":"Point","coordinates":[151.200379,-33.876447]}},{"type":"Feature","properties":{"k":"tree"},"geometry":{"type":"Point","coordinates":[151.20044,-33.876491]}},{"type":"Feature","properties":{"k":"tree"},"geometry":{"type":"Point","coordinates":[151.200473,-33.876462]}},{"type":"Feature","properties":{"k":"tree"},"geometry":{"type":"Point","coordinates":[151.200486,-33.87645]}},{"type":"Feature","properties":{"k":"tree"},"geometry":{"type":"Point","coordinates":[151.200491,-33.876447]}},{"type":"Feature","properties":{"k":"tree"},"geometry":{"type":"Point","coordinates":[151.200503,-33.87643]}},{"type":"Feature","properties":{"k":"tree"},"geometry":{"type":"Point","coordinates":[151.200585,-33.876457]}},{"type":"Feature","properties":{"k":"tree"},"geometry":{"type":"Point","coordinates":[151.20062,-33.876443]}},{"type":"Feature","properties":{"k":"tree"},"geometry":{"type":"Point","coordinates":[151.200653,-33.876415]}},{"type":"Feature","properties":{"k":"tree"},"geometry":{"type":"Point","coordinates":[151.216475,-33.863615]}},{"type":"Feature","properties":{"k":"tree"},"geometry":{"type":"Point","coordinates":[151.216335,-33.863462]}},{"type":"Feature","properties":{"k":"tree"},"geometry":{"type":"Point","coordinates":[151.216453,-33.863535]}},{"type":"Feature","properties":{"k":"tree"},"geometry":{"type":"Point","coordinates":[151.216553,-33.863571]}},{"type":"Feature","properties":{"k":"tree"},"geometry":{"type":"Point","coordinates":[151.216564,-33.863676]}},{"type":"Feature","properties":{"k":"tree"},"geometry":{"type":"Point","coordinates":[151.216716,-33.863651]}},{"type":"Feature","properties":{"k":"tree"},"geometry":{"type":"Point","coordinates":[151.216201,-33.863542]}},{"type":"Feature","properties":{"k":"tree"},"geometry":{"type":"Point","coordinates":[151.218143,-33.863563]}},{"type":"Feature","properties":{"k":"tree"},"geometry":{"type":"Point","coordinates":[151.217104,-33.863635]}},{"type":"Feature","properties":{"k":"tree"},"geometry":{"type":"Point","coordinates":[151.217141,-33.863423]}},{"type":"Feature","properties":{"k":"tree"},"geometry":{"type":"Point","coordinates":[151.216643,-33.862325]}},{"type":"Feature","properties":{"k":"tree"},"geometry":{"type":"Point","coordinates":[151.215933,-33.862462]}},{"type":"Feature","properties":{"k":"tree"},"geometry":{"type":"Point","coordinates":[151.215291,-33.862693]}},{"type":"Feature","properties":{"k":"tree"},"geometry":{"type":"Point","coordinates":[151.21546,-33.862591]}},{"type":"Feature","properties":{"k":"tree"},"geometry":{"type":"Point","coordinates":[151.215284,-33.862415]}},{"type":"Feature","properties":{"k":"tree"},"geometry":{"type":"Point","coordinates":[151.21565,-33.862287]}},{"type":"Feature","properties":{"k":"tree"},"geometry":{"type":"Point","coordinates":[151.215484,-33.862348]}},{"type":"Feature","properties":{"k":"tree"},"geometry":{"type":"Point","coordinates":[151.215848,-33.86217]}},{"type":"Feature","properties":{"k":"tree"},"geometry":{"type":"Point","coordinates":[151.215484,-33.861997]}},{"type":"Feature","properties":{"k":"tree"},"geometry":{"type":"Point","coordinates":[151.21473,-33.862228]}},{"type":"Feature","properties":{"k":"tree"},"geometry":{"type":"Point","coordinates":[151.21515,-33.861829]}},{"type":"Feature","properties":{"k":"tree"},"geometry":{"type":"Point","coordinates":[151.215798,-33.861105]}},{"type":"Feature","properties":{"k":"tree"},"geometry":{"type":"Point","coordinates":[151.21578,-33.860965]}},{"type":"Feature","properties":{"k":"tree"},"geometry":{"type":"Point","coordinates":[151.215819,-33.86092]}},{"type":"Feature","properties":{"k":"tree"},"geometry":{"type":"Point","coordinates":[151.216197,-33.860718]}},{"type":"Feature","properties":{"k":"tree"},"geometry":{"type":"Point","coordinates":[151.216411,-33.860567]}},{"type":"Feature","properties":{"k":"tree"},"geometry":{"type":"Point","coordinates":[151.216593,-33.860526]}},{"type":"Feature","properties":{"k":"tree"},"geometry":{"type":"Point","coordinates":[151.216248,-33.860549]}},{"type":"Feature","properties":{"k":"tree"},"geometry":{"type":"Point","coordinates":[151.216679,-33.860125]}},{"type":"Feature","properties":{"k":"tree"},"geometry":{"type":"Point","coordinates":[151.216564,-33.860049]}},{"type":"Feature","properties":{"k":"tree"},"geometry":{"type":"Point","coordinates":[151.20711,-33.885324]}},{"type":"Feature","properties":{"k":"tree"},"geometry":{"type":"Point","coordinates":[151.207125,-33.885278]}},{"type":"Feature","properties":{"k":"tree"},"geometry":{"type":"Point","coordinates":[151.20714,-33.885225]}},{"type":"Feature","properties":{"k":"tree"},"geometry":{"type":"Point","coordinates":[151.207316,-33.884889]}},{"type":"Feature","properties":{"k":"tree"},"geometry":{"type":"Point","coordinates":[151.207246,-33.88498]}},{"type":"Feature","properties":{"k":"tree"},"geometry":{"type":"Point","coordinates":[151.207173,-33.885135]}},{"type":"Feature","properties":{"k":"tree"},"geometry":{"type":"Point","coordinates":[151.202068,-33.87908]}},{"type":"Feature","properties":{"k":"tree"},"geometry":{"type":"Point","coordinates":[151.202011,-33.879072]}},{"type":"Feature","properties":{"k":"tree"},"geometry":{"type":"Point","coordinates":[151.201944,-33.879065]}},{"type":"Feature","properties":{"k":"tree"},"geometry":{"type":"Point","coordinates":[151.201896,-33.879058]}},{"type":"Feature","properties":{"k":"tree"},"geometry":{"type":"Point","coordinates":[151.201854,-33.879051]}},{"type":"Feature","properties":{"k":"tree"},"geometry":{"type":"Point","coordinates":[151.201796,-33.879044]}},{"type":"Feature","properties":{"k":"tree"},"geometry":{"type":"Point","coordinates":[151.201735,-33.879037]}},{"type":"Feature","properties":{"k":"tree"},"geometry":{"type":"Point","coordinates":[151.201684,-33.879029]}},{"type":"Feature","properties":{"k":"tree"},"geometry":{"type":"Point","coordinates":[151.202063,-33.879144]}},{"type":"Feature","properties":{"k":"tree"},"geometry":{"type":"Point","coordinates":[151.20202,-33.879137]}},{"type":"Feature","properties":{"k":"tree"},"geometry":{"type":"Point","coordinates":[151.201972,-33.879132]}},{"type":"Feature","properties":{"k":"tree"},"geometry":{"type":"Point","coordinates":[151.201902,-33.879124]}},{"type":"Feature","properties":{"k":"tree"},"geometry":{"type":"Point","coordinates":[151.201856,-33.879119]}},{"type":"Feature","properties":{"k":"tree"},"geometry":{"type":"Point","coordinates":[151.201808,-33.879115]}},{"type":"Feature","properties":{"k":"tree"},"geometry":{"type":"Point","coordinates":[151.201695,-33.879099]}},{"type":"Feature","properties":{"k":"tree"},"geometry":{"type":"Point","coordinates":[151.201641,-33.879093]}},{"type":"Feature","properties":{"k":"tree"},"geometry":{"type":"Point","coordinates":[151.201595,-33.879088]}},{"type":"Feature","properties":{"k":"tree"},"geometry":{"type":"Point","coordinates":[151.201528,-33.879081]}},{"type":"Feature","properties":{"k":"tree"},"geometry":{"type":"Point","coordinates":[151.201494,-33.879076]}},{"type":"Feature","properties":{"k":"tree"},"geometry":{"type":"Point","coordinates":[151.218473,-33.8871]}},{"type":"Feature","properties":{"k":"tree"},"geometry":{"type":"Point","coordinates":[151.218721,-33.887039]}},{"type":"Feature","properties":{"k":"tree"},"geometry":{"type":"Point","coordinates":[151.218446,-33.88735]}},{"type":"Feature","properties":{"k":"tree"},"geometry":{"type":"Point","coordinates":[151.218465,-33.887512]}},{"type":"Feature","properties":{"k":"tree"},"geometry":{"type":"Point","coordinates":[151.218806,-33.88754]}},{"type":"Feature","properties":{"k":"tree"},"geometry":{"type":"Point","coordinates":[151.218915,-33.88754]}},{"type":"Feature","properties":{"k":"tree"},"geometry":{"type":"Point","coordinates":[151.218847,-33.887327]}},{"type":"Feature","properties":{"k":"tree"},"geometry":{"type":"Point","coordinates":[151.218639,-33.887282]}},{"type":"Feature","properties":{"k":"tree"},"geometry":{"type":"Point","coordinates":[151.218772,-33.887323]}},{"type":"Feature","properties":{"k":"tree"},"geometry":{"type":"Point","coordinates":[151.218433,-33.887741]}},{"type":"Feature","properties":{"k":"tree"},"geometry":{"type":"Point","coordinates":[151.218899,-33.887716]}},{"type":"Feature","properties":{"k":"tree"},"geometry":{"type":"Point","coordinates":[151.218288,-33.887657]}},{"type":"Feature","properties":{"k":"tree"},"geometry":{"type":"Point","coordinates":[151.218265,-33.887741]}},{"type":"Feature","properties":{"k":"tree"},"geometry":{"type":"Point","coordinates":[151.218158,-33.887686]}},{"type":"Feature","properties":{"k":"tree"},"geometry":{"type":"Point","coordinates":[151.218165,-33.887553]}},{"type":"Feature","properties":{"k":"tree"},"geometry":{"type":"Point","coordinates":[151.218188,-33.887451]}},{"type":"Feature","properties":{"k":"tree"},"geometry":{"type":"Point","coordinates":[151.218288,-33.887436]}},{"type":"Feature","properties":{"k":"tree"},"geometry":{"type":"Point","coordinates":[151.218201,-33.887324]}},{"type":"Feature","properties":{"k":"tree"},"geometry":{"type":"Point","coordinates":[151.218273,-33.88726]}},{"type":"Feature","properties":{"k":"tree"},"geometry":{"type":"Point","coordinates":[151.2182,-33.887897]}},{"type":"Feature","properties":{"k":"tree"},"geometry":{"type":"Point","coordinates":[151.218074,-33.888112]}},{"type":"Feature","properties":{"k":"tree"},"geometry":{"type":"Point","coordinates":[151.218187,-33.888161]}},{"type":"Feature","properties":{"k":"tree"},"geometry":{"type":"Point","coordinates":[151.219077,-33.887879]}},{"type":"Feature","properties":{"k":"tree"},"geometry":{"type":"Point","coordinates":[151.219195,-33.888135]}},{"type":"Feature","properties":{"k":"tree"},"geometry":{"type":"Point","coordinates":[151.20053,-33.862546]}},{"type":"Feature","properties":{"k":"tree"},"geometry":{"type":"Point","coordinates":[151.211064,-33.883272]}},{"type":"Feature","properties":{"k":"tree"},"geometry":{"type":"Point","coordinates":[151.210977,-33.883246]}},{"type":"Feature","properties":{"k":"tree"},"geometry":{"type":"Point","coordinates":[151.210883,-33.883403]}},{"type":"Feature","properties":{"k":"tree"},"geometry":{"type":"Point","coordinates":[151.210966,-33.883438]}},{"type":"Feature","properties":{"k":"tree"},"geometry":{"type":"Point","coordinates":[151.210788,-33.883521]}},{"type":"Feature","properties":{"k":"tree"},"geometry":{"type":"Point","coordinates":[151.210874,-33.88356]}},{"type":"Feature","properties":{"k":"tree"},"geometry":{"type":"Point","coordinates":[151.210729,-33.883614]}},{"type":"Feature","properties":{"k":"tree"},"geometry":{"type":"Point","coordinates":[151.210645,-33.883734]}},{"type":"Feature","properties":{"k":"tree"},"geometry":{"type":"Point","coordinates":[151.210586,-33.883825]}},{"type":"Feature","properties":{"k":"tree"},"geometry":{"type":"Point","coordinates":[151.210675,-33.883871]}},{"type":"Feature","properties":{"k":"tree"},"geometry":{"type":"Point","coordinates":[151.210734,-33.883781]}},{"type":"Feature","properties":{"k":"tree"},"geometry":{"type":"Point","coordinates":[151.205181,-33.887921]}},{"type":"Feature","properties":{"k":"tree"},"geometry":{"type":"Point","coordinates":[151.20512,-33.888016]}},{"type":"Feature","properties":{"k":"tree"},"geometry":{"type":"Point","coordinates":[151.205035,-33.888125]}},{"type":"Feature","properties":{"k":"tree"},"geometry":{"type":"Point","coordinates":[151.20526,-33.888056]}},{"type":"Feature","properties":{"k":"tree"},"geometry":{"type":"Point","coordinates":[151.205157,-33.888132]}},{"type":"Feature","properties":{"k":"tree"},"geometry":{"type":"Point","coordinates":[151.205253,-33.88775]}},{"type":"Feature","properties":{"k":"tree"},"geometry":{"type":"Point","coordinates":[151.205467,-33.887979]}},{"type":"Feature","properties":{"k":"tree"},"geometry":{"type":"Point","coordinates":[151.205033,-33.887514]}},{"type":"Feature","properties":{"k":"tree"},"geometry":{"type":"Point","coordinates":[151.20492,-33.887636]}},{"type":"Feature","properties":{"k":"tree"},"geometry":{"type":"Point","coordinates":[151.205035,-33.887645]}},{"type":"Feature","properties":{"k":"tree"},"geometry":{"type":"Point","coordinates":[151.205027,-33.887755]}},{"type":"Feature","properties":{"k":"tree"},"geometry":{"type":"Point","coordinates":[151.204671,-33.887746]}},{"type":"Feature","properties":{"k":"tree"},"geometry":{"type":"Point","coordinates":[151.204386,-33.88794]}},{"type":"Feature","properties":{"k":"tree"},"geometry":{"type":"Point","coordinates":[151.203984,-33.88826]}},{"type":"Feature","properties":{"k":"tree"},"geometry":{"type":"Point","coordinates":[151.203806,-33.888437]}},{"type":"Feature","properties":{"k":"tree"},"geometry":{"type":"Point","coordinates":[151.203751,-33.88852]}},{"type":"Feature","properties":{"k":"tree"},"geometry":{"type":"Point","coordinates":[151.203546,-33.888688]}},{"type":"Feature","properties":{"k":"tree"},"geometry":{"type":"Point","coordinates":[151.203474,-33.888941]}},{"type":"Feature","properties":{"k":"tree"},"geometry":{"type":"Point","coordinates":[151.204422,-33.888985]}},{"type":"Feature","properties":{"k":"tree"},"geometry":{"type":"Point","coordinates":[151.204617,-33.88759]}},{"type":"Feature","properties":{"k":"tree"},"geometry":{"type":"Point","coordinates":[151.205296,-33.887566]}},{"type":"Feature","properties":{"k":"tree"},"geometry":{"type":"Point","coordinates":[151.205438,-33.887157]}},{"type":"Feature","properties":{"k":"tree"},"geometry":{"type":"Point","coordinates":[151.205531,-33.887226]}},{"type":"Feature","properties":{"k":"tree"},"geometry":{"type":"Point","coordinates":[151.205388,-33.887]}},{"type":"Feature","properties":{"k":"tree"},"geometry":{"type":"Point","coordinates":[151.205581,-33.886961]}},{"type":"Feature","properties":{"k":"tree"},"geometry":{"type":"Point","coordinates":[151.205852,-33.886976]}},{"type":"Feature","properties":{"k":"tree"},"geometry":{"type":"Point","coordinates":[151.206143,-33.886845]}},{"type":"Feature","properties":{"k":"tree"},"geometry":{"type":"Point","coordinates":[151.206536,-33.886919]}},{"type":"Feature","properties":{"k":"tree"},"geometry":{"type":"Point","coordinates":[151.206511,-33.887025]}},{"type":"Feature","properties":{"k":"tree"},"geometry":{"type":"Point","coordinates":[151.206476,-33.887138]}},{"type":"Feature","properties":{"k":"tree"},"geometry":{"type":"Point","coordinates":[151.206462,-33.88723]}},{"type":"Feature","properties":{"k":"tree"},"geometry":{"type":"Point","coordinates":[151.206299,-33.887727]}},{"type":"Feature","properties":{"k":"tree"},"geometry":{"type":"Point","coordinates":[151.206229,-33.887836]}},{"type":"Feature","properties":{"k":"tree"},"geometry":{"type":"Point","coordinates":[151.206171,-33.887988]}},{"type":"Feature","properties":{"k":"tree"},"geometry":{"type":"Point","coordinates":[151.205785,-33.888079]}},{"type":"Feature","properties":{"k":"tree"},"geometry":{"type":"Point","coordinates":[151.205804,-33.887766]}},{"type":"Feature","properties":{"k":"tree"},"geometry":{"type":"Point","coordinates":[151.204379,-33.887741]}},{"type":"Feature","properties":{"k":"tree"},"geometry":{"type":"Point","coordinates":[151.205688,-33.886742]}},{"type":"Feature","properties":{"k":"tree"},"geometry":{"type":"Point","coordinates":[151.205634,-33.886862]}},{"type":"Feature","properties":{"k":"tree"},"geometry":{"type":"Point","coordinates":[151.205707,-33.886798]}},{"type":"Feature","properties":{"k":"tree"},"geometry":{"type":"Point","coordinates":[151.205992,-33.886635]}},{"type":"Feature","properties":{"k":"tree"},"geometry":{"type":"Point","coordinates":[151.206104,-33.886649]}},{"type":"Feature","properties":{"k":"tree"},"geometry":{"type":"Point","coordinates":[151.205838,-33.886677]}},{"type":"Feature","properties":{"k":"tree"},"geometry":{"type":"Point","coordinates":[151.205891,-33.886784]}},{"type":"Feature","properties":{"k":"tree"},"geometry":{"type":"Point","coordinates":[151.205836,-33.886871]}},{"type":"Feature","properties":{"k":"tree"},"geometry":{"type":"Point","coordinates":[151.205879,-33.88684]}},{"type":"Feature","properties":{"k":"tree"},"geometry":{"type":"Point","coordinates":[151.206315,-33.886747]}},{"type":"Feature","properties":{"k":"tree"},"geometry":{"type":"Point","coordinates":[151.206313,-33.886655]}},{"type":"Feature","properties":{"k":"tree"},"geometry":{"type":"Point","coordinates":[151.206135,-33.886417]}},{"type":"Feature","properties":{"k":"tree"},"geometry":{"type":"Point","coordinates":[151.206176,-33.886564]}},{"type":"Feature","properties":{"k":"tree"},"geometry":{"type":"Point","coordinates":[151.206064,-33.886501]}},{"type":"Feature","properties":{"k":"tree"},"geometry":{"type":"Point","coordinates":[151.20593,-33.886569]}},{"type":"Feature","properties":{"k":"tree"},"geometry":{"type":"Point","coordinates":[151.205909,-33.88658]}},{"type":"Feature","properties":{"k":"tree"},"geometry":{"type":"Point","coordinates":[151.206363,-33.886341]}},{"type":"Feature","properties":{"k":"tree"},"geometry":{"type":"Point","coordinates":[151.20598,-33.886706]}},{"type":"Feature","properties":{"k":"tree"},"geometry":{"type":"Point","coordinates":[151.205979,-33.886747]}},{"type":"Feature","properties":{"k":"tree"},"geometry":{"type":"Point","coordinates":[151.21039,-33.877497]}},{"type":"Feature","properties":{"k":"tree"},"geometry":{"type":"Point","coordinates":[151.208661,-33.882644]}},{"type":"Feature","properties":{"k":"tree"},"geometry":{"type":"Point","coordinates":[151.208704,-33.882375]}},{"type":"Feature","properties":{"k":"tree"},"geometry":{"type":"Point","coordinates":[151.208728,-33.882236]}},{"type":"Feature","properties":{"k":"tree"},"geometry":{"type":"Point","coordinates":[151.208644,-33.883061]}},{"type":"Feature","properties":{"k":"tree"},"geometry":{"type":"Point","coordinates":[151.208726,-33.882913]}},{"type":"Feature","properties":{"k":"tree"},"geometry":{"type":"Point","coordinates":[151.208807,-33.882825]}},{"type":"Feature","properties":{"k":"tree"},"geometry":{"type":"Point","coordinates":[151.208886,-33.882682]}},{"type":"Feature","properties":{"k":"tree"},"geometry":{"type":"Point","coordinates":[151.208599,-33.883146]}},{"type":"Feature","properties":{"k":"tree"},"geometry":{"type":"Point","coordinates":[151.210509,-33.855522]}},{"type":"Feature","properties":{"k":"tree"},"geometry":{"type":"Point","coordinates":[151.210478,-33.855434]}},{"type":"Feature","properties":{"k":"tree"},"geometry":{"type":"Point","coordinates":[151.21042,-33.855349]}},{"type":"Feature","properties":{"k":"tree"},"geometry":{"type":"Point","coordinates":[151.210357,-33.855259]}},{"type":"Feature","properties":{"k":"tree"},"geometry":{"type":"Point","coordinates":[151.198768,-33.885853]}},{"type":"Feature","properties":{"k":"tree"},"geometry":{"type":"Point","coordinates":[151.202873,-33.886517]}},{"type":"Feature","properties":{"k":"tree"},"geometry":{"type":"Point","coordinates":[151.216415,-33.862109]}},{"type":"Feature","properties":{"k":"tree"},"geometry":{"type":"Point","coordinates":[151.21854,-33.863841]}},{"type":"Feature","properties":{"k":"tree"},"geometry":{"type":"Point","coordinates":[151.215117,-33.862029]}},{"type":"Feature","properties":{"k":"tree"},"geometry":{"type":"Point","coordinates":[151.215103,-33.862164]}},{"type":"Feature","properties":{"k":"tree"},"geometry":{"type":"Point","coordinates":[151.214934,-33.862622]}},{"type":"Feature","properties":{"k":"tree"},"geometry":{"type":"Point","coordinates":[151.215015,-33.862479]}},{"type":"Feature","properties":{"k":"tree"},"geometry":{"type":"Point","coordinates":[151.200978,-33.863062]}},{"type":"Feature","properties":{"k":"tree"},"geometry":{"type":"Point","coordinates":[151.201012,-33.863026]}},{"type":"Feature","properties":{"k":"tree"},"geometry":{"type":"Point","coordinates":[151.201067,-33.863063]}},{"type":"Feature","properties":{"k":"tree"},"geometry":{"type":"Point","coordinates":[151.201027,-33.863096]}},{"type":"Feature","properties":{"k":"tree"},"geometry":{"type":"Point","coordinates":[151.201113,-33.863108]}},{"type":"Feature","properties":{"k":"tree"},"geometry":{"type":"Point","coordinates":[151.201072,-33.863137]}},{"type":"Feature","properties":{"k":"tree"},"geometry":{"type":"Point","coordinates":[151.201156,-33.86316]}},{"type":"Feature","properties":{"k":"tree"},"geometry":{"type":"Point","coordinates":[151.201109,-33.863185]}},{"type":"Feature","properties":{"k":"tree"},"geometry":{"type":"Point","coordinates":[151.201139,-33.863233]}},{"type":"Feature","properties":{"k":"tree"},"geometry":{"type":"Point","coordinates":[151.20119,-33.863212]}},{"type":"Feature","properties":{"k":"tree"},"geometry":{"type":"Point","coordinates":[151.201161,-33.863281]}},{"type":"Feature","properties":{"k":"tree"},"geometry":{"type":"Point","coordinates":[151.201213,-33.863267]}},{"type":"Feature","properties":{"k":"tree"},"geometry":{"type":"Point","coordinates":[151.201175,-33.863335]}},{"type":"Feature","properties":{"k":"tree"},"geometry":{"type":"Point","coordinates":[151.201229,-33.86333]}},{"type":"Feature","properties":{"k":"tree"},"geometry":{"type":"Point","coordinates":[151.201178,-33.863472]}},{"type":"Feature","properties":{"k":"tree"},"geometry":{"type":"Point","coordinates":[151.201234,-33.863477]}},{"type":"Feature","properties":{"k":"tree"},"geometry":{"type":"Point","coordinates":[151.201218,-33.863538]}},{"type":"Feature","properties":{"k":"tree"},"geometry":{"type":"Point","coordinates":[151.201166,-33.863526]}},{"type":"Feature","properties":{"k":"tree"},"geometry":{"type":"Point","coordinates":[151.201148,-33.863578]}},{"type":"Feature","properties":{"k":"tree"},"geometry":{"type":"Point","coordinates":[151.201198,-33.863596]}},{"type":"Feature","properties":{"k":"tree"},"geometry":{"type":"Point","coordinates":[151.201166,-33.863654]}},{"type":"Feature","properties":{"k":"tree"},"geometry":{"type":"Point","coordinates":[151.201119,-33.863627]}},{"type":"Feature","properties":{"k":"tree"},"geometry":{"type":"Point","coordinates":[151.201086,-33.863674]}},{"type":"Feature","properties":{"k":"tree"},"geometry":{"type":"Point","coordinates":[151.201132,-33.863701]}},{"type":"Feature","properties":{"k":"tree"},"geometry":{"type":"Point","coordinates":[151.201086,-33.863747]}},{"type":"Feature","properties":{"k":"tree"},"geometry":{"type":"Point","coordinates":[151.201044,-33.863717]}},{"type":"Feature","properties":{"k":"tree"},"geometry":{"type":"Point","coordinates":[151.213005,-33.871383]}},{"type":"Feature","properties":{"k":"tree"},"geometry":{"type":"Point","coordinates":[151.212982,-33.871496]}},{"type":"Feature","properties":{"k":"tree"},"geometry":{"type":"Point","coordinates":[151.212974,-33.871609]}},{"type":"Feature","properties":{"k":"tree"},"geometry":{"type":"Point","coordinates":[151.210456,-33.879413]}},{"type":"Feature","properties":{"k":"tree"},"geometry":{"type":"Point","coordinates":[151.214676,-33.86243]}},{"type":"Feature","properties":{"k":"tree"},"geometry":{"type":"Point","coordinates":[151.214467,-33.862413]}},{"type":"Feature","properties":{"k":"tree"},"geometry":{"type":"Point","coordinates":[151.214594,-33.862362]}},{"type":"Feature","properties":{"k":"tree"},"geometry":{"type":"Point","coordinates":[151.214555,-33.862929]}},{"type":"Feature","properties":{"k":"tree"},"geometry":{"type":"Point","coordinates":[151.214164,-33.86266]}},{"type":"Feature","properties":{"k":"tree"},"geometry":{"type":"Point","coordinates":[151.21442,-33.862498]}},{"type":"Feature","properties":{"k":"tree"},"geometry":{"type":"Point","coordinates":[151.206665,-33.886252]}},{"type":"Feature","properties":{"k":"tree"},"geometry":{"type":"Point","coordinates":[151.20661,-33.88642]}},{"type":"Feature","properties":{"k":"tree"},"geometry":{"type":"Point","coordinates":[151.206403,-33.886538]}},{"type":"Feature","properties":{"k":"tree"},"geometry":{"type":"Point","coordinates":[151.206476,-33.886681]}},{"type":"Feature","properties":{"k":"tree"},"geometry":{"type":"Point","coordinates":[151.20657,-33.886771]}},{"type":"Feature","properties":{"k":"tree"},"geometry":{"type":"Point","coordinates":[151.206005,-33.88683]}},{"type":"Feature","properties":{"k":"tree"},"geometry":{"type":"Point","coordinates":[151.205942,-33.886844]}},{"type":"Feature","properties":{"k":"tree"},"geometry":{"type":"Point","coordinates":[151.205913,-33.886897]}},{"type":"Feature","properties":{"k":"tree"},"geometry":{"type":"Point","coordinates":[151.206061,-33.886865]}},{"type":"Feature","properties":{"k":"tree"},"geometry":{"type":"Point","coordinates":[151.206069,-33.886921]}},{"type":"Feature","properties":{"k":"tree"},"geometry":{"type":"Point","coordinates":[151.205956,-33.886945]}},{"type":"Feature","properties":{"k":"tree"},"geometry":{"type":"Point","coordinates":[151.206015,-33.886953]}},{"type":"Feature","properties":{"k":"tree"},"geometry":{"type":"Point","coordinates":[151.206085,-33.886967]}},{"type":"Feature","properties":{"k":"tree"},"geometry":{"type":"Point","coordinates":[151.206127,-33.887023]}},{"type":"Feature","properties":{"k":"tree"},"geometry":{"type":"Point","coordinates":[151.206078,-33.887049]}},{"type":"Feature","properties":{"k":"tree"},"geometry":{"type":"Point","coordinates":[151.206135,-33.887075]}},{"type":"Feature","properties":{"k":"tree"},"geometry":{"type":"Point","coordinates":[151.206165,-33.887019]}},{"type":"Feature","properties":{"k":"tree"},"geometry":{"type":"Point","coordinates":[151.206163,-33.886979]}},{"type":"Feature","properties":{"k":"tree"},"geometry":{"type":"Point","coordinates":[151.206189,-33.886961]}},{"type":"Feature","properties":{"k":"tree"},"geometry":{"type":"Point","coordinates":[151.206212,-33.887052]}},{"type":"Feature","properties":{"k":"tree"},"geometry":{"type":"Point","coordinates":[151.206212,-33.887076]}},{"type":"Feature","properties":{"k":"tree"},"geometry":{"type":"Point","coordinates":[151.206172,-33.887073]}},{"type":"Feature","properties":{"k":"tree"},"geometry":{"type":"Point","coordinates":[151.20608,-33.887208]}},{"type":"Feature","properties":{"k":"tree"},"geometry":{"type":"Point","coordinates":[151.206148,-33.88725]}},{"type":"Feature","properties":{"k":"tree"},"geometry":{"type":"Point","coordinates":[151.206185,-33.887272]}},{"type":"Feature","properties":{"k":"tree"},"geometry":{"type":"Point","coordinates":[151.206229,-33.887278]}},{"type":"Feature","properties":{"k":"tree"},"geometry":{"type":"Point","coordinates":[151.20624,-33.887304]}},{"type":"Feature","properties":{"k":"tree"},"geometry":{"type":"Point","coordinates":[151.20623,-33.887204]}},{"type":"Feature","properties":{"k":"tree"},"geometry":{"type":"Point","coordinates":[151.206209,-33.887181]}},{"type":"Feature","properties":{"k":"tree"},"geometry":{"type":"Point","coordinates":[151.206115,-33.887146]}},{"type":"Feature","properties":{"k":"tree"},"geometry":{"type":"Point","coordinates":[151.206138,-33.887113]}},{"type":"Feature","properties":{"k":"tree"},"geometry":{"type":"Point","coordinates":[151.205678,-33.887076]}},{"type":"Feature","properties":{"k":"tree"},"geometry":{"type":"Point","coordinates":[151.205178,-33.88726]}},{"type":"Feature","properties":{"k":"tree"},"geometry":{"type":"Point","coordinates":[151.204874,-33.887445]}},{"type":"Feature","properties":{"k":"tree"},"geometry":{"type":"Point","coordinates":[151.2035,-33.88818]}},{"type":"Feature","properties":{"k":"tree"},"geometry":{"type":"Point","coordinates":[151.2035,-33.888253]}},{"type":"Feature","properties":{"k":"tree"},"geometry":{"type":"Point","coordinates":[151.203471,-33.888261]}},{"type":"Feature","properties":{"k":"tree"},"geometry":{"type":"Point","coordinates":[151.203403,-33.888368]}},{"type":"Feature","properties":{"k":"tree"},"geometry":{"type":"Point","coordinates":[151.203405,-33.888384]}},{"type":"Feature","properties":{"k":"tree"},"geometry":{"type":"Point","coordinates":[151.203689,-33.888382]}},{"type":"Feature","properties":{"k":"tree"},"geometry":{"type":"Point","coordinates":[151.203649,-33.88859]}},{"type":"Feature","properties":{"k":"tree"},"geometry":{"type":"Point","coordinates":[151.20286,-33.888744]}},{"type":"Feature","properties":{"k":"tree"},"geometry":{"type":"Point","coordinates":[151.202817,-33.888817]}},{"type":"Feature","properties":{"k":"tree"},"geometry":{"type":"Point","coordinates":[151.203001,-33.888338]}},{"type":"Feature","properties":{"k":"tree"},"geometry":{"type":"Point","coordinates":[151.203043,-33.888299]}},{"type":"Feature","properties":{"k":"tree"},"geometry":{"type":"Point","coordinates":[151.203076,-33.888263]}},{"type":"Feature","properties":{"k":"tree"},"geometry":{"type":"Point","coordinates":[151.203041,-33.888275]}},{"type":"Feature","properties":{"k":"tree"},"geometry":{"type":"Point","coordinates":[151.20321,-33.888548]}},{"type":"Feature","properties":{"k":"tree"},"geometry":{"type":"Point","coordinates":[151.203328,-33.888585]}},{"type":"Feature","properties":{"k":"tree"},"geometry":{"type":"Point","coordinates":[151.202878,-33.889101]}},{"type":"Feature","properties":{"k":"tree"},"geometry":{"type":"Point","coordinates":[151.203121,-33.889082]}},{"type":"Feature","properties":{"k":"tree"},"geometry":{"type":"Point","coordinates":[151.205116,-33.889246]}},{"type":"Feature","properties":{"k":"tree"},"geometry":{"type":"Point","coordinates":[151.205349,-33.88909]}},{"type":"Feature","properties":{"k":"tree"},"geometry":{"type":"Point","coordinates":[151.205019,-33.889109]}},{"type":"Feature","properties":{"k":"tree"},"geometry":{"type":"Point","coordinates":[151.204658,-33.889153]}},{"type":"Feature","properties":{"k":"tree"},"geometry":{"type":"Point","coordinates":[151.204562,-33.889069]}},{"type":"Feature","properties":{"k":"tree"},"geometry":{"type":"Point","coordinates":[151.204367,-33.889213]}},{"type":"Feature","properties":{"k":"tree"},"geometry":{"type":"Point","coordinates":[151.204041,-33.889227]}},{"type":"Feature","properties":{"k":"tree"},"geometry":{"type":"Point","coordinates":[151.204163,-33.889103]}},{"type":"Feature","properties":{"k":"tree"},"geometry":{"type":"Point","coordinates":[151.203965,-33.889117]}},{"type":"Feature","properties":{"k":"tree"},"geometry":{"type":"Point","coordinates":[151.203864,-33.889214]}},{"type":"Feature","properties":{"k":"tree"},"geometry":{"type":"Point","coordinates":[151.203742,-33.889198]}},{"type":"Feature","properties":{"k":"tree"},"geometry":{"type":"Point","coordinates":[151.203559,-33.889157]}},{"type":"Feature","properties":{"k":"tree"},"geometry":{"type":"Point","coordinates":[151.203396,-33.889122]}},{"type":"Feature","properties":{"k":"tree"},"geometry":{"type":"Point","coordinates":[151.204994,-33.888226]}},{"type":"Feature","properties":{"k":"tree"},"geometry":{"type":"Point","coordinates":[151.205099,-33.888254]}},{"type":"Feature","properties":{"k":"tree"},"geometry":{"type":"Point","coordinates":[151.20488,-33.888348]}},{"type":"Feature","properties":{"k":"tree"},"geometry":{"type":"Point","coordinates":[151.204998,-33.888368]}},{"type":"Feature","properties":{"k":"tree"},"geometry":{"type":"Point","coordinates":[151.204792,-33.888483]}},{"type":"Feature","properties":{"k":"tree"},"geometry":{"type":"Point","coordinates":[151.20494,-33.888477]}},{"type":"Feature","properties":{"k":"tree"},"geometry":{"type":"Point","coordinates":[151.204849,-33.888594]}},{"type":"Feature","properties":{"k":"tree"},"geometry":{"type":"Point","coordinates":[151.204725,-33.888602]}},{"type":"Feature","properties":{"k":"tree"},"geometry":{"type":"Point","coordinates":[151.20469,-33.88869]}},{"type":"Feature","properties":{"k":"tree"},"geometry":{"type":"Point","coordinates":[151.204831,-33.888683]}},{"type":"Feature","properties":{"k":"tree"},"geometry":{"type":"Point","coordinates":[151.204646,-33.888773]}},{"type":"Feature","properties":{"k":"tree"},"geometry":{"type":"Point","coordinates":[151.204589,-33.888903]}},{"type":"Feature","properties":{"k":"tree"},"geometry":{"type":"Point","coordinates":[151.20485,-33.888841]}},{"type":"Feature","properties":{"k":"tree"},"geometry":{"type":"Point","coordinates":[151.205062,-33.888647]}},{"type":"Feature","properties":{"k":"tree"},"geometry":{"type":"Point","coordinates":[151.205764,-33.888313]}},{"type":"Feature","properties":{"k":"tree"},"geometry":{"type":"Point","coordinates":[151.206082,-33.888351]}},{"type":"Feature","properties":{"k":"tree"},"geometry":{"type":"Point","coordinates":[151.205933,-33.888346]}},{"type":"Feature","properties":{"k":"tree"},"geometry":{"type":"Point","coordinates":[151.20586,-33.888437]}},{"type":"Feature","properties":{"k":"tree"},"geometry":{"type":"Point","coordinates":[151.205834,-33.888637]}},{"type":"Feature","properties":{"k":"tree"},"geometry":{"type":"Point","coordinates":[151.205947,-33.888555]}},{"type":"Feature","properties":{"k":"tree"},"geometry":{"type":"Point","coordinates":[151.206224,-33.888432]}},{"type":"Feature","properties":{"k":"tree"},"geometry":{"type":"Point","coordinates":[151.206223,-33.888317]}},{"type":"Feature","properties":{"k":"tree"},"geometry":{"type":"Point","coordinates":[151.206261,-33.888226]}},{"type":"Feature","properties":{"k":"tree"},"geometry":{"type":"Point","coordinates":[151.206107,-33.88817]}},{"type":"Feature","properties":{"k":"tree"},"geometry":{"type":"Point","coordinates":[151.206251,-33.888103]}},{"type":"Feature","properties":{"k":"tree"},"geometry":{"type":"Point","coordinates":[151.206292,-33.887995]}},{"type":"Feature","properties":{"k":"tree"},"geometry":{"type":"Point","coordinates":[151.206323,-33.887899]}},{"type":"Feature","properties":{"k":"tree"},"geometry":{"type":"Point","coordinates":[151.206333,-33.887807]}},{"type":"Feature","properties":{"k":"tree"},"geometry":{"type":"Point","coordinates":[151.206597,-33.886523]}},{"type":"Feature","properties":{"k":"tree"},"geometry":{"type":"Point","coordinates":[151.206677,-33.88611]}},{"type":"Feature","properties":{"k":"tree"},"geometry":{"type":"Point","coordinates":[151.205398,-33.886874]}},{"type":"Feature","properties":{"k":"tree"},"geometry":{"type":"Point","coordinates":[151.205088,-33.887019]}},{"type":"Feature","properties":{"k":"tree"},"geometry":{"type":"Point","coordinates":[151.204792,-33.888791]}},{"type":"Feature","properties":{"k":"tree"},"geometry":{"type":"Point","coordinates":[151.203224,-33.888809]}},{"type":"Feature","properties":{"k":"tree"},"geometry":{"type":"Point","coordinates":[151.205395,-33.887257]}},{"type":"Feature","properties":{"k":"tree"},"geometry":{"type":"Point","coordinates":[151.205232,-33.887397]}},{"type":"Feature","properties":{"k":"tree"},"geometry":{"type":"Point","coordinates":[151.217333,-33.866127]}},{"type":"Feature","properties":{"k":"tree"},"geometry":{"type":"Point","coordinates":[151.215789,-33.861937]}},{"type":"Feature","properties":{"k":"tree"},"geometry":{"type":"Point","coordinates":[151.215566,-33.864921]}},{"type":"Feature","properties":{"k":"tree"},"geometry":{"type":"Point","coordinates":[151.21595,-33.863598]}},{"type":"Feature","properties":{"k":"tree"},"geometry":{"type":"Point","coordinates":[151.216629,-33.864364]}},{"type":"Feature","properties":{"k":"tree"},"geometry":{"type":"Point","coordinates":[151.216894,-33.863384]}},{"type":"Feature","properties":{"k":"tree"},"geometry":{"type":"Point","coordinates":[151.216842,-33.861667]}},{"type":"Feature","properties":{"k":"tree"},"geometry":{"type":"Point","coordinates":[151.214642,-33.864884]}},{"type":"Feature","properties":{"k":"tree"},"geometry":{"type":"Point","coordinates":[151.214777,-33.864833]}},{"type":"Feature","properties":{"k":"tree"},"geometry":{"type":"Point","coordinates":[151.214595,-33.865269]}},{"type":"Feature","properties":{"k":"tree"},"geometry":{"type":"Point","coordinates":[151.214691,-33.861301]}},{"type":"Feature","properties":{"k":"tree"},"geometry":{"type":"Point","coordinates":[151.214317,-33.864675]}},{"type":"Feature","properties":{"k":"tree"},"geometry":{"type":"Point","coordinates":[151.213839,-33.863969]}},{"type":"Feature","properties":{"k":"tree"},"geometry":{"type":"Point","coordinates":[151.216621,-33.861758]}},{"type":"Feature","properties":{"k":"tree"},"geometry":{"type":"Point","coordinates":[151.216401,-33.860749]}},{"type":"Feature","properties":{"k":"tree"},"geometry":{"type":"Point","coordinates":[151.215534,-33.864809]}},{"type":"Feature","properties":{"k":"tree"},"geometry":{"type":"Point","coordinates":[151.21653,-33.864495]}},{"type":"Feature","properties":{"k":"tree"},"geometry":{"type":"Point","coordinates":[151.213534,-33.863922]}},{"type":"Feature","properties":{"k":"tree"},"geometry":{"type":"Point","coordinates":[151.217387,-33.863097]}},{"type":"Feature","properties":{"k":"tree"},"geometry":{"type":"Point","coordinates":[151.217496,-33.864475]}},{"type":"Feature","properties":{"k":"tree"},"geometry":{"type":"Point","coordinates":[151.217753,-33.864226]}},{"type":"Feature","properties":{"k":"tree"},"geometry":{"type":"Point","coordinates":[151.214407,-33.864967]}},{"type":"Feature","properties":{"k":"tree"},"geometry":{"type":"Point","coordinates":[151.217423,-33.864102]}},{"type":"Feature","properties":{"k":"tree"},"geometry":{"type":"Point","coordinates":[151.21546,-33.864539]}},{"type":"Feature","properties":{"k":"tree"},"geometry":{"type":"Point","coordinates":[151.215687,-33.864844]}},{"type":"Feature","properties":{"k":"tree"},"geometry":{"type":"Point","coordinates":[151.216165,-33.861383]}},{"type":"Feature","properties":{"k":"tree"},"geometry":{"type":"Point","coordinates":[151.217676,-33.864275]}},{"type":"Feature","properties":{"k":"tree"},"geometry":{"type":"Point","coordinates":[151.214964,-33.864523]}},{"type":"Feature","properties":{"k":"tree"},"geometry":{"type":"Point","coordinates":[151.216773,-33.861237]}},{"type":"Feature","properties":{"k":"tree"},"geometry":{"type":"Point","coordinates":[151.214563,-33.862064]}},{"type":"Feature","properties":{"k":"tree"},"geometry":{"type":"Point","coordinates":[151.216037,-33.861994]}},{"type":"Feature","properties":{"k":"tree"},"geometry":{"type":"Point","coordinates":[151.214581,-33.861546]}},{"type":"Feature","properties":{"k":"tree"},"geometry":{"type":"Point","coordinates":[151.216628,-33.862703]}},{"type":"Feature","properties":{"k":"tree"},"geometry":{"type":"Point","coordinates":[151.214317,-33.865146]}},{"type":"Feature","properties":{"k":"tree"},"geometry":{"type":"Point","coordinates":[151.218213,-33.864589]}},{"type":"Feature","properties":{"k":"tree"},"geometry":{"type":"Point","coordinates":[151.21608,-33.863764]}},{"type":"Feature","properties":{"k":"tree"},"geometry":{"type":"Point","coordinates":[151.215717,-33.86433]}},{"type":"Feature","properties":{"k":"tree"},"geometry":{"type":"Point","coordinates":[151.216685,-33.861599]}},{"type":"Feature","properties":{"k":"tree"},"geometry":{"type":"Point","coordinates":[151.216833,-33.860955]}},{"type":"Feature","properties":{"k":"tree"},"geometry":{"type":"Point","coordinates":[151.217724,-33.863281]}},{"type":"Feature","properties":{"k":"tree"},"geometry":{"type":"Point","coordinates":[151.218305,-33.863511]}},{"type":"Feature","properties":{"k":"tree"},"geometry":{"type":"Point","coordinates":[151.217153,-33.862803]}},{"type":"Feature","properties":{"k":"tree"},"geometry":{"type":"Point","coordinates":[151.218648,-33.863514]}},{"type":"Feature","properties":{"k":"tree"},"geometry":{"type":"Point","coordinates":[151.219119,-33.864812]}},{"type":"Feature","properties":{"k":"tree"},"geometry":{"type":"Point","coordinates":[151.219409,-33.863531]}},{"type":"Feature","properties":{"k":"tree"},"geometry":{"type":"Point","coordinates":[151.21937,-33.864655]}},{"type":"Feature","properties":{"k":"tree"},"geometry":{"type":"Point","coordinates":[151.218564,-33.863719]}},{"type":"Feature","properties":{"k":"tree"},"geometry":{"type":"Point","coordinates":[151.215901,-33.859025]}},{"type":"Feature","properties":{"k":"tree"},"geometry":{"type":"Point","coordinates":[151.219597,-33.864184]}},{"type":"Feature","properties":{"k":"tree"},"geometry":{"type":"Point","coordinates":[151.217638,-33.863535]}},{"type":"Feature","properties":{"k":"tree"},"geometry":{"type":"Point","coordinates":[151.21791,-33.863535]}},{"type":"Feature","properties":{"k":"tree"},"geometry":{"type":"Point","coordinates":[151.216818,-33.862237]}},{"type":"Feature","properties":{"k":"tree"},"geometry":{"type":"Point","coordinates":[151.214449,-33.862764]}},{"type":"Feature","properties":{"k":"tree"},"geometry":{"type":"Point","coordinates":[151.215846,-33.858928]}},{"type":"Feature","properties":{"k":"tree"},"geometry":{"type":"Point","coordinates":[151.217532,-33.863358]}},{"type":"Feature","properties":{"k":"tree"},"geometry":{"type":"Point","coordinates":[151.216976,-33.862745]}},{"type":"Feature","properties":{"k":"tree"},"geometry":{"type":"Point","coordinates":[151.216034,-33.862397]}},{"type":"Feature","properties":{"k":"tree"},"geometry":{"type":"Point","coordinates":[151.216199,-33.862169]}},{"type":"Feature","properties":{"k":"tree"},"geometry":{"type":"Point","coordinates":[151.218947,-33.86469]}},{"type":"Feature","properties":{"k":"tree"},"geometry":{"type":"Point","coordinates":[151.219045,-33.863661]}},{"type":"Feature","properties":{"k":"tree"},"geometry":{"type":"Point","coordinates":[151.216342,-33.862285]}},{"type":"Feature","properties":{"k":"tree"},"geometry":{"type":"Point","coordinates":[151.216973,-33.863188]}},{"type":"Feature","properties":{"k":"tree"},"geometry":{"type":"Point","coordinates":[151.219332,-33.864713]}},{"type":"Feature","properties":{"k":"tree"},"geometry":{"type":"Point","coordinates":[151.216965,-33.862994]}},{"type":"Feature","properties":{"k":"tree"},"geometry":{"type":"Point","coordinates":[151.219175,-33.863381]}},{"type":"Feature","properties":{"k":"tree"},"geometry":{"type":"Point","coordinates":[151.217785,-33.863597]}},{"type":"Feature","properties":{"k":"tree"},"geometry":{"type":"Point","coordinates":[151.219396,-33.864911]}},{"type":"Feature","properties":{"k":"tree"},"geometry":{"type":"Point","coordinates":[151.21683,-33.860689]}},{"type":"Feature","properties":{"k":"tree"},"geometry":{"type":"Point","coordinates":[151.21655,-33.861936]}},{"type":"Feature","properties":{"k":"tree"},"geometry":{"type":"Point","coordinates":[151.216865,-33.862394]}},{"type":"Feature","properties":{"k":"tree"},"geometry":{"type":"Point","coordinates":[151.219467,-33.864739]}},{"type":"Feature","properties":{"k":"tree"},"geometry":{"type":"Point","coordinates":[151.217307,-33.86337]}},{"type":"Feature","properties":{"k":"tree"},"geometry":{"type":"Point","coordinates":[151.2195,-33.863201]}},{"type":"Feature","properties":{"k":"tree"},"geometry":{"type":"Point","coordinates":[151.216949,-33.862862]}},{"type":"Feature","properties":{"k":"tree"},"geometry":{"type":"Point","coordinates":[151.215704,-33.86332]}},{"type":"Feature","properties":{"k":"tree"},"geometry":{"type":"Point","coordinates":[151.216393,-33.859492]}},{"type":"Feature","properties":{"k":"tree"},"geometry":{"type":"Point","coordinates":[151.219821,-33.863064]}},{"type":"Feature","properties":{"k":"tree"},"geometry":{"type":"Point","coordinates":[151.215778,-33.860151]}},{"type":"Feature","properties":{"k":"tree"},"geometry":{"type":"Point","coordinates":[151.216022,-33.859908]}},{"type":"Feature","properties":{"k":"tree"},"geometry":{"type":"Point","coordinates":[151.21619,-33.860287]}},{"type":"Feature","properties":{"k":"tree"},"geometry":{"type":"Point","coordinates":[151.215948,-33.859919]}},{"type":"Feature","properties":{"k":"tree"},"geometry":{"type":"Point","coordinates":[151.215878,-33.860413]}},{"type":"Feature","properties":{"k":"tree"},"geometry":{"type":"Point","coordinates":[151.21536,-33.860638]}},{"type":"Feature","properties":{"k":"tree"},"geometry":{"type":"Point","coordinates":[151.21574,-33.860466]}},{"type":"Feature","properties":{"k":"tree"},"geometry":{"type":"Point","coordinates":[151.216411,-33.860142]}},{"type":"Feature","properties":{"k":"tree"},"geometry":{"type":"Point","coordinates":[151.215529,-33.861174]}},{"type":"Feature","properties":{"k":"tree"},"geometry":{"type":"Point","coordinates":[151.215547,-33.860576]}},{"type":"Feature","properties":{"k":"tree"},"geometry":{"type":"Point","coordinates":[151.215433,-33.860796]}},{"type":"Feature","properties":{"k":"tree"},"geometry":{"type":"Point","coordinates":[151.216013,-33.859635]}},{"type":"Feature","properties":{"k":"tree"},"geometry":{"type":"Point","coordinates":[151.219617,-33.864715]}},{"type":"Feature","properties":{"k":"tree"},"geometry":{"type":"Point","coordinates":[151.219835,-33.864006]}},{"type":"Feature","properties":{"k":"tree"},"geometry":{"type":"Point","coordinates":[151.218689,-33.865016]}},{"type":"Feature","properties":{"k":"tree"},"geometry":{"type":"Point","coordinates":[151.219752,-33.865866]}},{"type":"Feature","properties":{"k":"tree"},"geometry":{"type":"Point","coordinates":[151.219825,-33.865029]}},{"type":"Feature","properties":{"k":"tree"},"geometry":{"type":"Point","coordinates":[151.219096,-33.865945]}},{"type":"Feature","properties":{"k":"tree"},"geometry":{"type":"Point","coordinates":[151.218156,-33.866944]}},{"type":"Feature","properties":{"k":"tree"},"geometry":{"type":"Point","coordinates":[151.219721,-33.863644]}},{"type":"Feature","properties":{"k":"tree"},"geometry":{"type":"Point","coordinates":[151.218985,-33.865854]}},{"type":"Feature","properties":{"k":"tree"},"geometry":{"type":"Point","coordinates":[151.218713,-33.866215]}},{"type":"Feature","properties":{"k":"tree"},"geometry":{"type":"Point","coordinates":[151.219547,-33.864334]}},{"type":"Feature","properties":{"k":"tree"},"geometry":{"type":"Point","coordinates":[151.219516,-33.86448]}},{"type":"Feature","properties":{"k":"tree"},"geometry":{"type":"Point","coordinates":[151.216207,-33.862384]}},{"type":"Feature","properties":{"k":"tree"},"geometry":{"type":"Point","coordinates":[151.219407,-33.865348]}},{"type":"Feature","properties":{"k":"tree"},"geometry":{"type":"Point","coordinates":[151.219528,-33.865207]}},{"type":"Feature","properties":{"k":"tree"},"geometry":{"type":"Point","coordinates":[151.215969,-33.862737]}},{"type":"Feature","properties":{"k":"tree"},"geometry":{"type":"Point","coordinates":[151.21515,-33.863005]}},{"type":"Feature","properties":{"k":"tree"},"geometry":{"type":"Point","coordinates":[151.219652,-33.865021]}},{"type":"Feature","properties":{"k":"tree"},"geometry":{"type":"Point","coordinates":[151.219291,-33.86564]}},{"type":"Feature","properties":{"k":"tree"},"geometry":{"type":"Point","coordinates":[151.215175,-33.863206]}},{"type":"Feature","properties":{"k":"tree"},"geometry":{"type":"Point","coordinates":[151.215167,-33.862795]}},{"type":"Feature","properties":{"k":"tree"},"geometry":{"type":"Point","coordinates":[151.216499,-33.863027]}},{"type":"Feature","properties":{"k":"tree"},"geometry":{"type":"Point","coordinates":[151.219397,-33.865698]}},{"type":"Feature","properties":{"k":"tree"},"geometry":{"type":"Point","coordinates":[151.217062,-33.866213]}},{"type":"Feature","properties":{"k":"tree"},"geometry":{"type":"Point","coordinates":[151.216928,-33.866849]}},{"type":"Feature","properties":{"k":"tree"},"geometry":{"type":"Point","coordinates":[151.216496,-33.866561]}},{"type":"Feature","properties":{"k":"tree"},"geometry":{"type":"Point","coordinates":[151.21698,-33.866633]}},{"type":"Feature","properties":{"k":"tree"},"geometry":{"type":"Point","coordinates":[151.217029,-33.866738]}},{"type":"Feature","properties":{"k":"tree"},"geometry":{"type":"Point","coordinates":[151.216737,-33.86646]}},{"type":"Feature","properties":{"k":"tree"},"geometry":{"type":"Point","coordinates":[151.217263,-33.866694]}},{"type":"Feature","properties":{"k":"tree"},"geometry":{"type":"Point","coordinates":[151.216719,-33.866053]}},{"type":"Feature","properties":{"k":"tree"},"geometry":{"type":"Point","coordinates":[151.219137,-33.865715]}},{"type":"Feature","properties":{"k":"tree"},"geometry":{"type":"Point","coordinates":[151.219599,-33.865256]}},{"type":"Feature","properties":{"k":"tree"},"geometry":{"type":"Point","coordinates":[151.214972,-33.862955]}},{"type":"Feature","properties":{"k":"tree"},"geometry":{"type":"Point","coordinates":[151.215245,-33.863306]}},{"type":"Feature","properties":{"k":"tree"},"geometry":{"type":"Point","coordinates":[151.219444,-33.865589]}},{"type":"Feature","properties":{"k":"tree"},"geometry":{"type":"Point","coordinates":[151.215209,-33.862582]}},{"type":"Feature","properties":{"k":"tree"},"geometry":{"type":"Point","coordinates":[151.219737,-33.865385]}},{"type":"Feature","properties":{"k":"tree"},"geometry":{"type":"Point","coordinates":[151.219448,-33.864578]}},{"type":"Feature","properties":{"k":"tree"},"geometry":{"type":"Point","coordinates":[151.215925,-33.862539]}},{"type":"Feature","properties":{"k":"tree"},"geometry":{"type":"Point","coordinates":[151.215096,-33.862933]}},{"type":"Feature","properties":{"k":"tree"},"geometry":{"type":"Point","coordinates":[151.215038,-33.86267]}},{"type":"Feature","properties":{"k":"tree"},"geometry":{"type":"Point","coordinates":[151.216484,-33.862455]}},{"type":"Feature","properties":{"k":"tree"},"geometry":{"type":"Point","coordinates":[151.21532,-33.864665]}},{"type":"Feature","properties":{"k":"tree"},"geometry":{"type":"Point","coordinates":[151.217343,-33.863733]}},{"type":"Feature","properties":{"k":"tree"},"geometry":{"type":"Point","coordinates":[151.217647,-33.863664]}},{"type":"Feature","properties":{"k":"tree"},"geometry":{"type":"Point","coordinates":[151.217603,-33.863727]}},{"type":"Feature","properties":{"k":"tree"},"geometry":{"type":"Point","coordinates":[151.217681,-33.863895]}},{"type":"Feature","properties":{"k":"tree"},"geometry":{"type":"Point","coordinates":[151.217699,-33.863871]}},{"type":"Feature","properties":{"k":"tree"},"geometry":{"type":"Point","coordinates":[151.213624,-33.868655]}},{"type":"Feature","properties":{"k":"tree"},"geometry":{"type":"Point","coordinates":[151.21386,-33.867711]}},{"type":"Feature","properties":{"k":"tree"},"geometry":{"type":"Point","coordinates":[151.214267,-33.868703]}},{"type":"Feature","properties":{"k":"tree"},"geometry":{"type":"Point","coordinates":[151.215458,-33.867274]}},{"type":"Feature","properties":{"k":"tree"},"geometry":{"type":"Point","coordinates":[151.214446,-33.869182]}},{"type":"Feature","properties":{"k":"tree"},"geometry":{"type":"Point","coordinates":[151.214229,-33.868864]}},{"type":"Feature","properties":{"k":"tree"},"geometry":{"type":"Point","coordinates":[151.213724,-33.867902]}},{"type":"Feature","properties":{"k":"tree"},"geometry":{"type":"Point","coordinates":[151.214606,-33.869372]}},{"type":"Feature","properties":{"k":"tree"},"geometry":{"type":"Point","coordinates":[151.214108,-33.867027]}},{"type":"Feature","properties":{"k":"tree"},"geometry":{"type":"Point","coordinates":[151.214354,-33.86686]}},{"type":"Feature","properties":{"k":"tree"},"geometry":{"type":"Point","coordinates":[151.216112,-33.867731]}},{"type":"Feature","properties":{"k":"tree"},"geometry":{"type":"Point","coordinates":[151.213579,-33.867627]}},{"type":"Feature","properties":{"k":"tree"},"geometry":{"type":"Point","coordinates":[151.213939,-33.867036]}},{"type":"Feature","properties":{"k":"tree"},"geometry":{"type":"Point","coordinates":[151.213749,-33.867724]}},{"type":"Feature","properties":{"k":"tree"},"geometry":{"type":"Point","coordinates":[151.214496,-33.869451]}},{"type":"Feature","properties":{"k":"tree"},"geometry":{"type":"Point","coordinates":[151.214153,-33.866893]}},{"type":"Feature","properties":{"k":"tree"},"geometry":{"type":"Point","coordinates":[151.216322,-33.867531]}},{"type":"Feature","properties":{"k":"tree"},"geometry":{"type":"Point","coordinates":[151.214739,-33.868821]}},{"type":"Feature","properties":{"k":"tree"},"geometry":{"type":"Point","coordinates":[151.214436,-33.868963]}},{"type":"Feature","properties":{"k":"tree"},"geometry":{"type":"Point","coordinates":[151.213672,-33.868248]}},{"type":"Feature","properties":{"k":"tree"},"geometry":{"type":"Point","coordinates":[151.213805,-33.868286]}},{"type":"Feature","properties":{"k":"tree"},"geometry":{"type":"Point","coordinates":[151.213766,-33.867389]}},{"type":"Feature","properties":{"k":"tree"},"geometry":{"type":"Point","coordinates":[151.216504,-33.867696]}},{"type":"Feature","properties":{"k":"tree"},"geometry":{"type":"Point","coordinates":[151.216672,-33.867568]}},{"type":"Feature","properties":{"k":"tree"},"geometry":{"type":"Point","coordinates":[151.214241,-33.866716]}},{"type":"Feature","properties":{"k":"tree"},"geometry":{"type":"Point","coordinates":[151.214147,-33.868412]}},{"type":"Feature","properties":{"k":"tree"},"geometry":{"type":"Point","coordinates":[151.213824,-33.86703]}},{"type":"Feature","properties":{"k":"tree"},"geometry":{"type":"Point","coordinates":[151.21409,-33.867614]}},{"type":"Feature","properties":{"k":"tree"},"geometry":{"type":"Point","coordinates":[151.21398,-33.866716]}},{"type":"Feature","properties":{"k":"tree"},"geometry":{"type":"Point","coordinates":[151.215842,-33.867684]}},{"type":"Feature","properties":{"k":"tree"},"geometry":{"type":"Point","coordinates":[151.213653,-33.868441]}},{"type":"Feature","properties":{"k":"tree"},"geometry":{"type":"Point","coordinates":[151.215639,-33.867382]}},{"type":"Feature","properties":{"k":"tree"},"geometry":{"type":"Point","coordinates":[151.213808,-33.867798]}},{"type":"Feature","properties":{"k":"tree"},"geometry":{"type":"Point","coordinates":[151.216124,-33.867439]}},{"type":"Feature","properties":{"k":"tree"},"geometry":{"type":"Point","coordinates":[151.213731,-33.868746]}},{"type":"Feature","properties":{"k":"tree"},"geometry":{"type":"Point","coordinates":[151.214832,-33.866771]}},{"type":"Feature","properties":{"k":"tree"},"geometry":{"type":"Point","coordinates":[151.213727,-33.868352]}},{"type":"Feature","properties":{"k":"tree"},"geometry":{"type":"Point","coordinates":[151.21377,-33.867135]}},{"type":"Feature","properties":{"k":"tree"},"geometry":{"type":"Point","coordinates":[151.215258,-33.867173]}},{"type":"Feature","properties":{"k":"tree"},"geometry":{"type":"Point","coordinates":[151.213917,-33.866897]}},{"type":"Feature","properties":{"k":"tree"},"geometry":{"type":"Point","coordinates":[151.213793,-33.86843]}},{"type":"Feature","properties":{"k":"tree"},"geometry":{"type":"Point","coordinates":[151.213899,-33.867418]}},{"type":"Feature","properties":{"k":"tree"},"geometry":{"type":"Point","coordinates":[151.213986,-33.867576]}},{"type":"Feature","properties":{"k":"tree"},"geometry":{"type":"Point","coordinates":[151.213651,-33.867033]}},{"type":"Feature","properties":{"k":"tree"},"geometry":{"type":"Point","coordinates":[151.213755,-33.867556]}},{"type":"Feature","properties":{"k":"tree"},"geometry":{"type":"Point","coordinates":[151.213826,-33.86762]}},{"type":"Feature","properties":{"k":"tree"},"geometry":{"type":"Point","coordinates":[151.21578,-33.865927]}},{"type":"Feature","properties":{"k":"tree"},"geometry":{"type":"Point","coordinates":[151.217041,-33.864295]}},{"type":"Feature","properties":{"k":"tree"},"geometry":{"type":"Point","coordinates":[151.217632,-33.86681]}},{"type":"Feature","properties":{"k":"tree"},"geometry":{"type":"Point","coordinates":[151.216823,-33.863563]}},{"type":"Feature","properties":{"k":"tree"},"geometry":{"type":"Point","coordinates":[151.21774,-33.866444]}},{"type":"Feature","properties":{"k":"tree"},"geometry":{"type":"Point","coordinates":[151.216951,-33.863715]}},{"type":"Feature","properties":{"k":"tree"},"geometry":{"type":"Point","coordinates":[151.219923,-33.86465]}},{"type":"Feature","properties":{"k":"tree"},"geometry":{"type":"Point","coordinates":[151.218975,-33.864986]}},{"type":"Feature","properties":{"k":"tree"},"geometry":{"type":"Point","coordinates":[151.219208,-33.865037]}},{"type":"Feature","properties":{"k":"tree"},"geometry":{"type":"Point","coordinates":[151.218903,-33.865137]}},{"type":"Feature","properties":{"k":"tree"},"geometry":{"type":"Point","coordinates":[151.219242,-33.865012]}},{"type":"Feature","properties":{"k":"tree"},"geometry":{"type":"Point","coordinates":[151.219103,-33.865052]}},{"type":"Feature","properties":{"k":"tree"},"geometry":{"type":"Point","coordinates":[151.218997,-33.864905]}},{"type":"Feature","properties":{"k":"tree"},"geometry":{"type":"Point","coordinates":[151.219185,-33.864993]}},{"type":"Feature","properties":{"k":"tree"},"geometry":{"type":"Point","coordinates":[151.21967,-33.864504]}},{"type":"Feature","properties":{"k":"tree"},"geometry":{"type":"Point","coordinates":[151.219825,-33.864427]}},{"type":"Feature","properties":{"k":"tree"},"geometry":{"type":"Point","coordinates":[151.2193,-33.865134]}},{"type":"Feature","properties":{"k":"tree"},"geometry":{"type":"Point","coordinates":[151.219828,-33.864379]}},{"type":"Feature","properties":{"k":"tree"},"geometry":{"type":"Point","coordinates":[151.219831,-33.864467]}},{"type":"Feature","properties":{"k":"tree"},"geometry":{"type":"Point","coordinates":[151.219695,-33.864604]}},{"type":"Feature","properties":{"k":"tree"},"geometry":{"type":"Point","coordinates":[151.219078,-33.865058]}},{"type":"Feature","properties":{"k":"tree"},"geometry":{"type":"Point","coordinates":[151.217563,-33.864273]}},{"type":"Feature","properties":{"k":"tree"},"geometry":{"type":"Point","coordinates":[151.217629,-33.864368]}},{"type":"Feature","properties":{"k":"tree"},"geometry":{"type":"Point","coordinates":[151.214202,-33.865638]}},{"type":"Feature","properties":{"k":"tree"},"geometry":{"type":"Point","coordinates":[151.21459,-33.865703]}},{"type":"Feature","properties":{"k":"tree"},"geometry":{"type":"Point","coordinates":[151.215239,-33.864795]}},{"type":"Feature","properties":{"k":"tree"},"geometry":{"type":"Point","coordinates":[151.214165,-33.865076]}},{"type":"Feature","properties":{"k":"tree"},"geometry":{"type":"Point","coordinates":[151.214703,-33.865075]}},{"type":"Feature","properties":{"k":"tree"},"geometry":{"type":"Point","coordinates":[151.214871,-33.8647]}},{"type":"Feature","properties":{"k":"tree"},"geometry":{"type":"Point","coordinates":[151.214746,-33.864928]}},{"type":"Feature","properties":{"k":"tree"},"geometry":{"type":"Point","coordinates":[151.214704,-33.864865]}},{"type":"Feature","properties":{"k":"tree"},"geometry":{"type":"Point","coordinates":[151.214453,-33.86521]}},{"type":"Feature","properties":{"k":"tree"},"geometry":{"type":"Point","coordinates":[151.214051,-33.865563]}},{"type":"Feature","properties":{"k":"tree"},"geometry":{"type":"Point","coordinates":[151.214116,-33.865606]}},{"type":"Feature","properties":{"k":"tree"},"geometry":{"type":"Point","coordinates":[151.213871,-33.865463]}},{"type":"Feature","properties":{"k":"tree"},"geometry":{"type":"Point","coordinates":[151.214447,-33.865621]}},{"type":"Feature","properties":{"k":"tree"},"geometry":{"type":"Point","coordinates":[151.215461,-33.863745]}},{"type":"Feature","properties":{"k":"tree"},"geometry":{"type":"Point","coordinates":[151.216597,-33.863769]}},{"type":"Feature","properties":{"k":"tree"},"geometry":{"type":"Point","coordinates":[151.217037,-33.864345]}},{"type":"Feature","properties":{"k":"tree"},"geometry":{"type":"Point","coordinates":[151.216943,-33.864284]}},{"type":"Feature","properties":{"k":"tree"},"geometry":{"type":"Point","coordinates":[151.215953,-33.864007]}},{"type":"Feature","properties":{"k":"tree"},"geometry":{"type":"Point","coordinates":[151.21546,-33.863812]}},{"type":"Feature","properties":{"k":"tree"},"geometry":{"type":"Point","coordinates":[151.21545,-33.86421]}},{"type":"Feature","properties":{"k":"tree"},"geometry":{"type":"Point","coordinates":[151.215454,-33.864067]}},{"type":"Feature","properties":{"k":"tree"},"geometry":{"type":"Point","coordinates":[151.215408,-33.863962]}},{"type":"Feature","properties":{"k":"tree"},"geometry":{"type":"Point","coordinates":[151.217918,-33.863527]}},{"type":"Feature","properties":{"k":"tree"},"geometry":{"type":"Point","coordinates":[151.219176,-33.863611]}},{"type":"Feature","properties":{"k":"tree"},"geometry":{"type":"Point","coordinates":[151.217193,-33.864441]}},{"type":"Feature","properties":{"k":"tree"},"geometry":{"type":"Point","coordinates":[151.217914,-33.863538]}},{"type":"Feature","properties":{"k":"tree"},"geometry":{"type":"Point","coordinates":[151.217051,-33.864442]}},{"type":"Feature","properties":{"k":"tree"},"geometry":{"type":"Point","coordinates":[151.217425,-33.864198]}},{"type":"Feature","properties":{"k":"tree"},"geometry":{"type":"Point","coordinates":[151.217329,-33.863789]}},{"type":"Feature","properties":{"k":"tree"},"geometry":{"type":"Point","coordinates":[151.217922,-33.863532]}},{"type":"Feature","properties":{"k":"tree"},"geometry":{"type":"Point","coordinates":[151.21807,-33.864296]}},{"type":"Feature","properties":{"k":"tree"},"geometry":{"type":"Point","coordinates":[151.217402,-33.863722]}},{"type":"Feature","properties":{"k":"tree"},"geometry":{"type":"Point","coordinates":[151.217191,-33.864595]}},{"type":"Feature","properties":{"k":"tree"},"geometry":{"type":"Point","coordinates":[151.217911,-33.863529]}},{"type":"Feature","properties":{"k":"tree"},"geometry":{"type":"Point","coordinates":[151.217165,-33.86453]}},{"type":"Feature","properties":{"k":"tree"},"geometry":{"type":"Point","coordinates":[151.21792,-33.863537]}},{"type":"Feature","properties":{"k":"tree"},"geometry":{"type":"Point","coordinates":[151.217367,-33.863788]}},{"type":"Feature","properties":{"k":"tree"},"geometry":{"type":"Point","coordinates":[151.215822,-33.863936]}},{"type":"Feature","properties":{"k":"tree"},"geometry":{"type":"Point","coordinates":[151.215416,-33.863769]}},{"type":"Feature","properties":{"k":"tree"},"geometry":{"type":"Point","coordinates":[151.215394,-33.864305]}},{"type":"Feature","properties":{"k":"tree"},"geometry":{"type":"Point","coordinates":[151.215581,-33.86472]}},{"type":"Feature","properties":{"k":"tree"},"geometry":{"type":"Point","coordinates":[151.215452,-33.864147]}},{"type":"Feature","properties":{"k":"tree"},"geometry":{"type":"Point","coordinates":[151.215943,-33.863867]}},{"type":"Feature","properties":{"k":"tree"},"geometry":{"type":"Point","coordinates":[151.215419,-33.863676]}},{"type":"Feature","properties":{"k":"tree"},"geometry":{"type":"Point","coordinates":[151.216397,-33.868895]}},{"type":"Feature","properties":{"k":"tree"},"geometry":{"type":"Point","coordinates":[151.214987,-33.870126]}},{"type":"Feature","properties":{"k":"tree"},"geometry":{"type":"Point","coordinates":[151.21488,-33.869739]}},{"type":"Feature","properties":{"k":"tree"},"geometry":{"type":"Point","coordinates":[151.21469,-33.870925]}},{"type":"Feature","properties":{"k":"tree"},"geometry":{"type":"Point","coordinates":[151.215967,-33.869652]}},{"type":"Feature","properties":{"k":"tree"},"geometry":{"type":"Point","coordinates":[151.214467,-33.870893]}},{"type":"Feature","properties":{"k":"tree"},"geometry":{"type":"Point","coordinates":[151.215884,-33.870038]}},{"type":"Feature","properties":{"k":"tree"},"geometry":{"type":"Point","coordinates":[151.215967,-33.87003]}},{"type":"Feature","properties":{"k":"tree"},"geometry":{"type":"Point","coordinates":[151.214435,-33.87054]}},{"type":"Feature","properties":{"k":"tree"},"geometry":{"type":"Point","coordinates":[151.215688,-33.869939]}},{"type":"Feature","properties":{"k":"tree"},"geometry":{"type":"Point","coordinates":[151.21592,-33.869976]}},{"type":"Feature","properties":{"k":"tree"},"geometry":{"type":"Point","coordinates":[151.215156,-33.870086]}},{"type":"Feature","properties":{"k":"tree"},"geometry":{"type":"Point","coordinates":[151.216482,-33.869195]}},{"type":"Feature","properties":{"k":"tree"},"geometry":{"type":"Point","coordinates":[151.216214,-33.869567]}},{"type":"Feature","properties":{"k":"tree"},"geometry":{"type":"Point","coordinates":[151.216565,-33.8694]}},{"type":"Feature","properties":{"k":"tree"},"geometry":{"type":"Point","coordinates":[151.215738,-33.870073]}},{"type":"Feature","properties":{"k":"tree"},"geometry":{"type":"Point","coordinates":[151.215024,-33.870455]}},{"type":"Feature","properties":{"k":"tree"},"geometry":{"type":"Point","coordinates":[151.216474,-33.868908]}},{"type":"Feature","properties":{"k":"tree"},"geometry":{"type":"Point","coordinates":[151.216418,-33.869349]}},{"type":"Feature","properties":{"k":"tree"},"geometry":{"type":"Point","coordinates":[151.216226,-33.86998]}},{"type":"Feature","properties":{"k":"tree"},"geometry":{"type":"Point","coordinates":[151.216515,-33.868871]}},{"type":"Feature","properties":{"k":"tree"},"geometry":{"type":"Point","coordinates":[151.214824,-33.87035]}},{"type":"Feature","properties":{"k":"tree"},"geometry":{"type":"Point","coordinates":[151.215023,-33.870618]}},{"type":"Feature","properties":{"k":"tree"},"geometry":{"type":"Point","coordinates":[151.216195,-33.869866]}},{"type":"Feature","properties":{"k":"tree"},"geometry":{"type":"Point","coordinates":[151.214244,-33.870561]}},{"type":"Feature","properties":{"k":"tree"},"geometry":{"type":"Point","coordinates":[151.215527,-33.869473]}},{"type":"Feature","properties":{"k":"tree"},"geometry":{"type":"Point","coordinates":[151.215522,-33.869832]}},{"type":"Feature","properties":{"k":"tree"},"geometry":{"type":"Point","coordinates":[151.21597,-33.869898]}},{"type":"Feature","properties":{"k":"tree"},"geometry":{"type":"Point","coordinates":[151.215989,-33.869845]}},{"type":"Feature","properties":{"k":"tree"},"geometry":{"type":"Point","coordinates":[151.215007,-33.870308]}},{"type":"Feature","properties":{"k":"tree"},"geometry":{"type":"Point","coordinates":[151.214761,-33.870627]}},{"type":"Feature","properties":{"k":"tree"},"geometry":{"type":"Point","coordinates":[151.216411,-33.869698]}},{"type":"Feature","properties":{"k":"tree"},"geometry":{"type":"Point","coordinates":[151.215794,-33.869918]}},{"type":"Feature","properties":{"k":"tree"},"geometry":{"type":"Point","coordinates":[151.21515,-33.869971]}},{"type":"Feature","properties":{"k":"tree"},"geometry":{"type":"Point","coordinates":[151.21529,-33.869957]}},{"type":"Feature","properties":{"k":"tree"},"geometry":{"type":"Point","coordinates":[151.21483,-33.870022]}},{"type":"Feature","properties":{"k":"tree"},"geometry":{"type":"Point","coordinates":[151.215535,-33.862854]}},{"type":"Feature","properties":{"k":"tree"},"geometry":{"type":"Point","coordinates":[151.215763,-33.86339]}},{"type":"Feature","properties":{"k":"tree"},"geometry":{"type":"Point","coordinates":[151.215647,-33.862896]}},{"type":"Feature","properties":{"k":"tree"},"geometry":{"type":"Point","coordinates":[151.21576,-33.863765]}},{"type":"Feature","properties":{"k":"tree"},"geometry":{"type":"Point","coordinates":[151.215862,-33.863023]}},{"type":"Feature","properties":{"k":"tree"},"geometry":{"type":"Point","coordinates":[151.215755,-33.862924]}},{"type":"Feature","properties":{"k":"tree"},"geometry":{"type":"Point","coordinates":[151.215593,-33.863016]}},{"type":"Feature","properties":{"k":"tree"},"geometry":{"type":"Point","coordinates":[151.2157,-33.863039]}},{"type":"Feature","properties":{"k":"tree"},"geometry":{"type":"Point","coordinates":[151.218649,-33.864801]}},{"type":"Feature","properties":{"k":"tree"},"geometry":{"type":"Point","coordinates":[151.217154,-33.86466]}},{"type":"Feature","properties":{"k":"tree"},"geometry":{"type":"Point","coordinates":[151.218709,-33.864881]}},{"type":"Feature","properties":{"k":"tree"},"geometry":{"type":"Point","coordinates":[151.218781,-33.864778]}},{"type":"Feature","properties":{"k":"tree"},"geometry":{"type":"Point","coordinates":[151.218019,-33.865012]}},{"type":"Feature","properties":{"k":"tree"},"geometry":{"type":"Point","coordinates":[151.218468,-33.864574]}},{"type":"Feature","properties":{"k":"tree"},"geometry":{"type":"Point","coordinates":[151.217167,-33.864787]}},{"type":"Feature","properties":{"k":"tree"},"geometry":{"type":"Point","coordinates":[151.216516,-33.863948]}},{"type":"Feature","properties":{"k":"tree"},"geometry":{"type":"Point","coordinates":[151.218852,-33.864935]}},{"type":"Feature","properties":{"k":"tree"},"geometry":{"type":"Point","coordinates":[151.216126,-33.864353]}},{"type":"Feature","properties":{"k":"tree"},"geometry":{"type":"Point","coordinates":[151.216592,-33.864064]}},{"type":"Feature","properties":{"k":"tree"},"geometry":{"type":"Point","coordinates":[151.218905,-33.864811]}},{"type":"Feature","properties":{"k":"tree"},"geometry":{"type":"Point","coordinates":[151.216386,-33.864259]}},{"type":"Feature","properties":{"k":"tree"},"geometry":{"type":"Point","coordinates":[151.216978,-33.864952]}},{"type":"Feature","properties":{"k":"tree"},"geometry":{"type":"Point","coordinates":[151.218135,-33.865119]}},{"type":"Feature","properties":{"k":"tree"},"geometry":{"type":"Point","coordinates":[151.217956,-33.865109]}},{"type":"Feature","properties":{"k":"tree"},"geometry":{"type":"Point","coordinates":[151.216373,-33.864064]}},{"type":"Feature","properties":{"k":"tree"},"geometry":{"type":"Point","coordinates":[151.217149,-33.864832]}},{"type":"Feature","properties":{"k":"tree"},"geometry":{"type":"Point","coordinates":[151.216231,-33.864334]}},{"type":"Feature","properties":{"k":"tree"},"geometry":{"type":"Point","coordinates":[151.216368,-33.864431]}},{"type":"Feature","properties":{"k":"tree"},"geometry":{"type":"Point","coordinates":[151.215996,-33.869102]}},{"type":"Feature","properties":{"k":"tree"},"geometry":{"type":"Point","coordinates":[151.214716,-33.870142]}},{"type":"Feature","properties":{"k":"tree"},"geometry":{"type":"Point","coordinates":[151.213713,-33.86942]}},{"type":"Feature","properties":{"k":"tree"},"geometry":{"type":"Point","coordinates":[151.214686,-33.866799]}},{"type":"Feature","properties":{"k":"tree"},"geometry":{"type":"Point","coordinates":[151.214488,-33.866701]}},{"type":"Feature","properties":{"k":"tree"},"geometry":{"type":"Point","coordinates":[151.216535,-33.869509]}},{"type":"Feature","properties":{"k":"tree"},"geometry":{"type":"Point","coordinates":[151.214389,-33.866572]}},{"type":"Feature","properties":{"k":"tree"},"geometry":{"type":"Point","coordinates":[151.21404,-33.866396]}},{"type":"Feature","properties":{"k":"tree"},"geometry":{"type":"Point","coordinates":[151.214919,-33.866805]}},{"type":"Feature","properties":{"k":"tree"},"geometry":{"type":"Point","coordinates":[151.214144,-33.866476]}},{"type":"Feature","properties":{"k":"tree"},"geometry":{"type":"Point","coordinates":[151.215519,-33.868186]}},{"type":"Feature","properties":{"k":"tree"},"geometry":{"type":"Point","coordinates":[151.216217,-33.869202]}},{"type":"Feature","properties":{"k":"tree"},"geometry":{"type":"Point","coordinates":[151.215676,-33.868195]}},{"type":"Feature","properties":{"k":"tree"},"geometry":{"type":"Point","coordinates":[151.213652,-33.868883]}},{"type":"Feature","properties":{"k":"tree"},"geometry":{"type":"Point","coordinates":[151.214592,-33.871001]}},{"type":"Feature","properties":{"k":"tree"},"geometry":{"type":"Point","coordinates":[151.213829,-33.869434]}},{"type":"Feature","properties":{"k":"tree"},"geometry":{"type":"Point","coordinates":[151.21646,-33.867541]}},{"type":"Feature","properties":{"k":"tree"},"geometry":{"type":"Point","coordinates":[151.215997,-33.869217]}},{"type":"Feature","properties":{"k":"tree"},"geometry":{"type":"Point","coordinates":[151.215726,-33.868335]}},{"type":"Feature","properties":{"k":"tree"},"geometry":{"type":"Point","coordinates":[151.215022,-33.866865]}},{"type":"Feature","properties":{"k":"tree"},"geometry":{"type":"Point","coordinates":[151.215058,-33.871096]}},{"type":"Feature","properties":{"k":"tree"},"geometry":{"type":"Point","coordinates":[151.214895,-33.871118]}},{"type":"Feature","properties":{"k":"tree"},"geometry":{"type":"Point","coordinates":[151.216262,-33.869052]}},{"type":"Feature","properties":{"k":"tree"},"geometry":{"type":"Point","coordinates":[151.215419,-33.868292]}},{"type":"Feature","properties":{"k":"tree"},"geometry":{"type":"Point","coordinates":[151.214036,-33.866616]}},{"type":"Feature","properties":{"k":"tree"},"geometry":{"type":"Point","coordinates":[151.214076,-33.866696]}},{"type":"Feature","properties":{"k":"tree"},"geometry":{"type":"Point","coordinates":[151.215346,-33.866935]}},{"type":"Feature","properties":{"k":"tree"},"geometry":{"type":"Point","coordinates":[151.216691,-33.867431]}},{"type":"Feature","properties":{"k":"tree"},"geometry":{"type":"Point","coordinates":[151.215211,-33.866924]}},{"type":"Feature","properties":{"k":"tree"},"geometry":{"type":"Point","coordinates":[151.21355,-33.869142]}},{"type":"Feature","properties":{"k":"tree"},"geometry":{"type":"Point","coordinates":[151.214643,-33.866707]}},{"type":"Feature","properties":{"k":"tree"},"geometry":{"type":"Point","coordinates":[151.214664,-33.871095]}},{"type":"Feature","properties":{"k":"tree"},"geometry":{"type":"Point","coordinates":[151.215792,-33.867539]}},{"type":"Feature","properties":{"k":"tree"},"geometry":{"type":"Point","coordinates":[151.217165,-33.867821]}},{"type":"Feature","properties":{"k":"tree"},"geometry":{"type":"Point","coordinates":[151.213713,-33.869339]}},{"type":"Feature","properties":{"k":"tree"},"geometry":{"type":"Point","coordinates":[151.214536,-33.870083]}},{"type":"Feature","properties":{"k":"tree"},"geometry":{"type":"Point","coordinates":[151.216445,-33.867452]}},{"type":"Feature","properties":{"k":"tree"},"geometry":{"type":"Point","coordinates":[151.215611,-33.86808]}},{"type":"Feature","properties":{"k":"tree"},"geometry":{"type":"Point","coordinates":[151.215708,-33.86798]}},{"type":"Feature","properties":{"k":"tree"},"geometry":{"type":"Point","coordinates":[151.217056,-33.867925]}},{"type":"Feature","properties":{"k":"tree"},"geometry":{"type":"Point","coordinates":[151.213838,-33.869537]}},{"type":"Feature","properties":{"k":"tree"},"geometry":{"type":"Point","coordinates":[151.215011,-33.870787]}},{"type":"Feature","properties":{"k":"tree"},"geometry":{"type":"Point","coordinates":[151.213581,-33.868846]}},{"type":"Feature","properties":{"k":"tree"},"geometry":{"type":"Point","coordinates":[151.215648,-33.867227]}},{"type":"Feature","properties":{"k":"tree"},"geometry":{"type":"Point","coordinates":[151.215344,-33.867007]}},{"type":"Feature","properties":{"k":"tree"},"geometry":{"type":"Point","coordinates":[151.218049,-33.866015]}},{"type":"Feature","properties":{"k":"tree"},"geometry":{"type":"Point","coordinates":[151.214336,-33.858869]}},{"type":"Feature","properties":{"k":"tree"},"geometry":{"type":"Point","coordinates":[151.217738,-33.866304]}},{"type":"Feature","properties":{"k":"tree"},"geometry":{"type":"Point","coordinates":[151.215135,-33.858666]}},{"type":"Feature","properties":{"k":"tree"},"geometry":{"type":"Point","coordinates":[151.214739,-33.860271]}},{"type":"Feature","properties":{"k":"tree"},"geometry":{"type":"Point","coordinates":[151.218082,-33.865832]}},{"type":"Feature","properties":{"k":"tree"},"geometry":{"type":"Point","coordinates":[151.215704,-33.868779]}},{"type":"Feature","properties":{"k":"tree"},"geometry":{"type":"Point","coordinates":[151.215482,-33.860248]}},{"type":"Feature","properties":{"k":"tree"},"geometry":{"type":"Point","coordinates":[151.214461,-33.861237]}},{"type":"Feature","properties":{"k":"tree"},"geometry":{"type":"Point","coordinates":[151.21428,-33.858665]}},{"type":"Feature","properties":{"k":"tree"},"geometry":{"type":"Point","coordinates":[151.214995,-33.869565]}},{"type":"Feature","properties":{"k":"tree"},"geometry":{"type":"Point","coordinates":[151.215947,-33.863266]}},{"type":"Feature","properties":{"k":"tree"},"geometry":{"type":"Point","coordinates":[151.21515,-33.869492]}},{"type":"Feature","properties":{"k":"tree"},"geometry":{"type":"Point","coordinates":[151.214502,-33.860532]}},{"type":"Feature","properties":{"k":"tree"},"geometry":{"type":"Point","coordinates":[151.215812,-33.867866]}},{"type":"Feature","properties":{"k":"tree"},"geometry":{"type":"Point","coordinates":[151.217899,-33.866372]}},{"type":"Feature","properties":{"k":"tree"},"geometry":{"type":"Point","coordinates":[151.215267,-33.868606]}},{"type":"Feature","properties":{"k":"tree"},"geometry":{"type":"Point","coordinates":[151.214374,-33.860351]}},{"type":"Feature","properties":{"k":"tree"},"geometry":{"type":"Point","coordinates":[151.215076,-33.859143]}},{"type":"Feature","properties":{"k":"tree"},"geometry":{"type":"Point","coordinates":[151.216396,-33.868424]}},{"type":"Feature","properties":{"k":"tree"},"geometry":{"type":"Point","coordinates":[151.216185,-33.859639]}},{"type":"Feature","properties":{"k":"tree"},"geometry":{"type":"Point","coordinates":[151.214494,-33.858838]}},{"type":"Feature","properties":{"k":"tree"},"geometry":{"type":"Point","coordinates":[151.216443,-33.867901]}},{"type":"Feature","properties":{"k":"tree"},"geometry":{"type":"Point","coordinates":[151.214638,-33.85857]}},{"type":"Feature","properties":{"k":"tree"},"geometry":{"type":"Point","coordinates":[151.215302,-33.868821]}},{"type":"Feature","properties":{"k":"tree"},"geometry":{"type":"Point","coordinates":[151.214602,-33.871158]}},{"type":"Feature","properties":{"k":"tree"},"geometry":{"type":"Point","coordinates":[151.216787,-33.86764]}},{"type":"Feature","properties":{"k":"tree"},"geometry":{"type":"Point","coordinates":[151.21435,-33.86212]}},{"type":"Feature","properties":{"k":"tree"},"geometry":{"type":"Point","coordinates":[151.215208,-33.859709]}},{"type":"Feature","properties":{"k":"tree"},"geometry":{"type":"Point","coordinates":[151.215299,-33.858821]}},{"type":"Feature","properties":{"k":"tree"},"geometry":{"type":"Point","coordinates":[151.21546,-33.859437]}},{"type":"Feature","properties":{"k":"tree"},"geometry":{"type":"Point","coordinates":[151.214116,-33.862113]}},{"type":"Feature","properties":{"k":"tree"},"geometry":{"type":"Point","coordinates":[151.216656,-33.867878]}},{"type":"Feature","properties":{"k":"tree"},"geometry":{"type":"Point","coordinates":[151.215283,-33.858957]}},{"type":"Feature","properties":{"k":"tree"},"geometry":{"type":"Point","coordinates":[151.215163,-33.8595]}},{"type":"Feature","properties":{"k":"tree"},"geometry":{"type":"Point","coordinates":[151.216295,-33.863759]}},{"type":"Feature","properties":{"k":"tree"},"geometry":{"type":"Point","coordinates":[151.214514,-33.860341]}},{"type":"Feature","properties":{"k":"tree"},"geometry":{"type":"Point","coordinates":[151.214715,-33.85987]}},{"type":"Feature","properties":{"k":"tree"},"geometry":{"type":"Point","coordinates":[151.214808,-33.858387]}},{"type":"Feature","properties":{"k":"tree"},"geometry":{"type":"Point","coordinates":[151.215669,-33.86895]}},{"type":"Feature","properties":{"k":"tree"},"geometry":{"type":"Point","coordinates":[151.215155,-33.869248]}},{"type":"Feature","properties":{"k":"tree"},"geometry":{"type":"Point","coordinates":[151.214916,-33.869385]}},{"type":"Feature","properties":{"k":"tree"},"geometry":{"type":"Point","coordinates":[151.216045,-33.86876]}},{"type":"Feature","properties":{"k":"tree"},"geometry":{"type":"Point","coordinates":[151.214633,-33.869559]}},{"type":"Feature","properties":{"k":"tree"},"geometry":{"type":"Point","coordinates":[151.214477,-33.869667]}},{"type":"Feature","properties":{"k":"tree"},"geometry":{"type":"Point","coordinates":[151.215051,-33.869315]}},{"type":"Feature","properties":{"k":"tree"},"geometry":{"type":"Point","coordinates":[151.214777,-33.869476]}},{"type":"Feature","properties":{"k":"tree"},"geometry":{"type":"Point","coordinates":[151.2159,-33.868844]}},{"type":"Feature","properties":{"k":"tree"},"geometry":{"type":"Point","coordinates":[151.21809,-33.865016]}},{"type":"Feature","properties":{"k":"tree"},"geometry":{"type":"Point","coordinates":[151.218072,-33.864587]}},{"type":"Feature","properties":{"k":"tree"},"geometry":{"type":"Point","coordinates":[151.217826,-33.864762]}},{"type":"Feature","properties":{"k":"tree"},"geometry":{"type":"Point","coordinates":[151.218275,-33.864811]}},{"type":"Feature","properties":{"k":"tree"},"geometry":{"type":"Point","coordinates":[151.218739,-33.865972]}},{"type":"Feature","properties":{"k":"tree"},"geometry":{"type":"Point","coordinates":[151.218501,-33.866468]}},{"type":"Feature","properties":{"k":"tree"},"geometry":{"type":"Point","coordinates":[151.219894,-33.865578]}},{"type":"Feature","properties":{"k":"tree"},"geometry":{"type":"Point","coordinates":[151.213422,-33.868873]}},{"type":"Feature","properties":{"k":"tree"},"geometry":{"type":"Point","coordinates":[151.213632,-33.869565]}},{"type":"Feature","properties":{"k":"tree"},"geometry":{"type":"Point","coordinates":[151.219279,-33.866393]}},{"type":"Feature","properties":{"k":"tree"},"geometry":{"type":"Point","coordinates":[151.218448,-33.866784]}},{"type":"Feature","properties":{"k":"tree"},"geometry":{"type":"Point","coordinates":[151.213945,-33.869945]}},{"type":"Feature","properties":{"k":"tree"},"geometry":{"type":"Point","coordinates":[151.219836,-33.865752]}},{"type":"Feature","properties":{"k":"tree"},"geometry":{"type":"Point","coordinates":[151.219698,-33.866109]}},{"type":"Feature","properties":{"k":"tree"},"geometry":{"type":"Point","coordinates":[151.219625,-33.866185]}},{"type":"Feature","properties":{"k":"tree"},"geometry":{"type":"Point","coordinates":[151.218799,-33.866493]}},{"type":"Feature","properties":{"k":"tree"},"geometry":{"type":"Point","coordinates":[151.219128,-33.866595]}},{"type":"Feature","properties":{"k":"tree"},"geometry":{"type":"Point","coordinates":[151.208708,-33.858606]}},{"type":"Feature","properties":{"k":"tree"},"geometry":{"type":"Point","coordinates":[151.215511,-33.868353]}},{"type":"Feature","properties":{"k":"tree"},"geometry":{"type":"Point","coordinates":[151.215952,-33.868067]}},{"type":"Feature","properties":{"k":"tree"},"geometry":{"type":"Point","coordinates":[151.215998,-33.868007]}},{"type":"Feature","properties":{"k":"tree"},"geometry":{"type":"Point","coordinates":[151.207992,-33.883151]}},{"type":"Feature","properties":{"k":"tree"},"geometry":{"type":"Point","coordinates":[151.207957,-33.88324]}},{"type":"Feature","properties":{"k":"tree"},"geometry":{"type":"Point","coordinates":[151.207958,-33.883326]}},{"type":"Feature","properties":{"k":"tree"},"geometry":{"type":"Point","coordinates":[151.207936,-33.883381]}},{"type":"Feature","properties":{"k":"tree"},"geometry":{"type":"Point","coordinates":[151.205599,-33.881363]}},{"type":"Feature","properties":{"k":"tree"},"geometry":{"type":"Point","coordinates":[151.205654,-33.881388]}},{"type":"Feature","properties":{"k":"tree"},"geometry":{"type":"Point","coordinates":[151.205712,-33.881409]}},{"type":"Feature","properties":{"k":"tree"},"geometry":{"type":"Point","coordinates":[151.205761,-33.881438]}},{"type":"Feature","properties":{"k":"tree"},"geometry":{"type":"Point","coordinates":[151.205801,-33.881464]}},{"type":"Feature","properties":{"k":"tree"},"geometry":{"type":"Point","coordinates":[151.199674,-33.888613]}},{"type":"Feature","properties":{"k":"tree"},"geometry":{"type":"Point","coordinates":[151.199674,-33.888568]}},{"type":"Feature","properties":{"k":"tree"},"geometry":{"type":"Point","coordinates":[151.199725,-33.888553]}},{"type":"Feature","properties":{"k":"tree"},"geometry":{"type":"Point","coordinates":[151.199139,-33.887322]}},{"type":"Feature","properties":{"k":"tree"},"geometry":{"type":"Point","coordinates":[151.198997,-33.887304]}},{"type":"Feature","properties":{"k":"tree"},"geometry":{"type":"Point","coordinates":[151.214637,-33.86544]}},{"type":"Feature","properties":{"k":"tree"},"geometry":{"type":"Point","coordinates":[151.214615,-33.865559]}},{"type":"Feature","properties":{"k":"tree"},"geometry":{"type":"Point","coordinates":[151.21681,-33.860139]}},{"type":"Feature","properties":{"k":"tree"},"geometry":{"type":"Point","coordinates":[151.219174,-33.868527]}},{"type":"Feature","properties":{"k":"tree"},"geometry":{"type":"Point","coordinates":[151.219275,-33.868551]}},{"type":"Feature","properties":{"k":"tree"},"geometry":{"type":"Point","coordinates":[151.219145,-33.868608]}},{"type":"Feature","properties":{"k":"tree"},"geometry":{"type":"Point","coordinates":[151.21925,-33.868633]}},{"type":"Feature","properties":{"k":"tree"},"geometry":{"type":"Point","coordinates":[151.219061,-33.868482]}},{"type":"Feature","properties":{"k":"tree"},"geometry":{"type":"Point","coordinates":[151.219504,-33.865955]}},{"type":"Feature","properties":{"k":"tree"},"geometry":{"type":"Point","coordinates":[151.21939,-33.865924]}},{"type":"Feature","properties":{"k":"tree"},"geometry":{"type":"Point","coordinates":[151.219648,-33.865651]}},{"type":"Feature","properties":{"k":"tree"},"geometry":{"type":"Point","coordinates":[151.219293,-33.866056]}},{"type":"Feature","properties":{"k":"tree"},"geometry":{"type":"Point","coordinates":[151.219685,-33.865551]}},{"type":"Feature","properties":{"k":"tree"},"geometry":{"type":"Point","coordinates":[151.219542,-33.865452]}},{"type":"Feature","properties":{"k":"tree"},"geometry":{"type":"Point","coordinates":[151.217527,-33.866757]}},{"type":"Feature","properties":{"k":"tree"},"geometry":{"type":"Point","coordinates":[151.217637,-33.86664]}},{"type":"Feature","properties":{"k":"tree"},"geometry":{"type":"Point","coordinates":[151.217477,-33.866814]}},{"type":"Feature","properties":{"k":"tree"},"geometry":{"type":"Point","coordinates":[151.218791,-33.864576]}},{"type":"Feature","properties":{"k":"tree"},"geometry":{"type":"Point","coordinates":[151.198161,-33.886738]}},{"type":"Feature","properties":{"k":"tree"},"geometry":{"type":"Point","coordinates":[151.217553,-33.863455]}},{"type":"Feature","properties":{"k":"tree"},"geometry":{"type":"Point","coordinates":[151.219391,-33.864276]}},{"type":"Feature","properties":{"k":"tree"},"geometry":{"type":"Point","coordinates":[151.219114,-33.864622]}},{"type":"Feature","properties":{"k":"tree"},"geometry":{"type":"Point","coordinates":[151.219526,-33.864494]}},{"type":"Feature","properties":{"k":"tree"},"geometry":{"type":"Point","coordinates":[151.216472,-33.8638]}},{"type":"Feature","properties":{"k":"tree"},"geometry":{"type":"Point","coordinates":[151.21606,-33.862589]}},{"type":"Feature","properties":{"k":"tree"},"geometry":{"type":"Point","coordinates":[151.219968,-33.863809]}},{"type":"Feature","properties":{"k":"tree"},"geometry":{"type":"Point","coordinates":[151.219829,-33.863936]}},{"type":"Feature","properties":{"k":"tree"},"geometry":{"type":"Point","coordinates":[151.216022,-33.862648]}},{"type":"Feature","properties":{"k":"tree"},"geometry":{"type":"Point","coordinates":[151.219984,-33.864091]}},{"type":"Feature","properties":{"k":"tree"},"geometry":{"type":"Point","coordinates":[151.219883,-33.863103]}},{"type":"Feature","properties":{"k":"tree"},"geometry":{"type":"Point","coordinates":[151.219931,-33.863885]}},{"type":"Feature","properties":{"k":"tree"},"geometry":{"type":"Point","coordinates":[151.219814,-33.86387]}},{"type":"Feature","properties":{"k":"tree"},"geometry":{"type":"Point","coordinates":[151.215799,-33.862701]}},{"type":"Feature","properties":{"k":"tree"},"geometry":{"type":"Point","coordinates":[151.216408,-33.863856]}},{"type":"Feature","properties":{"k":"tree"},"geometry":{"type":"Point","coordinates":[151.216617,-33.86425]}},{"type":"Feature","properties":{"k":"tree"},"geometry":{"type":"Point","coordinates":[151.216268,-33.863954]}},{"type":"Feature","properties":{"k":"tree"},"geometry":{"type":"Point","coordinates":[151.216711,-33.864124]}},{"type":"Feature","properties":{"k":"tree"},"geometry":{"type":"Point","coordinates":[151.216705,-33.864088]}},{"type":"Feature","properties":{"k":"tree"},"geometry":{"type":"Point","coordinates":[151.218555,-33.864053]}},{"type":"Feature","properties":{"k":"tree"},"geometry":{"type":"Point","coordinates":[151.216804,-33.864674]}},{"type":"Feature","properties":{"k":"tree"},"geometry":{"type":"Point","coordinates":[151.216717,-33.864157]}},{"type":"Feature","properties":{"k":"tree"},"geometry":{"type":"Point","coordinates":[151.215211,-33.862275]}},{"type":"Feature","properties":{"k":"tree"},"geometry":{"type":"Point","coordinates":[151.216322,-33.861499]}},{"type":"Feature","properties":{"k":"tree"},"geometry":{"type":"Point","coordinates":[151.219328,-33.866202]}},{"type":"Feature","properties":{"k":"tree"},"geometry":{"type":"Point","coordinates":[151.219058,-33.866214]}},{"type":"Feature","properties":{"k":"tree"},"geometry":{"type":"Point","coordinates":[151.219362,-33.866171]}},{"type":"Feature","properties":{"k":"tree"},"geometry":{"type":"Point","coordinates":[151.21848,-33.866667]}},{"type":"Feature","properties":{"k":"tree"},"geometry":{"type":"Point","coordinates":[151.218972,-33.866402]}},{"type":"Feature","properties":{"k":"tree"},"geometry":{"type":"Point","coordinates":[151.219358,-33.866481]}},{"type":"Feature","properties":{"k":"tree"},"geometry":{"type":"Point","coordinates":[151.219756,-33.864872]}},{"type":"Feature","properties":{"k":"tree"},"geometry":{"type":"Point","coordinates":[151.218611,-33.866642]}},{"type":"Feature","properties":{"k":"tree"},"geometry":{"type":"Point","coordinates":[151.219344,-33.866187]}},{"type":"Feature","properties":{"k":"tree"},"geometry":{"type":"Point","coordinates":[151.219277,-33.866237]}},{"type":"Feature","properties":{"k":"tree"},"geometry":{"type":"Point","coordinates":[151.217384,-33.868009]}},{"type":"Feature","properties":{"k":"tree"},"geometry":{"type":"Point","coordinates":[151.214109,-33.869514]}},{"type":"Feature","properties":{"k":"tree"},"geometry":{"type":"Point","coordinates":[151.214219,-33.869175]}},{"type":"Feature","properties":{"k":"tree"},"geometry":{"type":"Point","coordinates":[151.213854,-33.869126]}},{"type":"Feature","properties":{"k":"tree"},"geometry":{"type":"Point","coordinates":[151.214419,-33.869292]}},{"type":"Feature","properties":{"k":"tree"},"geometry":{"type":"Point","coordinates":[151.213654,-33.869009]}},{"type":"Feature","properties":{"k":"tree"},"geometry":{"type":"Point","coordinates":[151.213823,-33.86926]}},{"type":"Feature","properties":{"k":"tree"},"geometry":{"type":"Point","coordinates":[151.214066,-33.869291]}},{"type":"Feature","properties":{"k":"tree"},"geometry":{"type":"Point","coordinates":[151.213857,-33.868902]}},{"type":"Feature","properties":{"k":"tree"},"geometry":{"type":"Point","coordinates":[151.213936,-33.869198]}},{"type":"Feature","properties":{"k":"tree"},"geometry":{"type":"Point","coordinates":[151.214202,-33.869041]}},{"type":"Feature","properties":{"k":"tree"},"geometry":{"type":"Point","coordinates":[151.214,-33.869079]}},{"type":"Feature","properties":{"k":"tree"},"geometry":{"type":"Point","coordinates":[151.213901,-33.869293]}},{"type":"Feature","properties":{"k":"tree"},"geometry":{"type":"Point","coordinates":[151.213869,-33.86935]}},{"type":"Feature","properties":{"k":"tree"},"geometry":{"type":"Point","coordinates":[151.218995,-33.868427]}},{"type":"Feature","properties":{"k":"tree"},"geometry":{"type":"Point","coordinates":[151.218963,-33.868514]}},{"type":"Feature","properties":{"k":"tree"},"geometry":{"type":"Point","coordinates":[151.217079,-33.86374]}},{"type":"Feature","properties":{"k":"tree"},"geometry":{"type":"Point","coordinates":[151.215941,-33.86291]}},{"type":"Feature","properties":{"k":"tree"},"geometry":{"type":"Point","coordinates":[151.216033,-33.862939]}},{"type":"Feature","properties":{"k":"tree"},"geometry":{"type":"Point","coordinates":[151.215803,-33.863273]}},{"type":"Feature","properties":{"k":"tree"},"geometry":{"type":"Point","coordinates":[151.216896,-33.862325]}},{"type":"Feature","properties":{"k":"tree"},"geometry":{"type":"Point","coordinates":[151.208164,-33.867463]}},{"type":"Feature","properties":{"k":"tree"},"geometry":{"type":"Point","coordinates":[151.208295,-33.867476]}},{"type":"Feature","properties":{"k":"tree"},"geometry":{"type":"Point","coordinates":[151.208273,-33.867605]}},{"type":"Feature","properties":{"k":"tree"},"geometry":{"type":"Point","coordinates":[151.208152,-33.867596]}},{"type":"Feature","properties":{"k":"tree"},"geometry":{"type":"Point","coordinates":[151.209181,-33.867697]}},{"type":"Feature","properties":{"k":"tree"},"geometry":{"type":"Point","coordinates":[151.209275,-33.867702]}},{"type":"Feature","properties":{"k":"tree"},"geometry":{"type":"Point","coordinates":[151.209364,-33.867712]}},{"type":"Feature","properties":{"k":"tree"},"geometry":{"type":"Point","coordinates":[151.209295,-33.867571]}},{"type":"Feature","properties":{"k":"tree"},"geometry":{"type":"Point","coordinates":[151.209185,-33.867559]}},{"type":"Feature","properties":{"k":"tree"},"geometry":{"type":"Point","coordinates":[151.209454,-33.867583]}},{"type":"Feature","properties":{"k":"tree"},"geometry":{"type":"Point","coordinates":[151.211841,-33.867796]}},{"type":"Feature","properties":{"k":"tree"},"geometry":{"type":"Point","coordinates":[151.211932,-33.867804]}},{"type":"Feature","properties":{"k":"tree"},"geometry":{"type":"Point","coordinates":[151.212049,-33.867813]}},{"type":"Feature","properties":{"k":"tree"},"geometry":{"type":"Point","coordinates":[151.212163,-33.867823]}},{"type":"Feature","properties":{"k":"tree"},"geometry":{"type":"Point","coordinates":[151.21215,-33.867978]}},{"type":"Feature","properties":{"k":"tree"},"geometry":{"type":"Point","coordinates":[151.212027,-33.867968]}},{"type":"Feature","properties":{"k":"tree"},"geometry":{"type":"Point","coordinates":[151.211919,-33.867959]}},{"type":"Feature","properties":{"k":"tree"},"geometry":{"type":"Point","coordinates":[151.211854,-33.867954]}},{"type":"Feature","properties":{"k":"tree"},"geometry":{"type":"Point","coordinates":[151.212108,-33.867975]}},{"type":"Feature","properties":{"k":"tree"},"geometry":{"type":"Point","coordinates":[151.210797,-33.867818]}},{"type":"Feature","properties":{"k":"tree"},"geometry":{"type":"Point","coordinates":[151.210909,-33.867826]}},{"type":"Feature","properties":{"k":"tree"},"geometry":{"type":"Point","coordinates":[151.210989,-33.867831]}},{"type":"Feature","properties":{"k":"tree"},"geometry":{"type":"Point","coordinates":[151.203611,-33.868196]}},{"type":"Feature","properties":{"k":"tree"},"geometry":{"type":"Point","coordinates":[151.205028,-33.872699]}},{"type":"Feature","properties":{"k":"tree"},"geometry":{"type":"Point","coordinates":[151.211906,-33.873757]}},{"type":"Feature","properties":{"k":"tree"},"geometry":{"type":"Point","coordinates":[151.208704,-33.865955]}},{"type":"Feature","properties":{"k":"tree"},"geometry":{"type":"Point","coordinates":[151.207471,-33.86286]}},{"type":"Feature","properties":{"k":"tree"},"geometry":{"type":"Point","coordinates":[151.209737,-33.875697]}},{"type":"Feature","properties":{"k":"tree"},"geometry":{"type":"Point","coordinates":[151.210693,-33.876954]}},{"type":"Feature","properties":{"k":"tree"},"geometry":{"type":"Point","coordinates":[151.209902,-33.866648]}},{"type":"Feature","properties":{"k":"tree"},"geometry":{"type":"Point","coordinates":[151.204499,-33.875506]}},{"type":"Feature","properties":{"k":"tree"},"geometry":{"type":"Point","coordinates":[151.209961,-33.864328]}},{"type":"Feature","properties":{"k":"tree"},"geometry":{"type":"Point","coordinates":[151.206674,-33.874469]}},{"type":"Feature","properties":{"k":"tree"},"geometry":{"type":"Point","coordinates":[151.204898,-33.864804]}},{"type":"Feature","properties":{"k":"tree"},"geometry":{"type":"Point","coordinates":[151.211279,-33.869759]}},{"type":"Feature","properties":{"k":"tree"},"geometry":{"type":"Point","coordinates":[151.206773,-33.87642]}},{"type":"Feature","properties":{"k":"tree"},"geometry":{"type":"Point","coordinates":[151.213315,-33.861167]}},{"type":"Feature","properties":{"k":"tree"},"geometry":{"type":"Point","coordinates":[151.203582,-33.86791]}},{"type":"Feature","properties":{"k":"tree"},"geometry":{"type":"Point","coordinates":[151.210495,-33.873244]}},{"type":"Feature","properties":{"k":"tree"},"geometry":{"type":"Point","coordinates":[151.208372,-33.867785]}},{"type":"Feature","properties":{"k":"tree"},"geometry":{"type":"Point","coordinates":[151.21018,-33.872296]}},{"type":"Feature","properties":{"k":"tree"},"geometry":{"type":"Point","coordinates":[151.205463,-33.867656]}},{"type":"Feature","properties":{"k":"tree"},"geometry":{"type":"Point","coordinates":[151.207049,-33.872341]}},{"type":"Feature","properties":{"k":"tree"},"geometry":{"type":"Point","coordinates":[151.206262,-33.863443]}},{"type":"Feature","properties":{"k":"tree"},"geometry":{"type":"Point","coordinates":[151.212777,-33.873162]}},{"type":"Feature","properties":{"k":"tree"},"geometry":{"type":"Point","coordinates":[151.20706,-33.872088]}},{"type":"Feature","properties":{"k":"tree"},"geometry":{"type":"Point","coordinates":[151.206613,-33.865019]}},{"type":"Feature","properties":{"k":"tree"},"geometry":{"type":"Point","coordinates":[151.210349,-33.87091]}},{"type":"Feature","properties":{"k":"tree"},"geometry":{"type":"Point","coordinates":[151.204102,-33.87351]}},{"type":"Feature","properties":{"k":"tree"},"geometry":{"type":"Point","coordinates":[151.210933,-33.866441]}},{"type":"Feature","properties":{"k":"tree"},"geometry":{"type":"Point","coordinates":[151.206323,-33.867624]}},{"type":"Feature","properties":{"k":"tree"},"geometry":{"type":"Point","coordinates":[151.211215,-33.866461]}},{"type":"Feature","properties":{"k":"tree"},"geometry":{"type":"Point","coordinates":[151.206328,-33.876184]}},{"type":"Feature","properties":{"k":"tree"},"geometry":{"type":"Point","coordinates":[151.210952,-33.865016]}},{"type":"Feature","properties":{"k":"tree"},"geometry":{"type":"Point","coordinates":[151.205077,-33.867492]}},{"type":"Feature","properties":{"k":"tree"},"geometry":{"type":"Point","coordinates":[151.203661,-33.869783]}},{"type":"Feature","properties":{"k":"tree"},"geometry":{"type":"Point","coordinates":[151.20927,-33.86765]}},{"type":"Feature","properties":{"k":"tree"},"geometry":{"type":"Point","coordinates":[151.212339,-33.870044]}},{"type":"Feature","properties":{"k":"tree"},"geometry":{"type":"Point","coordinates":[151.207485,-33.862818]}},{"type":"Feature","properties":{"k":"tree"},"geometry":{"type":"Point","coordinates":[151.207786,-33.862339]}},{"type":"Feature","properties":{"k":"tree"},"geometry":{"type":"Point","coordinates":[151.212176,-33.869363]}},{"type":"Feature","properties":{"k":"tree"},"geometry":{"type":"Point","coordinates":[151.204644,-33.864044]}},{"type":"Feature","properties":{"k":"tree"},"geometry":{"type":"Point","coordinates":[151.205847,-33.877204]}},{"type":"Feature","properties":{"k":"tree"},"geometry":{"type":"Point","coordinates":[151.210881,-33.876964]}},{"type":"Feature","properties":{"k":"tree"},"geometry":{"type":"Point","coordinates":[151.208618,-33.866734]}},{"type":"Feature","properties":{"k":"tree"},"geometry":{"type":"Point","coordinates":[151.208594,-33.870738]}},{"type":"Feature","properties":{"k":"tree"},"geometry":{"type":"Point","coordinates":[151.206915,-33.868488]}},{"type":"Feature","properties":{"k":"tree"},"geometry":{"type":"Point","coordinates":[151.204771,-33.863546]}},{"type":"Feature","properties":{"k":"tree"},"geometry":{"type":"Point","coordinates":[151.212097,-33.868049]}},{"type":"Feature","properties":{"k":"tree"},"geometry":{"type":"Point","coordinates":[151.203805,-33.870052]}},{"type":"Feature","properties":{"k":"tree"},"geometry":{"type":"Point","coordinates":[151.212904,-33.872356]}},{"type":"Feature","properties":{"k":"tree"},"geometry":{"type":"Point","coordinates":[151.204385,-33.874288]}},{"type":"Feature","properties":{"k":"tree"},"geometry":{"type":"Point","coordinates":[151.206591,-33.872955]}},{"type":"Feature","properties":{"k":"tree"},"geometry":{"type":"Point","coordinates":[151.209004,-33.863796]}},{"type":"Feature","properties":{"k":"tree"},"geometry":{"type":"Point","coordinates":[151.206224,-33.863702]}},{"type":"Feature","properties":{"k":"tree"},"geometry":{"type":"Point","coordinates":[151.209788,-33.875284]}},{"type":"Feature","properties":{"k":"tree"},"geometry":{"type":"Point","coordinates":[151.207269,-33.876485]}},{"type":"Feature","properties":{"k":"tree"},"geometry":{"type":"Point","coordinates":[151.208756,-33.864535]}},{"type":"Feature","properties":{"k":"tree"},"geometry":{"type":"Point","coordinates":[151.207114,-33.868065]}},{"type":"Feature","properties":{"k":"tree"},"geometry":{"type":"Point","coordinates":[151.211905,-33.865195]}},{"type":"Feature","properties":{"k":"tree"},"geometry":{"type":"Point","coordinates":[151.206149,-33.876202]}},{"type":"Feature","properties":{"k":"tree"},"geometry":{"type":"Point","coordinates":[151.207232,-33.863482]}},{"type":"Feature","properties":{"k":"tree"},"geometry":{"type":"Point","coordinates":[151.209921,-33.872312]}},{"type":"Feature","properties":{"k":"tree"},"geometry":{"type":"Point","coordinates":[151.209481,-33.87473]}},{"type":"Feature","properties":{"k":"tree"},"geometry":{"type":"Point","coordinates":[151.209659,-33.87432]}},{"type":"Feature","properties":{"k":"tree"},"geometry":{"type":"Point","coordinates":[151.209579,-33.874997]}},{"type":"Feature","properties":{"k":"tree"},"geometry":{"type":"Point","coordinates":[151.206316,-33.87626]}},{"type":"Feature","properties":{"k":"tree"},"geometry":{"type":"Point","coordinates":[151.205598,-33.878907]}},{"type":"Feature","properties":{"k":"tree"},"geometry":{"type":"Point","coordinates":[151.208867,-33.876269]}},{"type":"Feature","properties":{"k":"tree"},"geometry":{"type":"Point","coordinates":[151.205632,-33.872425]}},{"type":"Feature","properties":{"k":"tree"},"geometry":{"type":"Point","coordinates":[151.208234,-33.861171]}},{"type":"Feature","properties":{"k":"tree"},"geometry":{"type":"Point","coordinates":[151.205973,-33.866867]}},{"type":"Feature","properties":{"k":"tree"},"geometry":{"type":"Point","coordinates":[151.21295,-33.87163]}},{"type":"Feature","properties":{"k":"tree"},"geometry":{"type":"Point","coordinates":[151.207459,-33.864857]}},{"type":"Feature","properties":{"k":"tree"},"geometry":{"type":"Point","coordinates":[151.205851,-33.866074]}},{"type":"Feature","properties":{"k":"tree"},"geometry":{"type":"Point","coordinates":[151.211229,-33.869943]}},{"type":"Feature","properties":{"k":"tree"},"geometry":{"type":"Point","coordinates":[151.20375,-33.870658]}},{"type":"Feature","properties":{"k":"tree"},"geometry":{"type":"Point","coordinates":[151.20688,-33.869673]}},{"type":"Feature","properties":{"k":"tree"},"geometry":{"type":"Point","coordinates":[151.206372,-33.872306]}},{"type":"Feature","properties":{"k":"tree"},"geometry":{"type":"Point","coordinates":[151.209443,-33.865938]}},{"type":"Feature","properties":{"k":"tree"},"geometry":{"type":"Point","coordinates":[151.208183,-33.872679]}},{"type":"Feature","properties":{"k":"tree"},"geometry":{"type":"Point","coordinates":[151.207337,-33.865711]}},{"type":"Feature","properties":{"k":"tree"},"geometry":{"type":"Point","coordinates":[151.209915,-33.866755]}},{"type":"Feature","properties":{"k":"tree"},"geometry":{"type":"Point","coordinates":[151.206105,-33.870315]}},{"type":"Feature","properties":{"k":"tree"},"geometry":{"type":"Point","coordinates":[151.20355,-33.867695]}},{"type":"Feature","properties":{"k":"tree"},"geometry":{"type":"Point","coordinates":[151.206202,-33.872868]}},{"type":"Feature","properties":{"k":"tree"},"geometry":{"type":"Point","coordinates":[151.208143,-33.867563]}},{"type":"Feature","properties":{"k":"tree"},"geometry":{"type":"Point","coordinates":[151.207004,-33.867234]}},{"type":"Feature","properties":{"k":"tree"},"geometry":{"type":"Point","coordinates":[151.207783,-33.862064]}},{"type":"Feature","properties":{"k":"tree"},"geometry":{"type":"Point","coordinates":[151.209717,-33.875884]}},{"type":"Feature","properties":{"k":"tree"},"geometry":{"type":"Point","coordinates":[151.210001,-33.876939]}},{"type":"Feature","properties":{"k":"tree"},"geometry":{"type":"Point","coordinates":[151.210144,-33.865994]}},{"type":"Feature","properties":{"k":"tree"},"geometry":{"type":"Point","coordinates":[151.204652,-33.876091]}},{"type":"Feature","properties":{"k":"tree"},"geometry":{"type":"Point","coordinates":[151.210722,-33.864613]}},{"type":"Feature","properties":{"k":"tree"},"geometry":{"type":"Point","coordinates":[151.206882,-33.870242]}},{"type":"Feature","properties":{"k":"tree"},"geometry":{"type":"Point","coordinates":[151.204872,-33.864584]}},{"type":"Feature","properties":{"k":"tree"},"geometry":{"type":"Point","coordinates":[151.211647,-33.869724]}},{"type":"Feature","properties":{"k":"tree"},"geometry":{"type":"Point","coordinates":[151.208768,-33.865332]}},{"type":"Feature","properties":{"k":"tree"},"geometry":{"type":"Point","coordinates":[151.213225,-33.861476]}},{"type":"Feature","properties":{"k":"tree"},"geometry":{"type":"Point","coordinates":[151.203261,-33.8664]}},{"type":"Feature","properties":{"k":"tree"},"geometry":{"type":"Point","coordinates":[151.210237,-33.873204]}},{"type":"Feature","properties":{"k":"tree"},"geometry":{"type":"Point","coordinates":[151.208441,-33.867225]}},{"type":"Feature","properties":{"k":"tree"},"geometry":{"type":"Point","coordinates":[151.205824,-33.864152]}},{"type":"Feature","properties":{"k":"tree"},"geometry":{"type":"Point","coordinates":[151.21016,-33.872441]}},{"type":"Feature","properties":{"k":"tree"},"geometry":{"type":"Point","coordinates":[151.205159,-33.867111]}},{"type":"Feature","properties":{"k":"tree"},"geometry":{"type":"Point","coordinates":[151.206711,-33.874996]}},{"type":"Feature","properties":{"k":"tree"},"geometry":{"type":"Point","coordinates":[151.207523,-33.86252]}},{"type":"Feature","properties":{"k":"tree"},"geometry":{"type":"Point","coordinates":[151.212764,-33.873249]}},{"type":"Feature","properties":{"k":"tree"},"geometry":{"type":"Point","coordinates":[151.205633,-33.877584]}},{"type":"Feature","properties":{"k":"tree"},"geometry":{"type":"Point","coordinates":[151.205709,-33.864742]}},{"type":"Feature","properties":{"k":"tree"},"geometry":{"type":"Point","coordinates":[151.210325,-33.871117]}},{"type":"Feature","properties":{"k":"tree"},"geometry":{"type":"Point","coordinates":[151.204208,-33.874367]}},{"type":"Feature","properties":{"k":"tree"},"geometry":{"type":"Point","coordinates":[151.211161,-33.866459]}},{"type":"Feature","properties":{"k":"tree"},"geometry":{"type":"Point","coordinates":[151.209939,-33.869048]}},{"type":"Feature","properties":{"k":"tree"},"geometry":{"type":"Point","coordinates":[151.206174,-33.87666]}},{"type":"Feature","properties":{"k":"tree"},"geometry":{"type":"Point","coordinates":[151.210677,-33.865305]}},{"type":"Feature","properties":{"k":"tree"},"geometry":{"type":"Point","coordinates":[151.205164,-33.868158]}},{"type":"Feature","properties":{"k":"tree"},"geometry":{"type":"Point","coordinates":[151.20798,-33.86177]}},{"type":"Feature","properties":{"k":"tree"},"geometry":{"type":"Point","coordinates":[151.211872,-33.867872]}},{"type":"Feature","properties":{"k":"tree"},"geometry":{"type":"Point","coordinates":[151.212482,-33.870144]}},{"type":"Feature","properties":{"k":"tree"},"geometry":{"type":"Point","coordinates":[151.207489,-33.862716]}},{"type":"Feature","properties":{"k":"tree"},"geometry":{"type":"Point","coordinates":[151.207647,-33.86277]}},{"type":"Feature","properties":{"k":"tree"},"geometry":{"type":"Point","coordinates":[151.211998,-33.869063]}},{"type":"Feature","properties":{"k":"tree"},"geometry":{"type":"Point","coordinates":[151.204755,-33.864708]}},{"type":"Feature","properties":{"k":"tree"},"geometry":{"type":"Point","coordinates":[151.206679,-33.873957]}},{"type":"Feature","properties":{"k":"tree"},"geometry":{"type":"Point","coordinates":[151.210095,-33.876954]}},{"type":"Feature","properties":{"k":"tree"},"geometry":{"type":"Point","coordinates":[151.208487,-33.867746]}},{"type":"Feature","properties":{"k":"tree"},"geometry":{"type":"Point","coordinates":[151.205987,-33.870766]}},{"type":"Feature","properties":{"k":"tree"},"geometry":{"type":"Point","coordinates":[151.206959,-33.868094]}},{"type":"Feature","properties":{"k":"tree"},"geometry":{"type":"Point","coordinates":[151.205401,-33.863958]}},{"type":"Feature","properties":{"k":"tree"},"geometry":{"type":"Point","coordinates":[151.21336,-33.860824]}},{"type":"Feature","properties":{"k":"tree"},"geometry":{"type":"Point","coordinates":[151.203756,-33.869568]}},{"type":"Feature","properties":{"k":"tree"},"geometry":{"type":"Point","coordinates":[151.212769,-33.873215]}},{"type":"Feature","properties":{"k":"tree"},"geometry":{"type":"Point","coordinates":[151.209496,-33.873334]}},{"type":"Feature","properties":{"k":"tree"},"geometry":{"type":"Point","coordinates":[151.208959,-33.864068]}},{"type":"Feature","properties":{"k":"tree"},"geometry":{"type":"Point","coordinates":[151.206259,-33.863587]}},{"type":"Feature","properties":{"k":"tree"},"geometry":{"type":"Point","coordinates":[151.209776,-33.875378]}},{"type":"Feature","properties":{"k":"tree"},"geometry":{"type":"Point","coordinates":[151.210482,-33.876736]}},{"type":"Feature","properties":{"k":"tree"},"geometry":{"type":"Point","coordinates":[151.209145,-33.86292]}},{"type":"Feature","properties":{"k":"tree"},"geometry":{"type":"Point","coordinates":[151.207014,-33.869576]}},{"type":"Feature","properties":{"k":"tree"},"geometry":{"type":"Point","coordinates":[151.210906,-33.864456]}},{"type":"Feature","properties":{"k":"tree"},"geometry":{"type":"Point","coordinates":[151.206391,-33.875521]}},{"type":"Feature","properties":{"k":"tree"},"geometry":{"type":"Point","coordinates":[151.206888,-33.863443]}},{"type":"Feature","properties":{"k":"tree"},"geometry":{"type":"Point","coordinates":[151.20997,-33.87196]}},{"type":"Feature","properties":{"k":"tree"},"geometry":{"type":"Point","coordinates":[151.207541,-33.874481]}},{"type":"Feature","properties":{"k":"tree"},"geometry":{"type":"Point","coordinates":[151.212032,-33.868953]}},{"type":"Feature","properties":{"k":"tree"},"geometry":{"type":"Point","coordinates":[151.209595,-33.874865]}},{"type":"Feature","properties":{"k":"tree"},"geometry":{"type":"Point","coordinates":[151.208223,-33.870586]}},{"type":"Feature","properties":{"k":"tree"},"geometry":{"type":"Point","coordinates":[151.205543,-33.879235]}},{"type":"Feature","properties":{"k":"tree"},"geometry":{"type":"Point","coordinates":[151.205089,-33.879775]}},{"type":"Feature","properties":{"k":"tree"},"geometry":{"type":"Point","coordinates":[151.205737,-33.872427]}},{"type":"Feature","properties":{"k":"tree"},"geometry":{"type":"Point","coordinates":[151.208543,-33.86126]}},{"type":"Feature","properties":{"k":"tree"},"geometry":{"type":"Point","coordinates":[151.205907,-33.8665]}},{"type":"Feature","properties":{"k":"tree"},"geometry":{"type":"Point","coordinates":[151.212919,-33.872284]}},{"type":"Feature","properties":{"k":"tree"},"geometry":{"type":"Point","coordinates":[151.207426,-33.865]}},{"type":"Feature","properties":{"k":"tree"},"geometry":{"type":"Point","coordinates":[151.205797,-33.865573]}},{"type":"Feature","properties":{"k":"tree"},"geometry":{"type":"Point","coordinates":[151.21106,-33.869977]}},{"type":"Feature","properties":{"k":"tree"},"geometry":{"type":"Point","coordinates":[151.203946,-33.871829]}},{"type":"Feature","properties":{"k":"tree"},"geometry":{"type":"Point","coordinates":[151.207377,-33.86389]}},{"type":"Feature","properties":{"k":"tree"},"geometry":{"type":"Point","coordinates":[151.206033,-33.868099]}},{"type":"Feature","properties":{"k":"tree"},"geometry":{"type":"Point","coordinates":[151.208957,-33.86586]}},{"type":"Feature","properties":{"k":"tree"},"geometry":{"type":"Point","coordinates":[151.208145,-33.873478]}},{"type":"Feature","properties":{"k":"tree"},"geometry":{"type":"Point","coordinates":[151.207302,-33.86609]}},{"type":"Feature","properties":{"k":"tree"},"geometry":{"type":"Point","coordinates":[151.210979,-33.86452]}},{"type":"Feature","properties":{"k":"tree"},"geometry":{"type":"Point","coordinates":[151.206111,-33.868844]}},{"type":"Feature","properties":{"k":"tree"},"geometry":{"type":"Point","coordinates":[151.203492,-33.866428]}},{"type":"Feature","properties":{"k":"tree"},"geometry":{"type":"Point","coordinates":[151.210726,-33.873562]}},{"type":"Feature","properties":{"k":"tree"},"geometry":{"type":"Point","coordinates":[151.210697,-33.867879]}},{"type":"Feature","properties":{"k":"tree"},"geometry":{"type":"Point","coordinates":[151.207215,-33.865812]}},{"type":"Feature","properties":{"k":"tree"},"geometry":{"type":"Point","coordinates":[151.208113,-33.861513]}},{"type":"Feature","properties":{"k":"tree"},"geometry":{"type":"Point","coordinates":[151.209704,-33.876007]}},{"type":"Feature","properties":{"k":"tree"},"geometry":{"type":"Point","coordinates":[151.209732,-33.87694]}},{"type":"Feature","properties":{"k":"tree"},"geometry":{"type":"Point","coordinates":[151.209193,-33.873619]}},{"type":"Feature","properties":{"k":"tree"},"geometry":{"type":"Point","coordinates":[151.204979,-33.876155]}},{"type":"Feature","properties":{"k":"tree"},"geometry":{"type":"Point","coordinates":[151.211885,-33.865368]}},{"type":"Feature","properties":{"k":"tree"},"geometry":{"type":"Point","coordinates":[151.206879,-33.869601]}},{"type":"Feature","properties":{"k":"tree"},"geometry":{"type":"Point","coordinates":[151.205023,-33.864415]}},{"type":"Feature","properties":{"k":"tree"},"geometry":{"type":"Point","coordinates":[151.211969,-33.869436]}},{"type":"Feature","properties":{"k":"tree"},"geometry":{"type":"Point","coordinates":[151.208466,-33.867925]}},{"type":"Feature","properties":{"k":"tree"},"geometry":{"type":"Point","coordinates":[151.212176,-33.869365]}},{"type":"Feature","properties":{"k":"tree"},"geometry":{"type":"Point","coordinates":[151.203613,-33.869408]}},{"type":"Feature","properties":{"k":"tree"},"geometry":{"type":"Point","coordinates":[151.204505,-33.87296]}},{"type":"Feature","properties":{"k":"tree"},"geometry":{"type":"Point","coordinates":[151.208735,-33.864836]}},{"type":"Feature","properties":{"k":"tree"},"geometry":{"type":"Point","coordinates":[151.205884,-33.863949]}},{"type":"Feature","properties":{"k":"tree"},"geometry":{"type":"Point","coordinates":[151.210133,-33.872648]}},{"type":"Feature","properties":{"k":"tree"},"geometry":{"type":"Point","coordinates":[151.205566,-33.86658]}},{"type":"Feature","properties":{"k":"tree"},"geometry":{"type":"Point","coordinates":[151.207839,-33.874405]}},{"type":"Feature","properties":{"k":"tree"},"geometry":{"type":"Point","coordinates":[151.20816,-33.861349]}},{"type":"Feature","properties":{"k":"tree"},"geometry":{"type":"Point","coordinates":[151.21239,-33.873515]}},{"type":"Feature","properties":{"k":"tree"},"geometry":{"type":"Point","coordinates":[151.205765,-33.877328]}},{"type":"Feature","properties":{"k":"tree"},"geometry":{"type":"Point","coordinates":[151.205626,-33.863868]}},{"type":"Feature","properties":{"k":"tree"},"geometry":{"type":"Point","coordinates":[151.210294,-33.871375]}},{"type":"Feature","properties":{"k":"tree"},"geometry":{"type":"Point","coordinates":[151.204388,-33.874085]}},{"type":"Feature","properties":{"k":"tree"},"geometry":{"type":"Point","coordinates":[151.209398,-33.868976]}},{"type":"Feature","properties":{"k":"tree"},"geometry":{"type":"Point","coordinates":[151.203867,-33.868818]}},{"type":"Feature","properties":{"k":"tree"},"geometry":{"type":"Point","coordinates":[151.205949,-33.877252]}},{"type":"Feature","properties":{"k":"tree"},"geometry":{"type":"Point","coordinates":[151.210376,-33.865627]}},{"type":"Feature","properties":{"k":"tree"},"geometry":{"type":"Point","coordinates":[151.205256,-33.869211]}},{"type":"Feature","properties":{"k":"tree"},"geometry":{"type":"Point","coordinates":[151.208035,-33.861656]}},{"type":"Feature","properties":{"k":"tree"},"geometry":{"type":"Point","coordinates":[151.212563,-33.87021]}},{"type":"Feature","properties":{"k":"tree"},"geometry":{"type":"Point","coordinates":[151.207603,-33.862234]}},{"type":"Feature","properties":{"k":"tree"},"geometry":{"type":"Point","coordinates":[151.206032,-33.867712]}},{"type":"Feature","properties":{"k":"tree"},"geometry":{"type":"Point","coordinates":[151.211976,-33.869389]}},{"type":"Feature","properties":{"k":"tree"},"geometry":{"type":"Point","coordinates":[151.204758,-33.864999]}},{"type":"Feature","properties":{"k":"tree"},"geometry":{"type":"Point","coordinates":[151.206907,-33.872667]}},{"type":"Feature","properties":{"k":"tree"},"geometry":{"type":"Point","coordinates":[151.204821,-33.865324]}},{"type":"Feature","properties":{"k":"tree"},"geometry":{"type":"Point","coordinates":[151.210304,-33.86621]}},{"type":"Feature","properties":{"k":"tree"},"geometry":{"type":"Point","coordinates":[151.208459,-33.867986]}},{"type":"Feature","properties":{"k":"tree"},"geometry":{"type":"Point","coordinates":[151.205694,-33.870755]}},{"type":"Feature","properties":{"k":"tree"},"geometry":{"type":"Point","coordinates":[151.208852,-33.875582]}},{"type":"Feature","properties":{"k":"tree"},"geometry":{"type":"Point","coordinates":[151.205458,-33.8644]}},{"type":"Feature","properties":{"k":"tree"},"geometry":{"type":"Point","coordinates":[151.213302,-33.860884]}},{"type":"Feature","properties":{"k":"tree"},"geometry":{"type":"Point","coordinates":[151.203746,-33.869371]}},{"type":"Feature","properties":{"k":"tree"},"geometry":{"type":"Point","coordinates":[151.211964,-33.873482]}},{"type":"Feature","properties":{"k":"tree"},"geometry":{"type":"Point","coordinates":[151.210215,-33.873487]}},{"type":"Feature","properties":{"k":"tree"},"geometry":{"type":"Point","coordinates":[151.208924,-33.864337]}},{"type":"Feature","properties":{"k":"tree"},"geometry":{"type":"Point","coordinates":[151.205959,-33.863456]}},{"type":"Feature","properties":{"k":"tree"},"geometry":{"type":"Point","coordinates":[151.209767,-33.875452]}},{"type":"Feature","properties":{"k":"tree"},"geometry":{"type":"Point","coordinates":[151.21165,-33.876758]}},{"type":"Feature","properties":{"k":"tree"},"geometry":{"type":"Point","coordinates":[151.210823,-33.870054]}},{"type":"Feature","properties":{"k":"tree"},"geometry":{"type":"Point","coordinates":[151.205314,-33.87991]}},{"type":"Feature","properties":{"k":"tree"},"geometry":{"type":"Point","coordinates":[151.209074,-33.864726]}},{"type":"Feature","properties":{"k":"tree"},"geometry":{"type":"Point","coordinates":[151.206446,-33.875302]}},{"type":"Feature","properties":{"k":"tree"},"geometry":{"type":"Point","coordinates":[151.205399,-33.865043]}},{"type":"Feature","properties":{"k":"tree"},"geometry":{"type":"Point","coordinates":[151.209997,-33.871696]}},{"type":"Feature","properties":{"k":"tree"},"geometry":{"type":"Point","coordinates":[151.204981,-33.874235]}},{"type":"Feature","properties":{"k":"tree"},"geometry":{"type":"Point","coordinates":[151.212022,-33.868767]}},{"type":"Feature","properties":{"k":"tree"},"geometry":{"type":"Point","coordinates":[151.209564,-33.874563]}},{"type":"Feature","properties":{"k":"tree"},"geometry":{"type":"Point","coordinates":[151.208243,-33.869874]}},{"type":"Feature","properties":{"k":"tree"},"geometry":{"type":"Point","coordinates":[151.20522,-33.880049]}},{"type":"Feature","properties":{"k":"tree"},"geometry":{"type":"Point","coordinates":[151.210241,-33.871819]}},{"type":"Feature","properties":{"k":"tree"},"geometry":{"type":"Point","coordinates":[151.206138,-33.870953]}},{"type":"Feature","properties":{"k":"tree"},"geometry":{"type":"Point","coordinates":[151.207675,-33.862563]}},{"type":"Feature","properties":{"k":"tree"},"geometry":{"type":"Point","coordinates":[151.205859,-33.866129]}},{"type":"Feature","properties":{"k":"tree"},"geometry":{"type":"Point","coordinates":[151.212882,-33.872491]}},{"type":"Feature","properties":{"k":"tree"},"geometry":{"type":"Point","coordinates":[151.207195,-33.867081]}},{"type":"Feature","properties":{"k":"tree"},"geometry":{"type":"Point","coordinates":[151.205998,-33.865163]}},{"type":"Feature","properties":{"k":"tree"},"geometry":{"type":"Point","coordinates":[151.210954,-33.870012]}},{"type":"Feature","properties":{"k":"tree"},"geometry":{"type":"Point","coordinates":[151.203993,-33.87246]}},{"type":"Feature","properties":{"k":"tree"},"geometry":{"type":"Point","coordinates":[151.208878,-33.865702]}},{"type":"Feature","properties":{"k":"tree"},"geometry":{"type":"Point","coordinates":[151.206228,-33.867699]}},{"type":"Feature","properties":{"k":"tree"},"geometry":{"type":"Point","coordinates":[151.209127,-33.86593]}},{"type":"Feature","properties":{"k":"tree"},"geometry":{"type":"Point","coordinates":[151.2081,-33.874026]}},{"type":"Feature","properties":{"k":"tree"},"geometry":{"type":"Point","coordinates":[151.207094,-33.86803]}},{"type":"Feature","properties":{"k":"tree"},"geometry":{"type":"Point","coordinates":[151.211021,-33.864155]}},{"type":"Feature","properties":{"k":"tree"},"geometry":{"type":"Point","coordinates":[151.207012,-33.867561]}},{"type":"Feature","properties":{"k":"tree"},"geometry":{"type":"Point","coordinates":[151.203457,-33.866151]}},{"type":"Feature","properties":{"k":"tree"},"geometry":{"type":"Point","coordinates":[151.211658,-33.873707]}},{"type":"Feature","properties":{"k":"tree"},"geometry":{"type":"Point","coordinates":[151.211734,-33.86641]}},{"type":"Feature","properties":{"k":"tree"},"geometry":{"type":"Point","coordinates":[151.207304,-33.864834]}},{"type":"Feature","properties":{"k":"tree"},"geometry":{"type":"Point","coordinates":[151.208202,-33.861311]}},{"type":"Feature","properties":{"k":"tree"},"geometry":{"type":"Point","coordinates":[151.209679,-33.876195]}},{"type":"Feature","properties":{"k":"tree"},"geometry":{"type":"Point","coordinates":[151.209136,-33.876898]}},{"type":"Feature","properties":{"k":"tree"},"geometry":{"type":"Point","coordinates":[151.20921,-33.874543]}},{"type":"Feature","properties":{"k":"tree"},"geometry":{"type":"Point","coordinates":[151.21014,-33.876727]}},{"type":"Feature","properties":{"k":"tree"},"geometry":{"type":"Point","coordinates":[151.212296,-33.865716]}},{"type":"Feature","properties":{"k":"tree"},"geometry":{"type":"Point","coordinates":[151.20688,-33.869065]}},{"type":"Feature","properties":{"k":"tree"},"geometry":{"type":"Point","coordinates":[151.205232,-33.864397]}},{"type":"Feature","properties":{"k":"tree"},"geometry":{"type":"Point","coordinates":[151.212066,-33.868687]}},{"type":"Feature","properties":{"k":"tree"},"geometry":{"type":"Point","coordinates":[151.208274,-33.870684]}},{"type":"Feature","properties":{"k":"tree"},"geometry":{"type":"Point","coordinates":[151.211942,-33.869482]}},{"type":"Feature","properties":{"k":"tree"},"geometry":{"type":"Point","coordinates":[151.203967,-33.872374]}},{"type":"Feature","properties":{"k":"tree"},"geometry":{"type":"Point","coordinates":[151.205372,-33.872847]}},{"type":"Feature","properties":{"k":"tree"},"geometry":{"type":"Point","coordinates":[151.208791,-33.864361]}},{"type":"Feature","properties":{"k":"tree"},"geometry":{"type":"Point","coordinates":[151.206012,-33.863869]}},{"type":"Feature","properties":{"k":"tree"},"geometry":{"type":"Point","coordinates":[151.210001,-33.873613]}},{"type":"Feature","properties":{"k":"tree"},"geometry":{"type":"Point","coordinates":[151.205013,-33.865854]}},{"type":"Feature","properties":{"k":"tree"},"geometry":{"type":"Point","coordinates":[151.208269,-33.86911]}},{"type":"Feature","properties":{"k":"tree"},"geometry":{"type":"Point","coordinates":[151.207454,-33.86486]}},{"type":"Feature","properties":{"k":"tree"},"geometry":{"type":"Point","coordinates":[151.212179,-33.87351]}},{"type":"Feature","properties":{"k":"tree"},"geometry":{"type":"Point","coordinates":[151.205919,-33.876856]}},{"type":"Feature","properties":{"k":"tree"},"geometry":{"type":"Point","coordinates":[151.205578,-33.863631]}},{"type":"Feature","properties":{"k":"tree"},"geometry":{"type":"Point","coordinates":[151.210252,-33.871719]}},{"type":"Feature","properties":{"k":"tree"},"geometry":{"type":"Point","coordinates":[151.205421,-33.87417]}},{"type":"Feature","properties":{"k":"tree"},"geometry":{"type":"Point","coordinates":[151.205669,-33.86864]}},{"type":"Feature","properties":{"k":"tree"},"geometry":{"type":"Point","coordinates":[151.204397,-33.868809]}},{"type":"Feature","properties":{"k":"tree"},"geometry":{"type":"Point","coordinates":[151.205843,-33.877638]}},{"type":"Feature","properties":{"k":"tree"},"geometry":{"type":"Point","coordinates":[151.210252,-33.865748]}},{"type":"Feature","properties":{"k":"tree"},"geometry":{"type":"Point","coordinates":[151.2055,-33.871221]}},{"type":"Feature","properties":{"k":"tree"},"geometry":{"type":"Point","coordinates":[151.208212,-33.861317]}},{"type":"Feature","properties":{"k":"tree"},"geometry":{"type":"Point","coordinates":[151.209895,-33.866088]}},{"type":"Feature","properties":{"k":"tree"},"geometry":{"type":"Point","coordinates":[151.212623,-33.87028]}},{"type":"Feature","properties":{"k":"tree"},"geometry":{"type":"Point","coordinates":[151.208213,-33.861344]}},{"type":"Feature","properties":{"k":"tree"},"geometry":{"type":"Point","coordinates":[151.205911,-33.86722]}},{"type":"Feature","properties":{"k":"tree"},"geometry":{"type":"Point","coordinates":[151.211693,-33.869946]}},{"type":"Feature","properties":{"k":"tree"},"geometry":{"type":"Point","coordinates":[151.204892,-33.865954]}},{"type":"Feature","properties":{"k":"tree"},"geometry":{"type":"Point","coordinates":[151.20693,-33.872546]}},{"type":"Feature","properties":{"k":"tree"},"geometry":{"type":"Point","coordinates":[151.20492,-33.866426]}},{"type":"Feature","properties":{"k":"tree"},"geometry":{"type":"Point","coordinates":[151.209779,-33.866088]}},{"type":"Feature","properties":{"k":"tree"},"geometry":{"type":"Point","coordinates":[151.208329,-33.869546]}},{"type":"Feature","properties":{"k":"tree"},"geometry":{"type":"Point","coordinates":[151.2104,-33.870593]}},{"type":"Feature","properties":{"k":"tree"},"geometry":{"type":"Point","coordinates":[151.209042,-33.873928]}},{"type":"Feature","properties":{"k":"tree"},"geometry":{"type":"Point","coordinates":[151.205501,-33.864724]}},{"type":"Feature","properties":{"k":"tree"},"geometry":{"type":"Point","coordinates":[151.213278,-33.861449]}},{"type":"Feature","properties":{"k":"tree"},"geometry":{"type":"Point","coordinates":[151.203621,-33.868272]}},{"type":"Feature","properties":{"k":"tree"},"geometry":{"type":"Point","coordinates":[151.209672,-33.873172]}},{"type":"Feature","properties":{"k":"tree"},"geometry":{"type":"Point","coordinates":[151.210639,-33.87355]}},{"type":"Feature","properties":{"k":"tree"},"geometry":{"type":"Point","coordinates":[151.208766,-33.86529]}},{"type":"Feature","properties":{"k":"tree"},"geometry":{"type":"Point","coordinates":[151.205708,-33.863459]}},{"type":"Feature","properties":{"k":"tree"},"geometry":{"type":"Point","coordinates":[151.209754,-33.875555]}},{"type":"Feature","properties":{"k":"tree"},"geometry":{"type":"Point","coordinates":[151.211733,-33.876966]}},{"type":"Feature","properties":{"k":"tree"},"geometry":{"type":"Point","coordinates":[151.209943,-33.874098]}},{"type":"Feature","properties":{"k":"tree"},"geometry":{"type":"Point","coordinates":[151.20925,-33.864588]}},{"type":"Feature","properties":{"k":"tree"},"geometry":{"type":"Point","coordinates":[151.206537,-33.875]}},{"type":"Feature","properties":{"k":"tree"},"geometry":{"type":"Point","coordinates":[151.205041,-33.865073]}},{"type":"Feature","properties":{"k":"tree"},"geometry":{"type":"Point","coordinates":[151.210068,-33.871117]}},{"type":"Feature","properties":{"k":"tree"},"geometry":{"type":"Point","coordinates":[151.204908,-33.876153]}},{"type":"Feature","properties":{"k":"tree"},"geometry":{"type":"Point","coordinates":[151.213348,-33.86073]}},{"type":"Feature","properties":{"k":"tree"},"geometry":{"type":"Point","coordinates":[151.203656,-33.868507]}},{"type":"Feature","properties":{"k":"tree"},"geometry":{"type":"Point","coordinates":[151.211235,-33.873366]}},{"type":"Feature","properties":{"k":"tree"},"geometry":{"type":"Point","coordinates":[151.208294,-33.868524]}},{"type":"Feature","properties":{"k":"tree"},"geometry":{"type":"Point","coordinates":[151.205147,-33.880263]}},{"type":"Feature","properties":{"k":"tree"},"geometry":{"type":"Point","coordinates":[151.210198,-33.872154]}},{"type":"Feature","properties":{"k":"tree"},"geometry":{"type":"Point","coordinates":[151.205544,-33.870464]}},{"type":"Feature","properties":{"k":"tree"},"geometry":{"type":"Point","coordinates":[151.207114,-33.867881]}},{"type":"Feature","properties":{"k":"tree"},"geometry":{"type":"Point","coordinates":[151.205813,-33.865747]}},{"type":"Feature","properties":{"k":"tree"},"geometry":{"type":"Point","coordinates":[151.212803,-33.87299]}},{"type":"Feature","properties":{"k":"tree"},"geometry":{"type":"Point","coordinates":[151.207121,-33.867773]}},{"type":"Feature","properties":{"k":"tree"},"geometry":{"type":"Point","coordinates":[151.207066,-33.865028]}},{"type":"Feature","properties":{"k":"tree"},"geometry":{"type":"Point","coordinates":[151.210759,-33.870093]}},{"type":"Feature","properties":{"k":"tree"},"geometry":{"type":"Point","coordinates":[151.203982,-33.872692]}},{"type":"Feature","properties":{"k":"tree"},"geometry":{"type":"Point","coordinates":[151.207635,-33.865469]}},{"type":"Feature","properties":{"k":"tree"},"geometry":{"type":"Point","coordinates":[151.206472,-33.867616]}},{"type":"Feature","properties":{"k":"tree"},"geometry":{"type":"Point","coordinates":[151.209599,-33.866116]}},{"type":"Feature","properties":{"k":"tree"},"geometry":{"type":"Point","coordinates":[151.207044,-33.872228]}},{"type":"Feature","properties":{"k":"tree"},"geometry":{"type":"Point","coordinates":[151.211086,-33.864636]}},{"type":"Feature","properties":{"k":"tree"},"geometry":{"type":"Point","coordinates":[151.204955,-33.866522]}},{"type":"Feature","properties":{"k":"tree"},"geometry":{"type":"Point","coordinates":[151.203292,-33.86649]}},{"type":"Feature","properties":{"k":"tree"},"geometry":{"type":"Point","coordinates":[151.209289,-33.867561]}},{"type":"Feature","properties":{"k":"tree"},"geometry":{"type":"Point","coordinates":[151.212207,-33.870001]}},{"type":"Feature","properties":{"k":"tree"},"geometry":{"type":"Point","coordinates":[151.207354,-33.864136]}},{"type":"Feature","properties":{"k":"tree"},"geometry":{"type":"Point","coordinates":[151.20824,-33.861658]}},{"type":"Feature","properties":{"k":"tree"},"geometry":{"type":"Point","coordinates":[151.212482,-33.866878]}},{"type":"Feature","properties":{"k":"tree"},"geometry":{"type":"Point","coordinates":[151.208943,-33.876869]}},{"type":"Feature","properties":{"k":"tree"},"geometry":{"type":"Point","coordinates":[151.205789,-33.877254]}},{"type":"Feature","properties":{"k":"tree"},"geometry":{"type":"Point","coordinates":[151.208629,-33.866561]}},{"type":"Feature","properties":{"k":"tree"},"geometry":{"type":"Point","coordinates":[151.21159,-33.869724]}},{"type":"Feature","properties":{"k":"tree"},"geometry":{"type":"Point","coordinates":[151.206907,-33.868563]}},{"type":"Feature","properties":{"k":"tree"},"geometry":{"type":"Point","coordinates":[151.205331,-33.864256]}},{"type":"Feature","properties":{"k":"tree"},"geometry":{"type":"Point","coordinates":[151.212119,-33.868285]}},{"type":"Feature","properties":{"k":"tree"},"geometry":{"type":"Point","coordinates":[151.208193,-33.872432]}},{"type":"Feature","properties":{"k":"tree"},"geometry":{"type":"Point","coordinates":[151.204239,-33.870878]}},{"type":"Feature","properties":{"k":"tree"},"geometry":{"type":"Point","coordinates":[151.206417,-33.874231]}},{"type":"Feature","properties":{"k":"tree"},"geometry":{"type":"Point","coordinates":[151.206635,-33.872962]}},{"type":"Feature","properties":{"k":"tree"},"geometry":{"type":"Point","coordinates":[151.209237,-33.862115]}},{"type":"Feature","properties":{"k":"tree"},"geometry":{"type":"Point","coordinates":[151.206128,-33.863791]}},{"type":"Feature","properties":{"k":"tree"},"geometry":{"type":"Point","coordinates":[151.209983,-33.873765]}},{"type":"Feature","properties":{"k":"tree"},"geometry":{"type":"Point","coordinates":[151.207074,-33.876463]}},{"type":"Feature","properties":{"k":"tree"},"geometry":{"type":"Point","coordinates":[151.208526,-33.865552]}},{"type":"Feature","properties":{"k":"tree"},"geometry":{"type":"Point","coordinates":[151.207239,-33.867271]}},{"type":"Feature","properties":{"k":"tree"},"geometry":{"type":"Point","coordinates":[151.211894,-33.873469]}},{"type":"Feature","properties":{"k":"tree"},"geometry":{"type":"Point","coordinates":[151.206033,-33.876508]}},{"type":"Feature","properties":{"k":"tree"},"geometry":{"type":"Point","coordinates":[151.205598,-33.863459]}},{"type":"Feature","properties":{"k":"tree"},"geometry":{"type":"Point","coordinates":[151.209894,-33.872608]}},{"type":"Feature","properties":{"k":"tree"},"geometry":{"type":"Point","coordinates":[151.205902,-33.874223]}},{"type":"Feature","properties":{"k":"tree"},"geometry":{"type":"Point","coordinates":[151.204291,-33.868811]}},{"type":"Feature","properties":{"k":"tree"},"geometry":{"type":"Point","coordinates":[151.209544,-33.87523]}},{"type":"Feature","properties":{"k":"tree"},"geometry":{"type":"Point","coordinates":[151.205601,-33.878799]}},{"type":"Feature","properties":{"k":"tree"},"geometry":{"type":"Point","coordinates":[151.209967,-33.867212]}},{"type":"Feature","properties":{"k":"tree"},"geometry":{"type":"Point","coordinates":[151.205585,-33.872146]}},{"type":"Feature","properties":{"k":"tree"},"geometry":{"type":"Point","coordinates":[151.208187,-33.861241]}},{"type":"Feature","properties":{"k":"tree"},"geometry":{"type":"Point","coordinates":[151.206511,-33.867076]}},{"type":"Feature","properties":{"k":"tree"},"geometry":{"type":"Point","coordinates":[151.213081,-33.870664]}},{"type":"Feature","properties":{"k":"tree"},"geometry":{"type":"Point","coordinates":[151.207626,-33.862712]}},{"type":"Feature","properties":{"k":"tree"},"geometry":{"type":"Point","coordinates":[151.206998,-33.867107]}},{"type":"Feature","properties":{"k":"tree"},"geometry":{"type":"Point","coordinates":[151.211343,-33.869934]}},{"type":"Feature","properties":{"k":"tree"},"geometry":{"type":"Point","coordinates":[151.20491,-33.866123]}},{"type":"Feature","properties":{"k":"tree"},"geometry":{"type":"Point","coordinates":[151.206931,-33.87244]}},{"type":"Feature","properties":{"k":"tree"},"geometry":{"type":"Point","coordinates":[151.205312,-33.865034]}},{"type":"Feature","properties":{"k":"tree"},"geometry":{"type":"Point","coordinates":[151.209673,-33.86605]}},{"type":"Feature","properties":{"k":"tree"},"geometry":{"type":"Point","coordinates":[151.208294,-33.87015]}},{"type":"Feature","properties":{"k":"tree"},"geometry":{"type":"Point","coordinates":[151.211166,-33.86995]}},{"type":"Feature","properties":{"k":"tree"},"geometry":{"type":"Point","coordinates":[151.209496,-33.870117]}},{"type":"Feature","properties":{"k":"tree"},"geometry":{"type":"Point","coordinates":[151.205693,-33.866208]}},{"type":"Feature","properties":{"k":"tree"},"geometry":{"type":"Point","coordinates":[151.212512,-33.866561]}},{"type":"Feature","properties":{"k":"tree"},"geometry":{"type":"Point","coordinates":[151.203597,-33.868037]}},{"type":"Feature","properties":{"k":"tree"},"geometry":{"type":"Point","coordinates":[151.206059,-33.872834]}},{"type":"Feature","properties":{"k":"tree"},"geometry":{"type":"Point","coordinates":[151.210953,-33.873594]}},{"type":"Feature","properties":{"k":"tree"},"geometry":{"type":"Point","coordinates":[151.208687,-33.866047]}},{"type":"Feature","properties":{"k":"tree"},"geometry":{"type":"Point","coordinates":[151.205968,-33.863274]}},{"type":"Feature","properties":{"k":"tree"},"geometry":{"type":"Point","coordinates":[151.209725,-33.87581]}},{"type":"Feature","properties":{"k":"tree"},"geometry":{"type":"Point","coordinates":[151.211298,-33.877015]}},{"type":"Feature","properties":{"k":"tree"},"geometry":{"type":"Point","coordinates":[151.20946,-33.870209]}},{"type":"Feature","properties":{"k":"tree"},"geometry":{"type":"Point","coordinates":[151.205303,-33.870883]}},{"type":"Feature","properties":{"k":"tree"},"geometry":{"type":"Point","coordinates":[151.210025,-33.864325]}},{"type":"Feature","properties":{"k":"tree"},"geometry":{"type":"Point","coordinates":[151.206603,-33.874815]}},{"type":"Feature","properties":{"k":"tree"},"geometry":{"type":"Point","coordinates":[151.20491,-33.864877]}},{"type":"Feature","properties":{"k":"tree"},"geometry":{"type":"Point","coordinates":[151.210973,-33.869831]}},{"type":"Feature","properties":{"k":"tree"},"geometry":{"type":"Point","coordinates":[151.20689,-33.876443]}},{"type":"Feature","properties":{"k":"tree"},"geometry":{"type":"Point","coordinates":[151.213238,-33.861255]}},{"type":"Feature","properties":{"k":"tree"},"geometry":{"type":"Point","coordinates":[151.203079,-33.865448]}},{"type":"Feature","properties":{"k":"tree"},"geometry":{"type":"Point","coordinates":[151.210784,-33.873291]}},{"type":"Feature","properties":{"k":"tree"},"geometry":{"type":"Point","coordinates":[151.208427,-33.867328]}},{"type":"Feature","properties":{"k":"tree"},"geometry":{"type":"Point","coordinates":[151.205004,-33.880723]}},{"type":"Feature","properties":{"k":"tree"},"geometry":{"type":"Point","coordinates":[151.210163,-33.8724]}},{"type":"Feature","properties":{"k":"tree"},"geometry":{"type":"Point","coordinates":[151.205496,-33.870007]}},{"type":"Feature","properties":{"k":"tree"},"geometry":{"type":"Point","coordinates":[151.206998,-33.869206]}},{"type":"Feature","properties":{"k":"tree"},"geometry":{"type":"Point","coordinates":[151.206676,-33.86511]}},{"type":"Feature","properties":{"k":"tree"},"geometry":{"type":"Point","coordinates":[151.212755,-33.873312]}},{"type":"Feature","properties":{"k":"tree"},"geometry":{"type":"Point","coordinates":[151.20705,-33.868343]}},{"type":"Feature","properties":{"k":"tree"},"geometry":{"type":"Point","coordinates":[151.206473,-33.86501]}},{"type":"Feature","properties":{"k":"tree"},"geometry":{"type":"Point","coordinates":[151.210508,-33.870253]}},{"type":"Feature","properties":{"k":"tree"},"geometry":{"type":"Point","coordinates":[151.204351,-33.875418]}},{"type":"Feature","properties":{"k":"tree"},"geometry":{"type":"Point","coordinates":[151.211004,-33.866447]}},{"type":"Feature","properties":{"k":"tree"},"geometry":{"type":"Point","coordinates":[151.205955,-33.867359]}},{"type":"Feature","properties":{"k":"tree"},"geometry":{"type":"Point","coordinates":[151.210983,-33.866439]}},{"type":"Feature","properties":{"k":"tree"},"geometry":{"type":"Point","coordinates":[151.206727,-33.874954]}},{"type":"Feature","properties":{"k":"tree"},"geometry":{"type":"Point","coordinates":[151.210748,-33.86524]}},{"type":"Feature","properties":{"k":"tree"},"geometry":{"type":"Point","coordinates":[151.205055,-33.867213]}},{"type":"Feature","properties":{"k":"tree"},"geometry":{"type":"Point","coordinates":[151.203402,-33.867401]}},{"type":"Feature","properties":{"k":"tree"},"geometry":{"type":"Point","coordinates":[151.207694,-33.867444]}},{"type":"Feature","properties":{"k":"tree"},"geometry":{"type":"Point","coordinates":[151.212426,-33.8701]}},{"type":"Feature","properties":{"k":"tree"},"geometry":{"type":"Point","coordinates":[151.207379,-33.863693]}},{"type":"Feature","properties":{"k":"tree"},"geometry":{"type":"Point","coordinates":[151.207686,-33.862519]}},{"type":"Feature","properties":{"k":"tree"},"geometry":{"type":"Point","coordinates":[151.212313,-33.868001]}},{"type":"Feature","properties":{"k":"tree"},"geometry":{"type":"Point","coordinates":[151.204729,-33.864319]}},{"type":"Feature","properties":{"k":"tree"},"geometry":{"type":"Point","coordinates":[151.206238,-33.875956]}},{"type":"Feature","properties":{"k":"tree"},"geometry":{"type":"Point","coordinates":[151.210589,-33.876957]}},{"type":"Feature","properties":{"k":"tree"},"geometry":{"type":"Point","coordinates":[151.208541,-33.867347]}},{"type":"Feature","properties":{"k":"tree"},"geometry":{"type":"Point","coordinates":[151.211235,-33.869731]}},{"type":"Feature","properties":{"k":"tree"},"geometry":{"type":"Point","coordinates":[151.206933,-33.868325]}},{"type":"Feature","properties":{"k":"tree"},"geometry":{"type":"Point","coordinates":[151.204919,-33.864273]}},{"type":"Feature","properties":{"k":"tree"},"geometry":{"type":"Point","coordinates":[151.213313,-33.860658]}},{"type":"Feature","properties":{"k":"tree"},"geometry":{"type":"Point","coordinates":[151.204077,-33.872191]}},{"type":"Feature","properties":{"k":"tree"},"geometry":{"type":"Point","coordinates":[151.211616,-33.86994]}},{"type":"Feature","properties":{"k":"tree"},"geometry":{"type":"Point","coordinates":[151.209332,-33.874677]}},{"type":"Feature","properties":{"k":"tree"},"geometry":{"type":"Point","coordinates":[151.206696,-33.87299]}},{"type":"Feature","properties":{"k":"tree"},"geometry":{"type":"Point","coordinates":[151.2091,-33.863242]}},{"type":"Feature","properties":{"k":"tree"},"geometry":{"type":"Point","coordinates":[151.206257,-33.863619]}},{"type":"Feature","properties":{"k":"tree"},"geometry":{"type":"Point","coordinates":[151.209901,-33.874441]}},{"type":"Feature","properties":{"k":"tree"},"geometry":{"type":"Point","coordinates":[151.210026,-33.876722]}},{"type":"Feature","properties":{"k":"tree"},"geometry":{"type":"Point","coordinates":[151.209207,-33.862432]}},{"type":"Feature","properties":{"k":"tree"},"geometry":{"type":"Point","coordinates":[151.207086,-33.868328]}},{"type":"Feature","properties":{"k":"tree"},"geometry":{"type":"Point","coordinates":[151.212166,-33.865387]}},{"type":"Feature","properties":{"k":"tree"},"geometry":{"type":"Point","coordinates":[151.206198,-33.876074]}},{"type":"Feature","properties":{"k":"tree"},"geometry":{"type":"Point","coordinates":[151.206186,-33.863464]}},{"type":"Feature","properties":{"k":"tree"},"geometry":{"type":"Point","coordinates":[151.209969,-33.872009]}},{"type":"Feature","properties":{"k":"tree"},"geometry":{"type":"Point","coordinates":[151.206467,-33.874227]}},{"type":"Feature","properties":{"k":"tree"},"geometry":{"type":"Point","coordinates":[151.211123,-33.869246]}},{"type":"Feature","properties":{"k":"tree"},"geometry":{"type":"Point","coordinates":[151.209585,-33.874945]}},{"type":"Feature","properties":{"k":"tree"},"geometry":{"type":"Point","coordinates":[151.206814,-33.874688]}},{"type":"Feature","properties":{"k":"tree"},"geometry":{"type":"Point","coordinates":[151.205614,-33.879103]}},{"type":"Feature","properties":{"k":"tree"},"geometry":{"type":"Point","coordinates":[151.209126,-33.874467]}},{"type":"Feature","properties":{"k":"tree"},"geometry":{"type":"Point","coordinates":[151.205629,-33.872562]}},{"type":"Feature","properties":{"k":"tree"},"geometry":{"type":"Point","coordinates":[151.208533,-33.861258]}},{"type":"Feature","properties":{"k":"tree"},"geometry":{"type":"Point","coordinates":[151.205932,-33.866634]}},{"type":"Feature","properties":{"k":"tree"},"geometry":{"type":"Point","coordinates":[151.213043,-33.870877]}},{"type":"Feature","properties":{"k":"tree"},"geometry":{"type":"Point","coordinates":[151.207436,-33.864897]}},{"type":"Feature","properties":{"k":"tree"},"geometry":{"type":"Point","coordinates":[151.2059,-33.866444]}},{"type":"Feature","properties":{"k":"tree"},"geometry":{"type":"Point","coordinates":[151.21112,-33.869962]}},{"type":"Feature","properties":{"k":"tree"},"geometry":{"type":"Point","coordinates":[151.203669,-33.869868]}},{"type":"Feature","properties":{"k":"tree"},"geometry":{"type":"Point","coordinates":[151.206927,-33.872209]}},{"type":"Feature","properties":{"k":"tree"},"geometry":{"type":"Point","coordinates":[151.204924,-33.86502]}},{"type":"Feature","properties":{"k":"tree"},"geometry":{"type":"Point","coordinates":[151.208762,-33.865583]}},{"type":"Feature","properties":{"k":"tree"},"geometry":{"type":"Point","coordinates":[151.20825,-33.871185]}},{"type":"Feature","properties":{"k":"tree"},"geometry":{"type":"Point","coordinates":[151.207332,-33.865992]}},{"type":"Feature","properties":{"k":"tree"},"geometry":{"type":"Point","coordinates":[151.209838,-33.867414]}},{"type":"Feature","properties":{"k":"tree"},"geometry":{"type":"Point","coordinates":[151.206145,-33.870485]}},{"type":"Feature","properties":{"k":"tree"},"geometry":{"type":"Point","coordinates":[151.203509,-33.866339]}},{"type":"Feature","properties":{"k":"tree"},"geometry":{"type":"Point","coordinates":[151.206401,-33.87286]}},{"type":"Feature","properties":{"k":"tree"},"geometry":{"type":"Point","coordinates":[151.211212,-33.873631]}},{"type":"Feature","properties":{"k":"tree"},"geometry":{"type":"Point","coordinates":[151.207007,-33.867049]}},{"type":"Feature","properties":{"k":"tree"},"geometry":{"type":"Point","coordinates":[151.207459,-33.86302]}},{"type":"Feature","properties":{"k":"tree"},"geometry":{"type":"Point","coordinates":[151.209709,-33.87596]}},{"type":"Feature","properties":{"k":"tree"},"geometry":{"type":"Point","coordinates":[151.210765,-33.876959]}},{"type":"Feature","properties":{"k":"tree"},"geometry":{"type":"Point","coordinates":[151.209786,-33.867897]}},{"type":"Feature","properties":{"k":"tree"},"geometry":{"type":"Point","coordinates":[151.204472,-33.875229]}},{"type":"Feature","properties":{"k":"tree"},"geometry":{"type":"Point","coordinates":[151.211175,-33.864915]}},{"type":"Feature","properties":{"k":"tree"},"geometry":{"type":"Point","coordinates":[151.206652,-33.874617]}},{"type":"Feature","properties":{"k":"tree"},"geometry":{"type":"Point","coordinates":[151.204876,-33.864512]}},{"type":"Feature","properties":{"k":"tree"},"geometry":{"type":"Point","coordinates":[151.211201,-33.869733]}},{"type":"Feature","properties":{"k":"tree"},"geometry":{"type":"Point","coordinates":[151.208624,-33.866637]}},{"type":"Feature","properties":{"k":"tree"},"geometry":{"type":"Point","coordinates":[151.212288,-33.868293]}},{"type":"Feature","properties":{"k":"tree"},"geometry":{"type":"Point","coordinates":[151.203275,-33.866888]}},{"type":"Feature","properties":{"k":"tree"},"geometry":{"type":"Point","coordinates":[151.210558,-33.873259]}},{"type":"Feature","properties":{"k":"tree"},"geometry":{"type":"Point","coordinates":[151.208703,-33.865055]}},{"type":"Feature","properties":{"k":"tree"},"geometry":{"type":"Point","coordinates":[151.204896,-33.881015]}},{"type":"Feature","properties":{"k":"tree"},"geometry":{"type":"Point","coordinates":[151.210149,-33.872524]}},{"type":"Feature","properties":{"k":"tree"},"geometry":{"type":"Point","coordinates":[151.205656,-33.867646]}},{"type":"Feature","properties":{"k":"tree"},"geometry":{"type":"Point","coordinates":[151.207054,-33.872155]}},{"type":"Feature","properties":{"k":"tree"},"geometry":{"type":"Point","coordinates":[151.206069,-33.863444]}},{"type":"Feature","properties":{"k":"tree"},"geometry":{"type":"Point","coordinates":[151.212745,-33.873379]}},{"type":"Feature","properties":{"k":"tree"},"geometry":{"type":"Point","coordinates":[151.207001,-33.869503]}},{"type":"Feature","properties":{"k":"tree"},"geometry":{"type":"Point","coordinates":[151.205684,-33.864035]}},{"type":"Feature","properties":{"k":"tree"},"geometry":{"type":"Point","coordinates":[151.210414,-33.870472]}},{"type":"Feature","properties":{"k":"tree"},"geometry":{"type":"Point","coordinates":[151.204191,-33.874281]}},{"type":"Feature","properties":{"k":"tree"},"geometry":{"type":"Point","coordinates":[151.211595,-33.866523]}},{"type":"Feature","properties":{"k":"tree"},"geometry":{"type":"Point","coordinates":[151.211092,-33.866426]}},{"type":"Feature","properties":{"k":"tree"},"geometry":{"type":"Point","coordinates":[151.206586,-33.875363]}},{"type":"Feature","properties":{"k":"tree"},"geometry":{"type":"Point","coordinates":[151.210441,-33.865545]}},{"type":"Feature","properties":{"k":"tree"},"geometry":{"type":"Point","coordinates":[151.205083,-33.867415]}},{"type":"Feature","properties":{"k":"tree"},"geometry":{"type":"Point","coordinates":[151.203539,-33.868599]}},{"type":"Feature","properties":{"k":"tree"},"geometry":{"type":"Point","coordinates":[151.209204,-33.867643]}},{"type":"Feature","properties":{"k":"tree"},"geometry":{"type":"Point","coordinates":[151.212527,-33.870181]}},{"type":"Feature","properties":{"k":"tree"},"geometry":{"type":"Point","coordinates":[151.207477,-33.863081]}},{"type":"Feature","properties":{"k":"tree"},"geometry":{"type":"Point","coordinates":[151.207546,-33.863888]}},{"type":"Feature","properties":{"k":"tree"},"geometry":{"type":"Point","coordinates":[151.212181,-33.869323]}},{"type":"Feature","properties":{"k":"tree"},"geometry":{"type":"Point","coordinates":[151.204778,-33.864853]}},{"type":"Feature","properties":{"k":"tree"},"geometry":{"type":"Point","coordinates":[151.206769,-33.872993]}},{"type":"Feature","properties":{"k":"tree"},"geometry":{"type":"Point","coordinates":[151.209926,-33.876955]}},{"type":"Feature","properties":{"k":"tree"},"geometry":{"type":"Point","coordinates":[151.20848,-33.867795]}},{"type":"Feature","properties":{"k":"tree"},"geometry":{"type":"Point","coordinates":[151.210552,-33.869971]}},{"type":"Feature","properties":{"k":"tree"},"geometry":{"type":"Point","coordinates":[151.206978,-33.867901]}},{"type":"Feature","properties":{"k":"tree"},"geometry":{"type":"Point","coordinates":[151.204824,-33.863929]}},{"type":"Feature","properties":{"k":"tree"},"geometry":{"type":"Point","coordinates":[151.213312,-33.860765]}},{"type":"Feature","properties":{"k":"tree"},"geometry":{"type":"Point","coordinates":[151.203886,-33.870643]}},{"type":"Feature","properties":{"k":"tree"},"geometry":{"type":"Point","coordinates":[151.213108,-33.870844]}},{"type":"Feature","properties":{"k":"tree"},"geometry":{"type":"Point","coordinates":[151.204732,-33.874231]}},{"type":"Feature","properties":{"k":"tree"},"geometry":{"type":"Point","coordinates":[151.210144,-33.873483]}},{"type":"Feature","properties":{"k":"tree"},"geometry":{"type":"Point","coordinates":[151.209126,-33.863431]}},{"type":"Feature","properties":{"k":"tree"},"geometry":{"type":"Point","coordinates":[151.206293,-33.863502]}},{"type":"Feature","properties":{"k":"tree"},"geometry":{"type":"Point","coordinates":[151.209804,-33.875146]}},{"type":"Feature","properties":{"k":"tree"},"geometry":{"type":"Point","coordinates":[151.211563,-33.876756]}},{"type":"Feature","properties":{"k":"tree"},"geometry":{"type":"Point","coordinates":[151.208968,-33.864003]}},{"type":"Feature","properties":{"k":"tree"},"geometry":{"type":"Point","coordinates":[151.205767,-33.878019]}},{"type":"Feature","properties":{"k":"tree"},"geometry":{"type":"Point","coordinates":[151.212028,-33.865291]}},{"type":"Feature","properties":{"k":"tree"},"geometry":{"type":"Point","coordinates":[151.206426,-33.87537]}},{"type":"Feature","properties":{"k":"tree"},"geometry":{"type":"Point","coordinates":[151.207378,-33.863543]}},{"type":"Feature","properties":{"k":"tree"},"geometry":{"type":"Point","coordinates":[151.209999,-33.87177]}},{"type":"Feature","properties":{"k":"tree"},"geometry":{"type":"Point","coordinates":[151.20953,-33.874577]}},{"type":"Feature","properties":{"k":"tree"},"geometry":{"type":"Point","coordinates":[151.209591,-33.874896]}},{"type":"Feature","properties":{"k":"tree"},"geometry":{"type":"Point","coordinates":[151.209563,-33.87471]}},{"type":"Feature","properties":{"k":"tree"},"geometry":{"type":"Point","coordinates":[151.206387,-33.875948]}},{"type":"Feature","properties":{"k":"tree"},"geometry":{"type":"Point","coordinates":[151.205299,-33.879861]}},{"type":"Feature","properties":{"k":"tree"},"geometry":{"type":"Point","coordinates":[151.208958,-33.87552]}},{"type":"Feature","properties":{"k":"tree"},"geometry":{"type":"Point","coordinates":[151.205658,-33.871713]}},{"type":"Feature","properties":{"k":"tree"},"geometry":{"type":"Point","coordinates":[151.208312,-33.861606]}},{"type":"Feature","properties":{"k":"tree"},"geometry":{"type":"Point","coordinates":[151.20587,-33.866218]}},{"type":"Feature","properties":{"k":"tree"},"geometry":{"type":"Point","coordinates":[151.212962,-33.871536]}},{"type":"Feature","properties":{"k":"tree"},"geometry":{"type":"Point","coordinates":[151.207291,-33.866191]}},{"type":"Feature","properties":{"k":"tree"},"geometry":{"type":"Point","coordinates":[151.205864,-33.86617]}},{"type":"Feature","properties":{"k":"tree"},"geometry":{"type":"Point","coordinates":[151.210997,-33.869996]}},{"type":"Feature","properties":{"k":"tree"},"geometry":{"type":"Point","coordinates":[151.20374,-33.87044]}},{"type":"Feature","properties":{"k":"tree"},"geometry":{"type":"Point","coordinates":[151.206881,-33.87005]}},{"type":"Feature","properties":{"k":"tree"},"geometry":{"type":"Point","coordinates":[151.205452,-33.865116]}},{"type":"Feature","properties":{"k":"tree"},"geometry":{"type":"Point","coordinates":[151.209068,-33.865903]}},{"type":"Feature","properties":{"k":"tree"},"geometry":{"type":"Point","coordinates":[151.208198,-33.872295]}},{"type":"Feature","properties":{"k":"tree"},"geometry":{"type":"Point","coordinates":[151.207226,-33.866985]}},{"type":"Feature","properties":{"k":"tree"},"geometry":{"type":"Point","coordinates":[151.209901,-33.866863]}},{"type":"Feature","properties":{"k":"tree"},"geometry":{"type":"Point","coordinates":[151.206849,-33.867649]}},{"type":"Feature","properties":{"k":"tree"},"geometry":{"type":"Point","coordinates":[151.203471,-33.8663]}},{"type":"Feature","properties":{"k":"tree"},"geometry":{"type":"Point","coordinates":[151.211099,-33.873615]}},{"type":"Feature","properties":{"k":"tree"},"geometry":{"type":"Point","coordinates":[151.20831,-33.867465]}},{"type":"Feature","properties":{"k":"tree"},"geometry":{"type":"Point","coordinates":[151.20729,-33.864978]}},{"type":"Feature","properties":{"k":"tree"},"geometry":{"type":"Point","coordinates":[151.207491,-33.862675]}},{"type":"Feature","properties":{"k":"tree"},"geometry":{"type":"Point","coordinates":[151.209692,-33.876114]}},{"type":"Feature","properties":{"k":"tree"},"geometry":{"type":"Point","coordinates":[151.210518,-33.87695]}},{"type":"Feature","properties":{"k":"tree"},"geometry":{"type":"Point","coordinates":[151.209962,-33.866395]}},{"type":"Feature","properties":{"k":"tree"},"geometry":{"type":"Point","coordinates":[151.204509,-33.875644]}},{"type":"Feature","properties":{"k":"tree"},"geometry":{"type":"Point","coordinates":[151.212206,-33.865642]}},{"type":"Feature","properties":{"k":"tree"},"geometry":{"type":"Point","coordinates":[151.206917,-33.872725]}},{"type":"Feature","properties":{"k":"tree"},"geometry":{"type":"Point","coordinates":[151.205112,-33.864404]}},{"type":"Feature","properties":{"k":"tree"},"geometry":{"type":"Point","coordinates":[151.211527,-33.869728]}},{"type":"Feature","properties":{"k":"tree"},"geometry":{"type":"Point","coordinates":[151.208307,-33.869368]}},{"type":"Feature","properties":{"k":"tree"},"geometry":{"type":"Point","coordinates":[151.211969,-33.869342]}},{"type":"Feature","properties":{"k":"tree"},"geometry":{"type":"Point","coordinates":[151.203857,-33.871268]}},{"type":"Feature","properties":{"k":"tree"},"geometry":{"type":"Point","coordinates":[151.210345,-33.873221]}},{"type":"Feature","properties":{"k":"tree"},"geometry":{"type":"Point","coordinates":[151.208755,-33.864577]}},{"type":"Feature","properties":{"k":"tree"},"geometry":{"type":"Point","coordinates":[151.206463,-33.863622]}},{"type":"Feature","properties":{"k":"tree"},"geometry":{"type":"Point","coordinates":[151.210121,-33.872738]}},{"type":"Feature","properties":{"k":"tree"},"geometry":{"type":"Point","coordinates":[151.205182,-33.867346]}},{"type":"Feature","properties":{"k":"tree"},"geometry":{"type":"Point","coordinates":[151.20678,-33.874826]}},{"type":"Feature","properties":{"k":"tree"},"geometry":{"type":"Point","coordinates":[151.206494,-33.863302]}},{"type":"Feature","properties":{"k":"tree"},"geometry":{"type":"Point","coordinates":[151.212334,-33.873516]}},{"type":"Feature","properties":{"k":"tree"},"geometry":{"type":"Point","coordinates":[151.205401,-33.878712]}},{"type":"Feature","properties":{"k":"tree"},"geometry":{"type":"Point","coordinates":[151.205611,-33.863757]}},{"type":"Feature","properties":{"k":"tree"},"geometry":{"type":"Point","coordinates":[151.210337,-33.87101]}},{"type":"Feature","properties":{"k":"tree"},"geometry":{"type":"Point","coordinates":[151.204976,-33.874144]}},{"type":"Feature","properties":{"k":"tree"},"geometry":{"type":"Point","coordinates":[151.206788,-33.868624]}},{"type":"Feature","properties":{"k":"tree"},"geometry":{"type":"Point","coordinates":[151.211139,-33.869267]}},{"type":"Feature","properties":{"k":"tree"},"geometry":{"type":"Point","coordinates":[151.20623,-33.876582]}},{"type":"Feature","properties":{"k":"tree"},"geometry":{"type":"Point","coordinates":[151.210324,-33.86567]}},{"type":"Feature","properties":{"k":"tree"},"geometry":{"type":"Point","coordinates":[151.205153,-33.868027]}},{"type":"Feature","properties":{"k":"tree"},"geometry":{"type":"Point","coordinates":[151.207469,-33.863041]}},{"type":"Feature","properties":{"k":"tree"},"geometry":{"type":"Point","coordinates":[151.212649,-33.870316]}},{"type":"Feature","properties":{"k":"tree"},"geometry":{"type":"Point","coordinates":[151.207489,-33.862766]}},{"type":"Feature","properties":{"k":"tree"},"geometry":{"type":"Point","coordinates":[151.205929,-33.867413]}},{"type":"Feature","properties":{"k":"tree"},"geometry":{"type":"Point","coordinates":[151.211981,-33.869232]}},{"type":"Feature","properties":{"k":"tree"},"geometry":{"type":"Point","coordinates":[151.204877,-33.865822]}},{"type":"Feature","properties":{"k":"tree"},"geometry":{"type":"Point","coordinates":[151.206929,-33.8726]}},{"type":"Feature","properties":{"k":"tree"},"geometry":{"type":"Point","coordinates":[151.204864,-33.865707]}},{"type":"Feature","properties":{"k":"tree"},"geometry":{"type":"Point","coordinates":[151.208334,-33.869105]}},{"type":"Feature","properties":{"k":"tree"},"geometry":{"type":"Point","coordinates":[151.206079,-33.870768]}},{"type":"Feature","properties":{"k":"tree"},"geometry":{"type":"Point","coordinates":[151.208989,-33.874114]}},{"type":"Feature","properties":{"k":"tree"},"geometry":{"type":"Point","coordinates":[151.20533,-33.863835]}},{"type":"Feature","properties":{"k":"tree"},"geometry":{"type":"Point","coordinates":[151.213252,-33.861325]}},{"type":"Feature","properties":{"k":"tree"},"geometry":{"type":"Point","coordinates":[151.203772,-33.869724]}},{"type":"Feature","properties":{"k":"tree"},"geometry":{"type":"Point","coordinates":[151.212789,-33.873083]}},{"type":"Feature","properties":{"k":"tree"},"geometry":{"type":"Point","coordinates":[151.210347,-33.873507]}},{"type":"Feature","properties":{"k":"tree"},"geometry":{"type":"Point","coordinates":[151.208979,-33.863917]}},{"type":"Feature","properties":{"k":"tree"},"geometry":{"type":"Point","coordinates":[151.205828,-33.863456]}},{"type":"Feature","properties":{"k":"tree"},"geometry":{"type":"Point","coordinates":[151.209791,-33.875253]}},{"type":"Feature","properties":{"k":"tree"},"geometry":{"type":"Point","coordinates":[151.212334,-33.876814]}},{"type":"Feature","properties":{"k":"tree"},"geometry":{"type":"Point","coordinates":[151.210707,-33.870122]}},{"type":"Feature","properties":{"k":"tree"},"geometry":{"type":"Point","coordinates":[151.205151,-33.880333]}},{"type":"Feature","properties":{"k":"tree"},"geometry":{"type":"Point","coordinates":[151.211305,-33.864818]}},{"type":"Feature","properties":{"k":"tree"},"geometry":{"type":"Point","coordinates":[151.206502,-33.875111]}},{"type":"Feature","properties":{"k":"tree"},"geometry":{"type":"Point","coordinates":[151.207116,-33.863445]}},{"type":"Feature","properties":{"k":"tree"},"geometry":{"type":"Point","coordinates":[151.210044,-33.871259]}},{"type":"Feature","properties":{"k":"tree"},"geometry":{"type":"Point","coordinates":[151.209437,-33.874674]}},{"type":"Feature","properties":{"k":"tree"},"geometry":{"type":"Point","coordinates":[151.210024,-33.871458]}},{"type":"Feature","properties":{"k":"tree"},"geometry":{"type":"Point","coordinates":[151.209652,-33.874387]}},{"type":"Feature","properties":{"k":"tree"},"geometry":{"type":"Point","coordinates":[151.208106,-33.872379]}},{"type":"Feature","properties":{"k":"tree"},"geometry":{"type":"Point","coordinates":[151.205187,-33.8802]}},{"type":"Feature","properties":{"k":"tree"},"geometry":{"type":"Point","coordinates":[151.205017,-33.879974]}},{"type":"Feature","properties":{"k":"tree"},"geometry":{"type":"Point","coordinates":[151.205698,-33.870799]}},{"type":"Feature","properties":{"k":"tree"},"geometry":{"type":"Point","coordinates":[151.207331,-33.865815]}},{"type":"Feature","properties":{"k":"tree"},"geometry":{"type":"Point","coordinates":[151.205825,-33.865858]}},{"type":"Feature","properties":{"k":"tree"},"geometry":{"type":"Point","coordinates":[151.212944,-33.872135]}},{"type":"Feature","properties":{"k":"tree"},"geometry":{"type":"Point","coordinates":[151.207132,-33.867668]}},{"type":"Feature","properties":{"k":"tree"},"geometry":{"type":"Point","coordinates":[151.205835,-33.865935]}},{"type":"Feature","properties":{"k":"tree"},"geometry":{"type":"Point","coordinates":[151.210906,-33.870027]}},{"type":"Feature","properties":{"k":"tree"},"geometry":{"type":"Point","coordinates":[151.203898,-33.871501]}},{"type":"Feature","properties":{"k":"tree"},"geometry":{"type":"Point","coordinates":[151.207342,-33.864183]}},{"type":"Feature","properties":{"k":"tree"},"geometry":{"type":"Point","coordinates":[151.206387,-33.872434]}},{"type":"Feature","properties":{"k":"tree"},"geometry":{"type":"Point","coordinates":[151.209191,-33.865951]}},{"type":"Feature","properties":{"k":"tree"},"geometry":{"type":"Point","coordinates":[151.208185,-33.872637]}},{"type":"Feature","properties":{"k":"tree"},"geometry":{"type":"Point","coordinates":[151.20707,-33.868153]}},{"type":"Feature","properties":{"k":"tree"},"geometry":{"type":"Point","coordinates":[151.210195,-33.865595]}},{"type":"Feature","properties":{"k":"tree"},"geometry":{"type":"Point","coordinates":[151.206219,-33.867624]}},{"type":"Feature","properties":{"k":"tree"},"geometry":{"type":"Point","coordinates":[151.203179,-33.865812]}},{"type":"Feature","properties":{"k":"tree"},"geometry":{"type":"Point","coordinates":[151.209438,-33.867576]}},{"type":"Feature","properties":{"k":"tree"},"geometry":{"type":"Point","coordinates":[151.209347,-33.867658]}},{"type":"Feature","properties":{"k":"tree"},"geometry":{"type":"Point","coordinates":[151.207348,-33.864324]}},{"type":"Feature","properties":{"k":"tree"},"geometry":{"type":"Point","coordinates":[151.208065,-33.86148]}},{"type":"Feature","properties":{"k":"tree"},"geometry":{"type":"Point","coordinates":[151.209651,-33.876332]}},{"type":"Feature","properties":{"k":"tree"},"geometry":{"type":"Point","coordinates":[151.209833,-33.876946]}},{"type":"Feature","properties":{"k":"tree"},"geometry":{"type":"Point","coordinates":[151.209932,-33.867516]}},{"type":"Feature","properties":{"k":"tree"},"geometry":{"type":"Point","coordinates":[151.204543,-33.875997]}},{"type":"Feature","properties":{"k":"tree"},"geometry":{"type":"Point","coordinates":[151.211695,-33.869725]}},{"type":"Feature","properties":{"k":"tree"},"geometry":{"type":"Point","coordinates":[151.206881,-33.870135]}},{"type":"Feature","properties":{"k":"tree"},"geometry":{"type":"Point","coordinates":[151.20528,-33.864359]}},{"type":"Feature","properties":{"k":"tree"},"geometry":{"type":"Point","coordinates":[151.21176,-33.869726]}},{"type":"Feature","properties":{"k":"tree"},"geometry":{"type":"Point","coordinates":[151.208244,-33.87135]}},{"type":"Feature","properties":{"k":"tree"},"geometry":{"type":"Point","coordinates":[151.21103,-33.869986]}},{"type":"Feature","properties":{"k":"tree"},"geometry":{"type":"Point","coordinates":[151.204377,-33.875693]}},{"type":"Feature","properties":{"k":"tree"},"geometry":{"type":"Point","coordinates":[151.210195,-33.873197]}},{"type":"Feature","properties":{"k":"tree"},"geometry":{"type":"Point","coordinates":[151.209141,-33.862023]}},{"type":"Feature","properties":{"k":"tree"},"geometry":{"type":"Point","coordinates":[151.205761,-33.864026]}},{"type":"Feature","properties":{"k":"tree"},"geometry":{"type":"Point","coordinates":[151.209989,-33.873723]}},{"type":"Feature","properties":{"k":"tree"},"geometry":{"type":"Point","coordinates":[151.205137,-33.866935]}},{"type":"Feature","properties":{"k":"tree"},"geometry":{"type":"Point","coordinates":[151.206398,-33.876028]}},{"type":"Feature","properties":{"k":"tree"},"geometry":{"type":"Point","coordinates":[151.207579,-33.862214]}},{"type":"Feature","properties":{"k":"tree"},"geometry":{"type":"Point","coordinates":[151.212085,-33.873511]}},{"type":"Feature","properties":{"k":"tree"},"geometry":{"type":"Point","coordinates":[151.20574,-33.877406]}},{"type":"Feature","properties":{"k":"tree"},"geometry":{"type":"Point","coordinates":[151.205554,-33.863523]}},{"type":"Feature","properties":{"k":"tree"},"geometry":{"type":"Point","coordinates":[151.210309,-33.871246]}},{"type":"Feature","properties":{"k":"tree"},"geometry":{"type":"Point","coordinates":[151.205702,-33.874201]}},{"type":"Feature","properties":{"k":"tree"},"geometry":{"type":"Point","coordinates":[151.203781,-33.868843]}},{"type":"Feature","properties":{"k":"tree"},"geometry":{"type":"Point","coordinates":[151.209448,-33.868982]}},{"type":"Feature","properties":{"k":"tree"},"geometry":{"type":"Point","coordinates":[151.20601,-33.877058]}},{"type":"Feature","properties":{"k":"tree"},"geometry":{"type":"Point","coordinates":[151.210148,-33.865911]}},{"type":"Feature","properties":{"k":"tree"},"geometry":{"type":"Point","coordinates":[151.205149,-33.868232]}},{"type":"Feature","properties":{"k":"tree"},"geometry":{"type":"Point","coordinates":[151.207989,-33.861737]}},{"type":"Feature","properties":{"k":"tree"},"geometry":{"type":"Point","coordinates":[151.21092,-33.866263]}},{"type":"Feature","properties":{"k":"tree"},"geometry":{"type":"Point","coordinates":[151.212715,-33.870406]}},{"type":"Feature","properties":{"k":"tree"},"geometry":{"type":"Point","coordinates":[151.207575,-33.862429]}},{"type":"Feature","properties":{"k":"tree"},"geometry":{"type":"Point","coordinates":[151.206572,-33.867078]}},{"type":"Feature","properties":{"k":"tree"},"geometry":{"type":"Point","coordinates":[151.211976,-33.86929]}},{"type":"Feature","properties":{"k":"tree"},"geometry":{"type":"Point","coordinates":[151.204889,-33.865982]}},{"type":"Feature","properties":{"k":"tree"},"geometry":{"type":"Point","coordinates":[151.206932,-33.872356]}},{"type":"Feature","properties":{"k":"tree"},"geometry":{"type":"Point","coordinates":[151.20572,-33.867636]}},{"type":"Feature","properties":{"k":"tree"},"geometry":{"type":"Point","coordinates":[151.211547,-33.866384]}},{"type":"Feature","properties":{"k":"tree"},"geometry":{"type":"Point","coordinates":[151.208302,-33.869862]}},{"type":"Feature","properties":{"k":"tree"},"geometry":{"type":"Point","coordinates":[151.20583,-33.870777]}},{"type":"Feature","properties":{"k":"tree"},"geometry":{"type":"Point","coordinates":[151.209074,-33.873497]}},{"type":"Feature","properties":{"k":"tree"},"geometry":{"type":"Point","coordinates":[151.205411,-33.86404]}},{"type":"Feature","properties":{"k":"tree"},"geometry":{"type":"Point","coordinates":[151.212677,-33.865627]}},{"type":"Feature","properties":{"k":"tree"},"geometry":{"type":"Point","coordinates":[151.203749,-33.8695]}},{"type":"Feature","properties":{"k":"tree"},"geometry":{"type":"Point","coordinates":[151.212298,-33.873516]}},{"type":"Feature","properties":{"k":"tree"},"geometry":{"type":"Point","coordinates":[151.210879,-33.873584]}},{"type":"Feature","properties":{"k":"tree"},"geometry":{"type":"Point","coordinates":[151.208952,-33.864139]}},{"type":"Feature","properties":{"k":"tree"},"geometry":{"type":"Point","coordinates":[151.205737,-33.863249]}},{"type":"Feature","properties":{"k":"tree"},"geometry":{"type":"Point","coordinates":[151.20978,-33.875349]}},{"type":"Feature","properties":{"k":"tree"},"geometry":{"type":"Point","coordinates":[151.211568,-33.876959]}},{"type":"Feature","properties":{"k":"tree"},"geometry":{"type":"Point","coordinates":[151.209699,-33.876048]}},{"type":"Feature","properties":{"k":"tree"},"geometry":{"type":"Point","coordinates":[151.211196,-33.869765]}},{"type":"Feature","properties":{"k":"tree"},"geometry":{"type":"Point","coordinates":[151.209348,-33.864413]}},{"type":"Feature","properties":{"k":"tree"},"geometry":{"type":"Point","coordinates":[151.206551,-33.874933]}},{"type":"Feature","properties":{"k":"tree"},"geometry":{"type":"Point","coordinates":[151.205164,-33.865122]}},{"type":"Feature","properties":{"k":"tree"},"geometry":{"type":"Point","coordinates":[151.210682,-33.869926]}},{"type":"Feature","properties":{"k":"tree"},"geometry":{"type":"Point","coordinates":[151.206926,-33.874493]}},{"type":"Feature","properties":{"k":"tree"},"geometry":{"type":"Point","coordinates":[151.212033,-33.868944]}},{"type":"Feature","properties":{"k":"tree"},"geometry":{"type":"Point","coordinates":[151.210844,-33.873301]}},{"type":"Feature","properties":{"k":"tree"},"geometry":{"type":"Point","coordinates":[151.208225,-33.870089]}},{"type":"Feature","properties":{"k":"tree"},"geometry":{"type":"Point","coordinates":[151.205027,-33.880588]}},{"type":"Feature","properties":{"k":"tree"},"geometry":{"type":"Point","coordinates":[151.210244,-33.871792]}},{"type":"Feature","properties":{"k":"tree"},"geometry":{"type":"Point","coordinates":[151.205536,-33.87041]}},{"type":"Feature","properties":{"k":"tree"},"geometry":{"type":"Point","coordinates":[151.207079,-33.868123]}},{"type":"Feature","properties":{"k":"tree"},"geometry":{"type":"Point","coordinates":[151.205794,-33.86553]}},{"type":"Feature","properties":{"k":"tree"},"geometry":{"type":"Point","coordinates":[151.212897,-33.87244]}},{"type":"Feature","properties":{"k":"tree"},"geometry":{"type":"Point","coordinates":[151.207105,-33.867918]}},{"type":"Feature","properties":{"k":"tree"},"geometry":{"type":"Point","coordinates":[151.205865,-33.865164]}},{"type":"Feature","properties":{"k":"tree"},"geometry":{"type":"Point","coordinates":[151.210571,-33.870206]}},{"type":"Feature","properties":{"k":"tree"},"geometry":{"type":"Point","coordinates":[151.203978,-33.872239]}},{"type":"Feature","properties":{"k":"tree"},"geometry":{"type":"Point","coordinates":[151.209166,-33.865761]}},{"type":"Feature","properties":{"k":"tree"},"geometry":{"type":"Point","coordinates":[151.206044,-33.868008]}},{"type":"Feature","properties":{"k":"tree"},"geometry":{"type":"Point","coordinates":[151.209762,-33.866182]}},{"type":"Feature","properties":{"k":"tree"},"geometry":{"type":"Point","coordinates":[151.208137,-33.873577]}},{"type":"Feature","properties":{"k":"tree"},"geometry":{"type":"Point","coordinates":[151.206892,-33.874534]}},{"type":"Feature","properties":{"k":"tree"},"geometry":{"type":"Point","coordinates":[151.211042,-33.864027]}},{"type":"Feature","properties":{"k":"tree"},"geometry":{"type":"Point","coordinates":[151.205033,-33.867051]}},{"type":"Feature","properties":{"k":"tree"},"geometry":{"type":"Point","coordinates":[151.203338,-33.867005]}},{"type":"Feature","properties":{"k":"tree"},"geometry":{"type":"Point","coordinates":[151.208422,-33.867431]}},{"type":"Feature","properties":{"k":"tree"},"geometry":{"type":"Point","coordinates":[151.211856,-33.866428]}},{"type":"Feature","properties":{"k":"tree"},"geometry":{"type":"Point","coordinates":[151.207369,-33.863987]}},{"type":"Feature","properties":{"k":"tree"},"geometry":{"type":"Point","coordinates":[151.208229,-33.861296]}},{"type":"Feature","properties":{"k":"tree"},"geometry":{"type":"Point","coordinates":[151.212346,-33.867779]}},{"type":"Feature","properties":{"k":"tree"},"geometry":{"type":"Point","coordinates":[151.209267,-33.876894]}},{"type":"Feature","properties":{"k":"tree"},"geometry":{"type":"Point","coordinates":[151.209155,-33.873954]}},{"type":"Feature","properties":{"k":"tree"},"geometry":{"type":"Point","coordinates":[151.20683,-33.876429]}},{"type":"Feature","properties":{"k":"tree"},"geometry":{"type":"Point","coordinates":[151.211328,-33.869758]}},{"type":"Feature","properties":{"k":"tree"},"geometry":{"type":"Point","coordinates":[151.206879,-33.869183]}},{"type":"Feature","properties":{"k":"tree"},"geometry":{"type":"Point","coordinates":[151.205214,-33.864277]}},{"type":"Feature","properties":{"k":"tree"},"geometry":{"type":"Point","coordinates":[151.211981,-33.869093]}},{"type":"Feature","properties":{"k":"tree"},"geometry":{"type":"Point","coordinates":[151.208155,-33.873521]}},{"type":"Feature","properties":{"k":"tree"},"geometry":{"type":"Point","coordinates":[151.211434,-33.86993]}},{"type":"Feature","properties":{"k":"tree"},"geometry":{"type":"Point","coordinates":[151.206544,-33.874234]}},{"type":"Feature","properties":{"k":"tree"},"geometry":{"type":"Point","coordinates":[151.205273,-33.872855]}},{"type":"Feature","properties":{"k":"tree"},"geometry":{"type":"Point","coordinates":[151.209223,-33.862202]}},{"type":"Feature","properties":{"k":"tree"},"geometry":{"type":"Point","coordinates":[151.206044,-33.863849]}},{"type":"Feature","properties":{"k":"tree"},"geometry":{"type":"Point","coordinates":[151.209934,-33.874172]}},{"type":"Feature","properties":{"k":"tree"},"geometry":{"type":"Point","coordinates":[151.205028,-33.865988]}},{"type":"Feature","properties":{"k":"tree"},"geometry":{"type":"Point","coordinates":[151.208245,-33.86942]}},{"type":"Feature","properties":{"k":"tree"},"geometry":{"type":"Point","coordinates":[151.208488,-33.861249]}},{"type":"Feature","properties":{"k":"tree"},"geometry":{"type":"Point","coordinates":[151.211573,-33.873412]}},{"type":"Feature","properties":{"k":"tree"},"geometry":{"type":"Point","coordinates":[151.205878,-33.876981]}},{"type":"Feature","properties":{"k":"tree"},"geometry":{"type":"Point","coordinates":[151.205796,-33.863419]}},{"type":"Feature","properties":{"k":"tree"},"geometry":{"type":"Point","coordinates":[151.210282,-33.87147]}},{"type":"Feature","properties":{"k":"tree"},"geometry":{"type":"Point","coordinates":[151.206343,-33.874215]}},{"type":"Feature","properties":{"k":"tree"},"geometry":{"type":"Point","coordinates":[151.210638,-33.869131]}},{"type":"Feature","properties":{"k":"tree"},"geometry":{"type":"Point","coordinates":[151.204207,-33.868805]}},{"type":"Feature","properties":{"k":"tree"},"geometry":{"type":"Point","coordinates":[151.205911,-33.877392]}},{"type":"Feature","properties":{"k":"tree"},"geometry":{"type":"Point","coordinates":[151.209198,-33.873421]}},{"type":"Feature","properties":{"k":"tree"},"geometry":{"type":"Point","coordinates":[151.205316,-33.86979]}},{"type":"Feature","properties":{"k":"tree"},"geometry":{"type":"Point","coordinates":[151.208083,-33.861475]}},{"type":"Feature","properties":{"k":"tree"},"geometry":{"type":"Point","coordinates":[151.21038,-33.866213]}},{"type":"Feature","properties":{"k":"tree"},"geometry":{"type":"Point","coordinates":[151.213061,-33.870772]}},{"type":"Feature","properties":{"k":"tree"},"geometry":{"type":"Point","coordinates":[151.208101,-33.86154]}},{"type":"Feature","properties":{"k":"tree"},"geometry":{"type":"Point","coordinates":[151.206006,-33.86694]}},{"type":"Feature","properties":{"k":"tree"},"geometry":{"type":"Point","coordinates":[151.211768,-33.869952]}},{"type":"Feature","properties":{"k":"tree"},"geometry":{"type":"Point","coordinates":[151.204926,-33.866261]}},{"type":"Feature","properties":{"k":"tree"},"geometry":{"type":"Point","coordinates":[151.206933,-33.872262]}},{"type":"Feature","properties":{"k":"tree"},"geometry":{"type":"Point","coordinates":[151.205004,-33.865035]}},{"type":"Feature","properties":{"k":"tree"},"geometry":{"type":"Point","coordinates":[151.209862,-33.866073]}},{"type":"Feature","properties":{"k":"tree"},"geometry":{"type":"Point","coordinates":[151.208282,-33.870111]}},{"type":"Feature","properties":{"k":"tree"},"geometry":{"type":"Point","coordinates":[151.205053,-33.870901]}},{"type":"Feature","properties":{"k":"tree"},"geometry":{"type":"Point","coordinates":[151.209797,-33.867823]}},{"type":"Feature","properties":{"k":"tree"},"geometry":{"type":"Point","coordinates":[151.205484,-33.864595]}},{"type":"Feature","properties":{"k":"tree"},"geometry":{"type":"Point","coordinates":[151.21249,-33.866745]}},{"type":"Feature","properties":{"k":"tree"},"geometry":{"type":"Point","coordinates":[151.203635,-33.868405]}},{"type":"Feature","properties":{"k":"tree"},"geometry":{"type":"Point","coordinates":[151.211365,-33.873387]}},{"type":"Feature","properties":{"k":"tree"},"geometry":{"type":"Point","coordinates":[151.211017,-33.873603]}},{"type":"Feature","properties":{"k":"tree"},"geometry":{"type":"Point","coordinates":[151.208913,-33.864416]}},{"type":"Feature","properties":{"k":"tree"},"geometry":{"type":"Point","coordinates":[151.206182,-33.863281]}},{"type":"Feature","properties":{"k":"tree"},"geometry":{"type":"Point","coordinates":[151.209761,-33.875499]}},{"type":"Feature","properties":{"k":"tree"},"geometry":{"type":"Point","coordinates":[151.211283,-33.876956]}},{"type":"Feature","properties":{"k":"tree"},"geometry":{"type":"Point","coordinates":[151.20964,-33.86889]}},{"type":"Feature","properties":{"k":"tree"},"geometry":{"type":"Point","coordinates":[151.204414,-33.870886]}},{"type":"Feature","properties":{"k":"tree"},"geometry":{"type":"Point","coordinates":[151.209032,-33.864756]}},{"type":"Feature","properties":{"k":"tree"},"geometry":{"type":"Point","coordinates":[151.206654,-33.874555]}},{"type":"Feature","properties":{"k":"tree"},"geometry":{"type":"Point","coordinates":[151.205061,-33.865017]}},{"type":"Feature","properties":{"k":"tree"},"geometry":{"type":"Point","coordinates":[151.211072,-33.869802]}},{"type":"Feature","properties":{"k":"tree"},"geometry":{"type":"Point","coordinates":[151.204514,-33.875805]}},{"type":"Feature","properties":{"k":"tree"},"geometry":{"type":"Point","coordinates":[151.212119,-33.868248]}},{"type":"Feature","properties":{"k":"tree"},"geometry":{"type":"Point","coordinates":[151.20381,-33.870008]}},{"type":"Feature","properties":{"k":"tree"},"geometry":{"type":"Point","coordinates":[151.210652,-33.873269]}},{"type":"Feature","properties":{"k":"tree"},"geometry":{"type":"Point","coordinates":[151.208273,-33.86873]}},{"type":"Feature","properties":{"k":"tree"},"geometry":{"type":"Point","coordinates":[151.205006,-33.880655]}},{"type":"Feature","properties":{"k":"tree"},"geometry":{"type":"Point","coordinates":[151.210218,-33.872003]}},{"type":"Feature","properties":{"k":"tree"},"geometry":{"type":"Point","coordinates":[151.20523,-33.867903]}},{"type":"Feature","properties":{"k":"tree"},"geometry":{"type":"Point","coordinates":[151.206999,-33.870207]}},{"type":"Feature","properties":{"k":"tree"},"geometry":{"type":"Point","coordinates":[151.205659,-33.863994]}},{"type":"Feature","properties":{"k":"tree"},"geometry":{"type":"Point","coordinates":[151.212809,-33.872952]}},{"type":"Feature","properties":{"k":"tree"},"geometry":{"type":"Point","coordinates":[151.206999,-33.869349]}},{"type":"Feature","properties":{"k":"tree"},"geometry":{"type":"Point","coordinates":[151.206305,-33.865166]}},{"type":"Feature","properties":{"k":"tree"},"geometry":{"type":"Point","coordinates":[151.210434,-33.870346]}},{"type":"Feature","properties":{"k":"tree"},"geometry":{"type":"Point","coordinates":[151.203994,-33.872554]}},{"type":"Feature","properties":{"k":"tree"},"geometry":{"type":"Point","coordinates":[151.208395,-33.865565]}},{"type":"Feature","properties":{"k":"tree"},"geometry":{"type":"Point","coordinates":[151.206754,-33.867602]}},{"type":"Feature","properties":{"k":"tree"},"geometry":{"type":"Point","coordinates":[151.21104,-33.866431]}},{"type":"Feature","properties":{"k":"tree"},"geometry":{"type":"Point","coordinates":[151.206698,-33.875163]}},{"type":"Feature","properties":{"k":"tree"},"geometry":{"type":"Point","coordinates":[151.210994,-33.864371]}},{"type":"Feature","properties":{"k":"tree"},"geometry":{"type":"Point","coordinates":[151.205069,-33.86732]}},{"type":"Feature","properties":{"k":"tree"},"geometry":{"type":"Point","coordinates":[151.203508,-33.868338]}},{"type":"Feature","properties":{"k":"tree"},"geometry":{"type":"Point","coordinates":[151.207172,-33.867572]}},{"type":"Feature","properties":{"k":"tree"},"geometry":{"type":"Point","coordinates":[151.212098,-33.869979]}},{"type":"Feature","properties":{"k":"tree"},"geometry":{"type":"Point","coordinates":[151.207337,-33.863562]}},{"type":"Feature","properties":{"k":"tree"},"geometry":{"type":"Point","coordinates":[151.208271,-33.861447]}},{"type":"Feature","properties":{"k":"tree"},"geometry":{"type":"Point","coordinates":[151.212228,-33.868612]}},{"type":"Feature","properties":{"k":"tree"},"geometry":{"type":"Point","coordinates":[151.209044,-33.876886]}},{"type":"Feature","properties":{"k":"tree"},"geometry":{"type":"Point","coordinates":[151.205688,-33.877455]}},{"type":"Feature","properties":{"k":"tree"},"geometry":{"type":"Point","coordinates":[151.211405,-33.876753]}},{"type":"Feature","properties":{"k":"tree"},"geometry":{"type":"Point","coordinates":[151.208652,-33.866399]}},{"type":"Feature","properties":{"k":"tree"},"geometry":{"type":"Point","coordinates":[151.210936,-33.869833]}},{"type":"Feature","properties":{"k":"tree"},"geometry":{"type":"Point","coordinates":[151.206884,-33.868921]}},{"type":"Feature","properties":{"k":"tree"},"geometry":{"type":"Point","coordinates":[151.204867,-33.86417]}},{"type":"Feature","properties":{"k":"tree"},"geometry":{"type":"Point","coordinates":[151.212101,-33.868425]}},{"type":"Feature","properties":{"k":"tree"},"geometry":{"type":"Point","coordinates":[151.20407,-33.872132]}},{"type":"Feature","properties":{"k":"tree"},"geometry":{"type":"Point","coordinates":[151.212005,-33.869977]}},{"type":"Feature","properties":{"k":"tree"},"geometry":{"type":"Point","coordinates":[151.206268,-33.874367]}},{"type":"Feature","properties":{"k":"tree"},"geometry":{"type":"Point","coordinates":[151.206308,-33.872838]}},{"type":"Feature","properties":{"k":"tree"},"geometry":{"type":"Point","coordinates":[151.209086,-33.863361]}},{"type":"Feature","properties":{"k":"tree"},"geometry":{"type":"Point","coordinates":[151.206171,-33.863756]}},{"type":"Feature","properties":{"k":"tree"},"geometry":{"type":"Point","coordinates":[151.209819,-33.875029]}},{"type":"Feature","properties":{"k":"tree"},"geometry":{"type":"Point","coordinates":[151.207132,-33.876469]}},{"type":"Feature","properties":{"k":"tree"},"geometry":{"type":"Point","coordinates":[151.208545,-33.866225]}},{"type":"Feature","properties":{"k":"tree"},"geometry":{"type":"Point","coordinates":[151.207333,-33.86574]}},{"type":"Feature","properties":{"k":"tree"},"geometry":{"type":"Point","coordinates":[151.212121,-33.865309]}},{"type":"Feature","properties":{"k":"tree"},"geometry":{"type":"Point","coordinates":[151.205981,-33.876668]}},{"type":"Feature","properties":{"k":"tree"},"geometry":{"type":"Point","coordinates":[151.206134,-33.863473]}},{"type":"Feature","properties":{"k":"tree"},"geometry":{"type":"Point","coordinates":[151.209736,-33.873743]}},{"type":"Feature","properties":{"k":"tree"},"geometry":{"type":"Point","coordinates":[151.209355,-33.874559]}},{"type":"Feature","properties":{"k":"tree"},"geometry":{"type":"Point","coordinates":[151.209573,-33.875042]}},{"type":"Feature","properties":{"k":"tree"},"geometry":{"type":"Point","coordinates":[151.20943,-33.876137]}},{"type":"Feature","properties":{"k":"tree"},"geometry":{"type":"Point","coordinates":[151.206588,-33.875326]}},{"type":"Feature","properties":{"k":"tree"},"geometry":{"type":"Point","coordinates":[151.205653,-33.87857]}},{"type":"Feature","properties":{"k":"tree"},"geometry":{"type":"Point","coordinates":[151.208973,-33.875395]}},{"type":"Feature","properties":{"k":"tree"},"geometry":{"type":"Point","coordinates":[151.205539,-33.871645]}},{"type":"Feature","properties":{"k":"tree"},"geometry":{"type":"Point","coordinates":[151.208203,-33.861362]}},{"type":"Feature","properties":{"k":"tree"},"geometry":{"type":"Point","coordinates":[151.206402,-33.867072]}},{"type":"Feature","properties":{"k":"tree"},"geometry":{"type":"Point","coordinates":[151.212978,-33.871415]}},{"type":"Feature","properties":{"k":"tree"},"geometry":{"type":"Point","coordinates":[151.208316,-33.861545]}},{"type":"Feature","properties":{"k":"tree"},"geometry":{"type":"Point","coordinates":[151.205881,-33.866304]}},{"type":"Feature","properties":{"k":"tree"},"geometry":{"type":"Point","coordinates":[151.211504,-33.869931]}},{"type":"Feature","properties":{"k":"tree"},"geometry":{"type":"Point","coordinates":[151.203715,-33.870267]}},{"type":"Feature","properties":{"k":"tree"},"geometry":{"type":"Point","coordinates":[151.206911,-33.872108]}},{"type":"Feature","properties":{"k":"tree"},"geometry":{"type":"Point","coordinates":[151.2048,-33.863999]}},{"type":"Feature","properties":{"k":"tree"},"geometry":{"type":"Point","coordinates":[151.209647,-33.866028]}},{"type":"Feature","properties":{"k":"tree"},"geometry":{"type":"Point","coordinates":[151.208229,-33.871639]}},{"type":"Feature","properties":{"k":"tree"},"geometry":{"type":"Point","coordinates":[151.210622,-33.870173]}},{"type":"Feature","properties":{"k":"tree"},"geometry":{"type":"Point","coordinates":[151.209897,-33.866932]}},{"type":"Feature","properties":{"k":"tree"},"geometry":{"type":"Point","coordinates":[151.205644,-33.866017]}},{"type":"Feature","properties":{"k":"tree"},"geometry":{"type":"Point","coordinates":[151.217255,-33.869464]}},{"type":"Feature","properties":{"k":"tree"},"geometry":{"type":"Point","coordinates":[151.219662,-33.864674]}},{"type":"Feature","properties":{"k":"tree"},"geometry":{"type":"Point","coordinates":[151.219548,-33.864651]}},{"type":"Feature","properties":{"k":"tree"},"geometry":{"type":"Point","coordinates":[151.219867,-33.864415]}},{"type":"Feature","properties":{"k":"tree"},"geometry":{"type":"Point","coordinates":[151.209496,-33.879655]}},{"type":"Feature","properties":{"k":"tree"},"geometry":{"type":"Point","coordinates":[151.212725,-33.88055]}},{"type":"Feature","properties":{"k":"tree"},"geometry":{"type":"Point","coordinates":[151.213316,-33.880612]}},{"type":"Feature","properties":{"k":"tree"},"geometry":{"type":"Point","coordinates":[151.212662,-33.880555]}},{"type":"Feature","properties":{"k":"tree"},"geometry":{"type":"Point","coordinates":[151.216693,-33.859904]}},{"type":"Feature","properties":{"k":"tree"},"geometry":{"type":"Point","coordinates":[151.216039,-33.864633]}},{"type":"Feature","properties":{"k":"tree"},"geometry":{"type":"Point","coordinates":[151.21621,-33.864262]}},{"type":"Feature","properties":{"k":"tree"},"geometry":{"type":"Point","coordinates":[151.215996,-33.864707]}},{"type":"Feature","properties":{"k":"tree"},"geometry":{"type":"Point","coordinates":[151.216029,-33.86456]}},{"type":"Feature","properties":{"k":"tree"},"geometry":{"type":"Point","coordinates":[151.215939,-33.864782]}},{"type":"Feature","properties":{"k":"tree"},"geometry":{"type":"Point","coordinates":[151.215849,-33.864854]}},{"type":"Feature","properties":{"k":"tree"},"geometry":{"type":"Point","coordinates":[151.214284,-33.861036]}},{"type":"Feature","properties":{"k":"tree"},"geometry":{"type":"Point","coordinates":[151.216699,-33.860497]}},{"type":"Feature","properties":{"k":"tree"},"geometry":{"type":"Point","coordinates":[151.21674,-33.860779]}},{"type":"Feature","properties":{"k":"tree"},"geometry":{"type":"Point","coordinates":[151.2166,-33.860812]}},{"type":"Feature","properties":{"k":"tree"},"geometry":{"type":"Point","coordinates":[151.21666,-33.860339]}},{"type":"Feature","properties":{"k":"tree"},"geometry":{"type":"Point","coordinates":[151.210439,-33.861708]}},{"type":"Feature","properties":{"k":"tree"},"geometry":{"type":"Point","coordinates":[151.210447,-33.861647]}},{"type":"Feature","properties":{"k":"tree"},"geometry":{"type":"Point","coordinates":[151.210307,-33.861634]}},{"type":"Feature","properties":{"k":"tree"},"geometry":{"type":"Point","coordinates":[151.210294,-33.861692]}},{"type":"Feature","properties":{"k":"tree"},"geometry":{"type":"Point","coordinates":[151.210176,-33.861681]}},{"type":"Feature","properties":{"k":"tree"},"geometry":{"type":"Point","coordinates":[151.210185,-33.861625]}},{"type":"Feature","properties":{"k":"tree"},"geometry":{"type":"Point","coordinates":[151.210031,-33.861607]}},{"type":"Feature","properties":{"k":"tree"},"geometry":{"type":"Point","coordinates":[151.210022,-33.861669]}},{"type":"Feature","properties":{"k":"tree"},"geometry":{"type":"Point","coordinates":[151.209856,-33.861656]}},{"type":"Feature","properties":{"k":"tree"},"geometry":{"type":"Point","coordinates":[151.209864,-33.861595]}},{"type":"Feature","properties":{"k":"tree"},"geometry":{"type":"Point","coordinates":[151.20974,-33.861643]}},{"type":"Feature","properties":{"k":"tree"},"geometry":{"type":"Point","coordinates":[151.209749,-33.861585]}},{"type":"Feature","properties":{"k":"tree"},"geometry":{"type":"Point","coordinates":[151.209613,-33.861573]}},{"type":"Feature","properties":{"k":"tree"},"geometry":{"type":"Point","coordinates":[151.209606,-33.861633]}},{"type":"Feature","properties":{"k":"tree"},"geometry":{"type":"Point","coordinates":[151.209446,-33.861613]}},{"type":"Feature","properties":{"k":"tree"},"geometry":{"type":"Point","coordinates":[151.209466,-33.861558]}},{"type":"Feature","properties":{"k":"tree"},"geometry":{"type":"Point","coordinates":[151.209481,-33.861335]}},{"type":"Feature","properties":{"k":"tree"},"geometry":{"type":"Point","coordinates":[151.209403,-33.861325]}},{"type":"Feature","properties":{"k":"tree"},"geometry":{"type":"Point","coordinates":[151.209356,-33.861317]}},{"type":"Feature","properties":{"k":"tree"},"geometry":{"type":"Point","coordinates":[151.20921,-33.861305]}},{"type":"Feature","properties":{"k":"tree"},"geometry":{"type":"Point","coordinates":[151.209171,-33.861302]}},{"type":"Feature","properties":{"k":"tree"},"geometry":{"type":"Point","coordinates":[151.209109,-33.861296]}},{"type":"Feature","properties":{"k":"tree"},"geometry":{"type":"Point","coordinates":[151.209039,-33.861287]}},{"type":"Feature","properties":{"k":"tree"},"geometry":{"type":"Point","coordinates":[151.208994,-33.861281]}},{"type":"Feature","properties":{"k":"tree"},"geometry":{"type":"Point","coordinates":[151.206869,-33.885347]}},{"type":"Feature","properties":{"k":"tree"},"geometry":{"type":"Point","coordinates":[151.206873,-33.885268]}},{"type":"Feature","properties":{"k":"tree"},"geometry":{"type":"Point","coordinates":[151.206885,-33.885188]}},{"type":"Feature","properties":{"k":"tree"},"geometry":{"type":"Point","coordinates":[151.208155,-33.883777]}},{"type":"Feature","properties":{"k":"tree"},"geometry":{"type":"Point","coordinates":[151.208171,-33.883688]}},{"type":"Feature","properties":{"k":"tree"},"geometry":{"type":"Point","coordinates":[151.207861,-33.883778]}},{"type":"Feature","properties":{"k":"tree"},"geometry":{"type":"Point","coordinates":[151.207801,-33.883862]}},{"type":"Feature","properties":{"k":"tree"},"geometry":{"type":"Point","coordinates":[151.207259,-33.88455]}},{"type":"Feature","properties":{"k":"tree"},"geometry":{"type":"Point","coordinates":[151.207344,-33.884459]}},{"type":"Feature","properties":{"k":"tree"},"geometry":{"type":"Point","coordinates":[151.207161,-33.884705]}},{"type":"Feature","properties":{"k":"tree"},"geometry":{"type":"Point","coordinates":[151.207134,-33.884737]}},{"type":"Feature","properties":{"k":"tree"},"geometry":{"type":"Point","coordinates":[151.209422,-33.858863]}},{"type":"Feature","properties":{"k":"tree"},"geometry":{"type":"Point","coordinates":[151.20157,-33.857382]}},{"type":"Feature","properties":{"k":"tree"},"geometry":{"type":"Point","coordinates":[151.201437,-33.857219]}},{"type":"Feature","properties":{"k":"tree"},"geometry":{"type":"Point","coordinates":[151.201418,-33.857185]}},{"type":"Feature","properties":{"k":"tree"},"geometry":{"type":"Point","coordinates":[151.201553,-33.857321]}},{"type":"Feature","properties":{"k":"tree"},"geometry":{"type":"Point","coordinates":[151.201526,-33.857299]}},{"type":"Feature","properties":{"k":"tree"},"geometry":{"type":"Point","coordinates":[151.201508,-33.857251]}},{"type":"Feature","properties":{"k":"tree"},"geometry":{"type":"Point","coordinates":[151.201083,-33.857481]}},{"type":"Feature","properties":{"k":"tree"},"geometry":{"type":"Point","coordinates":[151.201069,-33.85744]}},{"type":"Feature","properties":{"k":"tree"},"geometry":{"type":"Point","coordinates":[151.201023,-33.857397]}},{"type":"Feature","properties":{"k":"tree"},"geometry":{"type":"Point","coordinates":[151.200996,-33.857436]}},{"type":"Feature","properties":{"k":"tree"},"geometry":{"type":"Point","coordinates":[151.200965,-33.857487]}},{"type":"Feature","properties":{"k":"tree"},"geometry":{"type":"Point","coordinates":[151.201,-33.8575]}},{"type":"Feature","properties":{"k":"tree"},"geometry":{"type":"Point","coordinates":[151.201057,-33.857527]}},{"type":"Feature","properties":{"k":"tree"},"geometry":{"type":"Point","coordinates":[151.20095,-33.857549]}},{"type":"Feature","properties":{"k":"tree"},"geometry":{"type":"Point","coordinates":[151.200909,-33.857596]}},{"type":"Feature","properties":{"k":"tree"},"geometry":{"type":"Point","coordinates":[151.200959,-33.857599]}},{"type":"Feature","properties":{"k":"tree"},"geometry":{"type":"Point","coordinates":[151.200999,-33.857556]}},{"type":"Feature","properties":{"k":"tree"},"geometry":{"type":"Point","coordinates":[151.201035,-33.857585]}},{"type":"Feature","properties":{"k":"tree"},"geometry":{"type":"Point","coordinates":[151.201,-33.857615]}},{"type":"Feature","properties":{"k":"tree"},"geometry":{"type":"Point","coordinates":[151.20106,-33.857635]}},{"type":"Feature","properties":{"k":"tree"},"geometry":{"type":"Point","coordinates":[151.20102,-33.857652]}},{"type":"Feature","properties":{"k":"tree"},"geometry":{"type":"Point","coordinates":[151.200976,-33.857655]}},{"type":"Feature","properties":{"k":"tree"},"geometry":{"type":"Point","coordinates":[151.201009,-33.857735]}},{"type":"Feature","properties":{"k":"tree"},"geometry":{"type":"Point","coordinates":[151.201071,-33.857684]}},{"type":"Feature","properties":{"k":"tree"},"geometry":{"type":"Point","coordinates":[151.201395,-33.857912]}},{"type":"Feature","properties":{"k":"tree"},"geometry":{"type":"Point","coordinates":[151.201439,-33.857902]}},{"type":"Feature","properties":{"k":"tree"},"geometry":{"type":"Point","coordinates":[151.200996,-33.858083]}},{"type":"Feature","properties":{"k":"tree"},"geometry":{"type":"Point","coordinates":[151.200933,-33.858057]}},{"type":"Feature","properties":{"k":"tree"},"geometry":{"type":"Point","coordinates":[151.201432,-33.857631]}},{"type":"Feature","properties":{"k":"tree"},"geometry":{"type":"Point","coordinates":[151.201407,-33.857605]}},{"type":"Feature","properties":{"k":"tree"},"geometry":{"type":"Point","coordinates":[151.201403,-33.857568]}},{"type":"Feature","properties":{"k":"tree"},"geometry":{"type":"Point","coordinates":[151.201439,-33.857534]}},{"type":"Feature","properties":{"k":"tree"},"geometry":{"type":"Point","coordinates":[151.20145,-33.857574]}},{"type":"Feature","properties":{"k":"tree"},"geometry":{"type":"Point","coordinates":[151.201459,-33.857609]}},{"type":"Feature","properties":{"k":"tree"},"geometry":{"type":"Point","coordinates":[151.201488,-33.857578]}},{"type":"Feature","properties":{"k":"tree"},"geometry":{"type":"Point","coordinates":[151.201496,-33.857545]}},{"type":"Feature","properties":{"k":"tree"},"geometry":{"type":"Point","coordinates":[151.201385,-33.856851]}},{"type":"Feature","properties":{"k":"tree"},"geometry":{"type":"Point","coordinates":[151.201048,-33.856746]}},{"type":"Feature","properties":{"k":"tree"},"geometry":{"type":"Point","coordinates":[151.201304,-33.856989]}},{"type":"Feature","properties":{"k":"tree"},"geometry":{"type":"Point","coordinates":[151.201326,-33.857032]}},{"type":"Feature","properties":{"k":"tree"},"geometry":{"type":"Point","coordinates":[151.201377,-33.856968]}},{"type":"Feature","properties":{"k":"tree"},"geometry":{"type":"Point","coordinates":[151.201011,-33.856342]}},{"type":"Feature","properties":{"k":"tree"},"geometry":{"type":"Point","coordinates":[151.200959,-33.856365]}},{"type":"Feature","properties":{"k":"tree"},"geometry":{"type":"Point","coordinates":[151.200986,-33.856458]}},{"type":"Feature","properties":{"k":"tree"},"geometry":{"type":"Point","coordinates":[151.200936,-33.856482]}},{"type":"Feature","properties":{"k":"tree"},"geometry":{"type":"Point","coordinates":[151.201023,-33.85652]}},{"type":"Feature","properties":{"k":"tree"},"geometry":{"type":"Point","coordinates":[151.201417,-33.856554]}},{"type":"Feature","properties":{"k":"tree"},"geometry":{"type":"Point","coordinates":[151.201452,-33.856457]}},{"type":"Feature","properties":{"k":"tree"},"geometry":{"type":"Point","coordinates":[151.201483,-33.856487]}},{"type":"Feature","properties":{"k":"tree"},"geometry":{"type":"Point","coordinates":[151.201506,-33.856436]}},{"type":"Feature","properties":{"k":"tree"},"geometry":{"type":"Point","coordinates":[151.201561,-33.856391]}},{"type":"Feature","properties":{"k":"tree"},"geometry":{"type":"Point","coordinates":[151.201558,-33.856436]}},{"type":"Feature","properties":{"k":"tree"},"geometry":{"type":"Point","coordinates":[151.201074,-33.856244]}},{"type":"Feature","properties":{"k":"tree"},"geometry":{"type":"Point","coordinates":[151.200984,-33.856246]}},{"type":"Feature","properties":{"k":"tree"},"geometry":{"type":"Point","coordinates":[151.201666,-33.856303]}},{"type":"Feature","properties":{"k":"tree"},"geometry":{"type":"Point","coordinates":[151.200691,-33.855863]}},{"type":"Feature","properties":{"k":"tree"},"geometry":{"type":"Point","coordinates":[151.200704,-33.855895]}},{"type":"Feature","properties":{"k":"tree"},"geometry":{"type":"Point","coordinates":[151.200658,-33.855948]}},{"type":"Feature","properties":{"k":"tree"},"geometry":{"type":"Point","coordinates":[151.200622,-33.855905]}},{"type":"Feature","properties":{"k":"tree"},"geometry":{"type":"Point","coordinates":[151.20063,-33.856019]}},{"type":"Feature","properties":{"k":"tree"},"geometry":{"type":"Point","coordinates":[151.200665,-33.856042]}},{"type":"Feature","properties":{"k":"tree"},"geometry":{"type":"Point","coordinates":[151.20075,-33.856042]}},{"type":"Feature","properties":{"k":"tree"},"geometry":{"type":"Point","coordinates":[151.200752,-33.856081]}},{"type":"Feature","properties":{"k":"tree"},"geometry":{"type":"Point","coordinates":[151.200826,-33.856159]}},{"type":"Feature","properties":{"k":"tree"},"geometry":{"type":"Point","coordinates":[151.200851,-33.856185]}},{"type":"Feature","properties":{"k":"tree"},"geometry":{"type":"Point","coordinates":[151.200831,-33.856219]}},{"type":"Feature","properties":{"k":"tree"},"geometry":{"type":"Point","coordinates":[151.200807,-33.856086]}},{"type":"Feature","properties":{"k":"tree"},"geometry":{"type":"Point","coordinates":[151.200795,-33.856032]}},{"type":"Feature","properties":{"k":"tree"},"geometry":{"type":"Point","coordinates":[151.2008,-33.855952]}},{"type":"Feature","properties":{"k":"tree"},"geometry":{"type":"Point","coordinates":[151.200851,-33.856002]}},{"type":"Feature","properties":{"k":"tree"},"geometry":{"type":"Point","coordinates":[151.200885,-33.855949]}},{"type":"Feature","properties":{"k":"tree"},"geometry":{"type":"Point","coordinates":[151.200877,-33.855916]}},{"type":"Feature","properties":{"k":"tree"},"geometry":{"type":"Point","coordinates":[151.200842,-33.855895]}},{"type":"Feature","properties":{"k":"tree"},"geometry":{"type":"Point","coordinates":[151.200863,-33.855864]}},{"type":"Feature","properties":{"k":"tree"},"geometry":{"type":"Point","coordinates":[151.200833,-33.855823]}},{"type":"Feature","properties":{"k":"tree"},"geometry":{"type":"Point","coordinates":[151.200768,-33.855832]}},{"type":"Feature","properties":{"k":"tree"},"geometry":{"type":"Point","coordinates":[151.200773,-33.855898]}},{"type":"Feature","properties":{"k":"tree"},"geometry":{"type":"Point","coordinates":[151.200741,-33.855916]}},{"type":"Feature","properties":{"k":"tree"},"geometry":{"type":"Point","coordinates":[151.200732,-33.855808]}},{"type":"Feature","properties":{"k":"tree"},"geometry":{"type":"Point","coordinates":[151.200745,-33.855759]}},{"type":"Feature","properties":{"k":"tree"},"geometry":{"type":"Point","coordinates":[151.200798,-33.855738]}},{"type":"Feature","properties":{"k":"tree"},"geometry":{"type":"Point","coordinates":[151.200808,-33.855783]}},{"type":"Feature","properties":{"k":"tree"},"geometry":{"type":"Point","coordinates":[151.200978,-33.855752]}},{"type":"Feature","properties":{"k":"tree"},"geometry":{"type":"Point","coordinates":[151.200998,-33.855718]}},{"type":"Feature","properties":{"k":"tree"},"geometry":{"type":"Point","coordinates":[151.201043,-33.855735]}},{"type":"Feature","properties":{"k":"tree"},"geometry":{"type":"Point","coordinates":[151.201082,-33.855743]}},{"type":"Feature","properties":{"k":"tree"},"geometry":{"type":"Point","coordinates":[151.201019,-33.855791]}},{"type":"Feature","properties":{"k":"tree"},"geometry":{"type":"Point","coordinates":[151.201004,-33.855848]}},{"type":"Feature","properties":{"k":"tree"},"geometry":{"type":"Point","coordinates":[151.201091,-33.855803]}},{"type":"Feature","properties":{"k":"tree"},"geometry":{"type":"Point","coordinates":[151.201142,-33.855766]}},{"type":"Feature","properties":{"k":"tree"},"geometry":{"type":"Point","coordinates":[151.201328,-33.85579]}},{"type":"Feature","properties":{"k":"tree"},"geometry":{"type":"Point","coordinates":[151.201351,-33.855756]}},{"type":"Feature","properties":{"k":"tree"},"geometry":{"type":"Point","coordinates":[151.201392,-33.855794]}},{"type":"Feature","properties":{"k":"tree"},"geometry":{"type":"Point","coordinates":[151.201453,-33.855819]}},{"type":"Feature","properties":{"k":"tree"},"geometry":{"type":"Point","coordinates":[151.20151,-33.855844]}},{"type":"Feature","properties":{"k":"tree"},"geometry":{"type":"Point","coordinates":[151.201445,-33.855756]}},{"type":"Feature","properties":{"k":"tree"},"geometry":{"type":"Point","coordinates":[151.201504,-33.855729]}},{"type":"Feature","properties":{"k":"tree"},"geometry":{"type":"Point","coordinates":[151.20148,-33.855787]}},{"type":"Feature","properties":{"k":"tree"},"geometry":{"type":"Point","coordinates":[151.201539,-33.85579]}},{"type":"Feature","properties":{"k":"tree"},"geometry":{"type":"Point","coordinates":[151.201582,-33.855791]}},{"type":"Feature","properties":{"k":"tree"},"geometry":{"type":"Point","coordinates":[151.201594,-33.855848]}},{"type":"Feature","properties":{"k":"tree"},"geometry":{"type":"Point","coordinates":[151.201664,-33.855898]}},{"type":"Feature","properties":{"k":"tree"},"geometry":{"type":"Point","coordinates":[151.20174,-33.855994]}},{"type":"Feature","properties":{"k":"tree"},"geometry":{"type":"Point","coordinates":[151.201705,-33.855954]}},{"type":"Feature","properties":{"k":"tree"},"geometry":{"type":"Point","coordinates":[151.201794,-33.856066]}},{"type":"Feature","properties":{"k":"tree"},"geometry":{"type":"Point","coordinates":[151.201792,-33.856021]}},{"type":"Feature","properties":{"k":"tree"},"geometry":{"type":"Point","coordinates":[151.201839,-33.856019]}},{"type":"Feature","properties":{"k":"tree"},"geometry":{"type":"Point","coordinates":[151.201851,-33.856046]}},{"type":"Feature","properties":{"k":"tree"},"geometry":{"type":"Point","coordinates":[151.201911,-33.856064]}},{"type":"Feature","properties":{"k":"tree"},"geometry":{"type":"Point","coordinates":[151.201903,-33.856107]}},{"type":"Feature","properties":{"k":"tree"},"geometry":{"type":"Point","coordinates":[151.201634,-33.856235]}},{"type":"Feature","properties":{"k":"tree"},"geometry":{"type":"Point","coordinates":[151.201677,-33.856266]}},{"type":"Feature","properties":{"k":"tree"},"geometry":{"type":"Point","coordinates":[151.201768,-33.856296]}},{"type":"Feature","properties":{"k":"tree"},"geometry":{"type":"Point","coordinates":[151.201718,-33.856314]}},{"type":"Feature","properties":{"k":"tree"},"geometry":{"type":"Point","coordinates":[151.201793,-33.856306]}},{"type":"Feature","properties":{"k":"tree"},"geometry":{"type":"Point","coordinates":[151.201282,-33.858614]}},{"type":"Feature","properties":{"k":"tree"},"geometry":{"type":"Point","coordinates":[151.201253,-33.85862]}},{"type":"Feature","properties":{"k":"tree"},"geometry":{"type":"Point","coordinates":[151.204072,-33.878825]}},{"type":"Feature","properties":{"k":"tree"},"geometry":{"type":"Point","coordinates":[151.204134,-33.878888]}},{"type":"Feature","properties":{"k":"tree"},"geometry":{"type":"Point","coordinates":[151.204076,-33.878944]}},{"type":"Feature","properties":{"k":"tree"},"geometry":{"type":"Point","coordinates":[151.204143,-33.879019]}},{"type":"Feature","properties":{"k":"tree"},"geometry":{"type":"Point","coordinates":[151.204093,-33.879087]}},{"type":"Feature","properties":{"k":"tree"},"geometry":{"type":"Point","coordinates":[151.20416,-33.879156]}},{"type":"Feature","properties":{"k":"tree"},"geometry":{"type":"Point","coordinates":[151.204113,-33.879237]}},{"type":"Feature","properties":{"k":"tree"},"geometry":{"type":"Point","coordinates":[151.20417,-33.879315]}},{"type":"Feature","properties":{"k":"tree"},"geometry":{"type":"Point","coordinates":[151.204043,-33.878635]}},{"type":"Feature","properties":{"k":"tree"},"geometry":{"type":"Point","coordinates":[151.204094,-33.878564]}},{"type":"Feature","properties":{"k":"tree"},"geometry":{"type":"Point","coordinates":[151.204019,-33.878491]}},{"type":"Feature","properties":{"k":"tree"},"geometry":{"type":"Point","coordinates":[151.204072,-33.878396]}},{"type":"Feature","properties":{"k":"tree"},"geometry":{"type":"Point","coordinates":[151.203999,-33.878337]}},{"type":"Feature","properties":{"k":"tree"},"geometry":{"type":"Point","coordinates":[151.204042,-33.878252]}},{"type":"Feature","properties":{"k":"tree"},"geometry":{"type":"Point","coordinates":[151.203987,-33.878188]}},{"type":"Feature","properties":{"k":"tree"},"geometry":{"type":"Point","coordinates":[151.204033,-33.878126]}},{"type":"Feature","properties":{"k":"tree"},"geometry":{"type":"Point","coordinates":[151.203966,-33.878066]}},{"type":"Feature","properties":{"k":"tree"},"geometry":{"type":"Point","coordinates":[151.20401,-33.877793]}},{"type":"Feature","properties":{"k":"tree"},"geometry":{"type":"Point","coordinates":[151.20401,-33.877849]}},{"type":"Feature","properties":{"k":"tree"},"geometry":{"type":"Point","coordinates":[151.204693,-33.878732]}},{"type":"Feature","properties":{"k":"tree"},"geometry":{"type":"Point","coordinates":[151.204696,-33.878685]}},{"type":"Feature","properties":{"k":"tree"},"geometry":{"type":"Point","coordinates":[151.204524,-33.878681]}},{"type":"Feature","properties":{"k":"tree"},"geometry":{"type":"Point","coordinates":[151.20452,-33.878729]}},{"type":"Feature","properties":{"k":"tree"},"geometry":{"type":"Point","coordinates":[151.20435,-33.878732]}},{"type":"Feature","properties":{"k":"tree"},"geometry":{"type":"Point","coordinates":[151.204348,-33.87868]}},{"type":"Feature","properties":{"k":"tree"},"geometry":{"type":"Point","coordinates":[151.20426,-33.878681]}},{"type":"Feature","properties":{"k":"tree"},"geometry":{"type":"Point","coordinates":[151.204189,-33.878681]}},{"type":"Feature","properties":{"k":"tree"},"geometry":{"type":"Point","coordinates":[151.204196,-33.878731]}},{"type":"Feature","properties":{"k":"tree"},"geometry":{"type":"Point","coordinates":[151.203804,-33.878728]}},{"type":"Feature","properties":{"k":"tree"},"geometry":{"type":"Point","coordinates":[151.203689,-33.878678]}},{"type":"Feature","properties":{"k":"tree"},"geometry":{"type":"Point","coordinates":[151.203595,-33.87868]}},{"type":"Feature","properties":{"k":"tree"},"geometry":{"type":"Point","coordinates":[151.20352,-33.878732]}},{"type":"Feature","properties":{"k":"tree"},"geometry":{"type":"Point","coordinates":[151.203699,-33.878723]}},{"type":"Feature","properties":{"k":"tree"},"geometry":{"type":"Point","coordinates":[151.203845,-33.878678]}},{"type":"Feature","properties":{"k":"tree"},"geometry":{"type":"Point","coordinates":[151.202399,-33.8582]}},{"type":"Feature","properties":{"k":"tree"},"geometry":{"type":"Point","coordinates":[151.201865,-33.87762]}},{"type":"Feature","properties":{"k":"tree"},"geometry":{"type":"Point","coordinates":[151.201799,-33.87758]}},{"type":"Feature","properties":{"k":"tree"},"geometry":{"type":"Point","coordinates":[151.20223,-33.878853]}},{"type":"Feature","properties":{"k":"tree"},"geometry":{"type":"Point","coordinates":[151.202253,-33.878946]}},{"type":"Feature","properties":{"k":"tree"},"geometry":{"type":"Point","coordinates":[151.202283,-33.879058]}},{"type":"Feature","properties":{"k":"tree"},"geometry":{"type":"Point","coordinates":[151.201954,-33.879517]}},{"type":"Feature","properties":{"k":"tree"},"geometry":{"type":"Point","coordinates":[151.201992,-33.879675]}},{"type":"Feature","properties":{"k":"tree"},"geometry":{"type":"Point","coordinates":[151.202157,-33.879991]}},{"type":"Feature","properties":{"k":"tree"},"geometry":{"type":"Point","coordinates":[151.202213,-33.880044]}},{"type":"Feature","properties":{"k":"tree"},"geometry":{"type":"Point","coordinates":[151.202283,-33.879354]}},{"type":"Feature","properties":{"k":"tree"},"geometry":{"type":"Point","coordinates":[151.202313,-33.87947]}},{"type":"Feature","properties":{"k":"tree"},"geometry":{"type":"Point","coordinates":[151.202388,-33.879698]}},{"type":"Feature","properties":{"k":"tree"},"geometry":{"type":"Point","coordinates":[151.202401,-33.879767]}},{"type":"Feature","properties":{"k":"tree"},"geometry":{"type":"Point","coordinates":[151.202421,-33.879835]}},{"type":"Feature","properties":{"k":"tree"},"geometry":{"type":"Point","coordinates":[151.213983,-33.864239]}},{"type":"Feature","properties":{"k":"tree"},"geometry":{"type":"Point","coordinates":[151.2158,-33.863186]}},{"type":"Feature","properties":{"k":"tree"},"geometry":{"type":"Point","coordinates":[151.21592,-33.86284]}},{"type":"Feature","properties":{"k":"tree"},"geometry":{"type":"Point","coordinates":[151.215907,-33.863019]}},{"type":"Feature","properties":{"k":"tree"},"geometry":{"type":"Point","coordinates":[151.21594,-33.86287]}},{"type":"Feature","properties":{"k":"tree"},"geometry":{"type":"Point","coordinates":[151.215865,-33.8631]}},{"type":"Feature","properties":{"k":"tree"},"geometry":{"type":"Point","coordinates":[151.218707,-33.880047]}},{"type":"Feature","properties":{"k":"tree"},"geometry":{"type":"Point","coordinates":[151.218629,-33.879486]}},{"type":"Feature","properties":{"k":"tree"},"geometry":{"type":"Point","coordinates":[151.218581,-33.880012]}},{"type":"Feature","properties":{"k":"tree"},"geometry":{"type":"Point","coordinates":[151.218681,-33.879375]}},{"type":"Feature","properties":{"k":"tree"},"geometry":{"type":"Point","coordinates":[151.219248,-33.879443]}},{"type":"Feature","properties":{"k":"tree"},"geometry":{"type":"Point","coordinates":[151.219298,-33.87955]}},{"type":"Feature","properties":{"k":"tree"},"geometry":{"type":"Point","coordinates":[151.218739,-33.879828]}},{"type":"Feature","properties":{"k":"tree"},"geometry":{"type":"Point","coordinates":[151.218869,-33.879263]}},{"type":"Feature","properties":{"k":"tree"},"geometry":{"type":"Point","coordinates":[151.21814,-33.879675]}},{"type":"Feature","properties":{"k":"tree"},"geometry":{"type":"Point","coordinates":[151.218248,-33.879723]}},{"type":"Feature","properties":{"k":"tree"},"geometry":{"type":"Point","coordinates":[151.218408,-33.879861]}},{"type":"Feature","properties":{"k":"tree"},"geometry":{"type":"Point","coordinates":[151.218644,-33.879976]}},{"type":"Feature","properties":{"k":"tree"},"geometry":{"type":"Point","coordinates":[151.218758,-33.880088]}},{"type":"Feature","properties":{"k":"tree"},"geometry":{"type":"Point","coordinates":[151.218837,-33.87924]}},{"type":"Feature","properties":{"k":"tree"},"geometry":{"type":"Point","coordinates":[151.217996,-33.880131]}},{"type":"Feature","properties":{"k":"tree"},"geometry":{"type":"Point","coordinates":[151.218708,-33.879165]}},{"type":"Feature","properties":{"k":"tree"},"geometry":{"type":"Point","coordinates":[151.218993,-33.879369]}},{"type":"Feature","properties":{"k":"tree"},"geometry":{"type":"Point","coordinates":[151.218652,-33.879927]}},{"type":"Feature","properties":{"k":"tree"},"geometry":{"type":"Point","coordinates":[151.217711,-33.87986]}},{"type":"Feature","properties":{"k":"tree"},"geometry":{"type":"Point","coordinates":[151.218641,-33.879361]}},{"type":"Feature","properties":{"k":"tree"},"geometry":{"type":"Point","coordinates":[151.218511,-33.880072]}},{"type":"Feature","properties":{"k":"tree"},"geometry":{"type":"Point","coordinates":[151.21855,-33.879986]}},{"type":"Feature","properties":{"k":"tree"},"geometry":{"type":"Point","coordinates":[151.201462,-33.877348]}},{"type":"Feature","properties":{"k":"tree"},"geometry":{"type":"Point","coordinates":[151.201452,-33.877327]}},{"type":"Feature","properties":{"k":"tree"},"geometry":{"type":"Point","coordinates":[151.201485,-33.877335]}},{"type":"Feature","properties":{"k":"tree"},"geometry":{"type":"Point","coordinates":[151.201524,-33.877314]}},{"type":"Feature","properties":{"k":"tree"},"geometry":{"type":"Point","coordinates":[151.201505,-33.877269]}},{"type":"Feature","properties":{"k":"tree"},"geometry":{"type":"Point","coordinates":[151.20154,-33.877341]}},{"type":"Feature","properties":{"k":"tree"},"geometry":{"type":"Point","coordinates":[151.20156,-33.877324]}},{"type":"Feature","properties":{"k":"tree"},"geometry":{"type":"Point","coordinates":[151.201616,-33.877309]}},{"type":"Feature","properties":{"k":"tree"},"geometry":{"type":"Point","coordinates":[151.201638,-33.877264]}},{"type":"Feature","properties":{"k":"tree"},"geometry":{"type":"Point","coordinates":[151.201641,-33.877235]}},{"type":"Feature","properties":{"k":"tree"},"geometry":{"type":"Point","coordinates":[151.201675,-33.877241]}},{"type":"Feature","properties":{"k":"tree"},"geometry":{"type":"Point","coordinates":[151.201699,-33.877264]}},{"type":"Feature","properties":{"k":"tree"},"geometry":{"type":"Point","coordinates":[151.201798,-33.877238]}},{"type":"Feature","properties":{"k":"tree"},"geometry":{"type":"Point","coordinates":[151.201818,-33.877186]}},{"type":"Feature","properties":{"k":"tree"},"geometry":{"type":"Point","coordinates":[151.201853,-33.877193]}},{"type":"Feature","properties":{"k":"tree"},"geometry":{"type":"Point","coordinates":[151.201859,-33.877154]}},{"type":"Feature","properties":{"k":"tree"},"geometry":{"type":"Point","coordinates":[151.201898,-33.877146]}},{"type":"Feature","properties":{"k":"tree"},"geometry":{"type":"Point","coordinates":[151.201898,-33.877194]}},{"type":"Feature","properties":{"k":"tree"},"geometry":{"type":"Point","coordinates":[151.201948,-33.87714]}},{"type":"Feature","properties":{"k":"tree"},"geometry":{"type":"Point","coordinates":[151.201989,-33.877142]}},{"type":"Feature","properties":{"k":"tree"},"geometry":{"type":"Point","coordinates":[151.202022,-33.877145]}},{"type":"Feature","properties":{"k":"tree"},"geometry":{"type":"Point","coordinates":[151.202032,-33.877105]}},{"type":"Feature","properties":{"k":"tree"},"geometry":{"type":"Point","coordinates":[151.202056,-33.87711]}},{"type":"Feature","properties":{"k":"tree"},"geometry":{"type":"Point","coordinates":[151.202114,-33.877042]}},{"type":"Feature","properties":{"k":"tree"},"geometry":{"type":"Point","coordinates":[151.202077,-33.877045]}},{"type":"Feature","properties":{"k":"tree"},"geometry":{"type":"Point","coordinates":[151.202005,-33.87705]}},{"type":"Feature","properties":{"k":"tree"},"geometry":{"type":"Point","coordinates":[151.201953,-33.877087]}},{"type":"Feature","properties":{"k":"tree"},"geometry":{"type":"Point","coordinates":[151.201923,-33.877087]}},{"type":"Feature","properties":{"k":"tree"},"geometry":{"type":"Point","coordinates":[151.201834,-33.877084]}},{"type":"Feature","properties":{"k":"tree"},"geometry":{"type":"Point","coordinates":[151.201784,-33.877083]}},{"type":"Feature","properties":{"k":"tree"},"geometry":{"type":"Point","coordinates":[151.201787,-33.877115]}},{"type":"Feature","properties":{"k":"tree"},"geometry":{"type":"Point","coordinates":[151.201754,-33.877156]}},{"type":"Feature","properties":{"k":"tree"},"geometry":{"type":"Point","coordinates":[151.20163,-33.877158]}},{"type":"Feature","properties":{"k":"tree"},"geometry":{"type":"Point","coordinates":[151.201721,-33.877242]}},{"type":"Feature","properties":{"k":"tree"},"geometry":{"type":"Point","coordinates":[151.201716,-33.877072]}},{"type":"Feature","properties":{"k":"tree"},"geometry":{"type":"Point","coordinates":[151.201749,-33.877045]}},{"type":"Feature","properties":{"k":"tree"},"geometry":{"type":"Point","coordinates":[151.20179,-33.877016]}},{"type":"Feature","properties":{"k":"tree"},"geometry":{"type":"Point","coordinates":[151.201736,-33.876971]}},{"type":"Feature","properties":{"k":"tree"},"geometry":{"type":"Point","coordinates":[151.201721,-33.877001]}},{"type":"Feature","properties":{"k":"tree"},"geometry":{"type":"Point","coordinates":[151.201683,-33.876965]}},{"type":"Feature","properties":{"k":"tree"},"geometry":{"type":"Point","coordinates":[151.20165,-33.876933]}},{"type":"Feature","properties":{"k":"tree"},"geometry":{"type":"Point","coordinates":[151.201708,-33.876921]}},{"type":"Feature","properties":{"k":"tree"},"geometry":{"type":"Point","coordinates":[151.201735,-33.876922]}},{"type":"Feature","properties":{"k":"tree"},"geometry":{"type":"Point","coordinates":[151.201793,-33.876933]}},{"type":"Feature","properties":{"k":"tree"},"geometry":{"type":"Point","coordinates":[151.201756,-33.876884]}},{"type":"Feature","properties":{"k":"tree"},"geometry":{"type":"Point","coordinates":[151.201715,-33.876872]}},{"type":"Feature","properties":{"k":"tree"},"geometry":{"type":"Point","coordinates":[151.201672,-33.876865]}},{"type":"Feature","properties":{"k":"tree"},"geometry":{"type":"Point","coordinates":[151.201667,-33.876836]}},{"type":"Feature","properties":{"k":"tree"},"geometry":{"type":"Point","coordinates":[151.201726,-33.876837]}},{"type":"Feature","properties":{"k":"tree"},"geometry":{"type":"Point","coordinates":[151.201796,-33.876839]}},{"type":"Feature","properties":{"k":"tree"},"geometry":{"type":"Point","coordinates":[151.201795,-33.876875]}},{"type":"Feature","properties":{"k":"tree"},"geometry":{"type":"Point","coordinates":[151.201859,-33.876845]}},{"type":"Feature","properties":{"k":"tree"},"geometry":{"type":"Point","coordinates":[151.201856,-33.876963]}},{"type":"Feature","properties":{"k":"tree"},"geometry":{"type":"Point","coordinates":[151.201605,-33.877086]}},{"type":"Feature","properties":{"k":"tree"},"geometry":{"type":"Point","coordinates":[151.20163,-33.877052]}},{"type":"Feature","properties":{"k":"tree"},"geometry":{"type":"Point","coordinates":[151.201594,-33.876958]}},{"type":"Feature","properties":{"k":"tree"},"geometry":{"type":"Point","coordinates":[151.201539,-33.876904]}},{"type":"Feature","properties":{"k":"tree"},"geometry":{"type":"Point","coordinates":[151.201524,-33.876835]}},{"type":"Feature","properties":{"k":"tree"},"geometry":{"type":"Point","coordinates":[151.201529,-33.876751]}},{"type":"Feature","properties":{"k":"tree"},"geometry":{"type":"Point","coordinates":[151.2015,-33.876765]}},{"type":"Feature","properties":{"k":"tree"},"geometry":{"type":"Point","coordinates":[151.201472,-33.876694]}},{"type":"Feature","properties":{"k":"tree"},"geometry":{"type":"Point","coordinates":[151.201511,-33.876687]}},{"type":"Feature","properties":{"k":"tree"},"geometry":{"type":"Point","coordinates":[151.201404,-33.876521]}},{"type":"Feature","properties":{"k":"tree"},"geometry":{"type":"Point","coordinates":[151.201468,-33.876523]}},{"type":"Feature","properties":{"k":"tree"},"geometry":{"type":"Point","coordinates":[151.201797,-33.876454]}},{"type":"Feature","properties":{"k":"tree"},"geometry":{"type":"Point","coordinates":[151.201801,-33.876401]}},{"type":"Feature","properties":{"k":"tree"},"geometry":{"type":"Point","coordinates":[151.201782,-33.876387]}},{"type":"Feature","properties":{"k":"tree"},"geometry":{"type":"Point","coordinates":[151.201735,-33.87639]}},{"type":"Feature","properties":{"k":"tree"},"geometry":{"type":"Point","coordinates":[151.201704,-33.876389]}},{"type":"Feature","properties":{"k":"tree"},"geometry":{"type":"Point","coordinates":[151.20162,-33.876348]}},{"type":"Feature","properties":{"k":"tree"},"geometry":{"type":"Point","coordinates":[151.201582,-33.876348]}},{"type":"Feature","properties":{"k":"tree"},"geometry":{"type":"Point","coordinates":[151.201517,-33.876381]}},{"type":"Feature","properties":{"k":"tree"},"geometry":{"type":"Point","coordinates":[151.201723,-33.876332]}},{"type":"Feature","properties":{"k":"tree"},"geometry":{"type":"Point","coordinates":[151.201773,-33.876336]}},{"type":"Feature","properties":{"k":"tree"},"geometry":{"type":"Point","coordinates":[151.201823,-33.876357]}},{"type":"Feature","properties":{"k":"tree"},"geometry":{"type":"Point","coordinates":[151.201859,-33.87636]}},{"type":"Feature","properties":{"k":"tree"},"geometry":{"type":"Point","coordinates":[151.201885,-33.876358]}},{"type":"Feature","properties":{"k":"tree"},"geometry":{"type":"Point","coordinates":[151.201851,-33.876404]}},{"type":"Feature","properties":{"k":"tree"},"geometry":{"type":"Point","coordinates":[151.201841,-33.876455]}},{"type":"Feature","properties":{"k":"tree"},"geometry":{"type":"Point","coordinates":[151.201361,-33.876328]}},{"type":"Feature","properties":{"k":"tree"},"geometry":{"type":"Point","coordinates":[151.201408,-33.876334]}},{"type":"Feature","properties":{"k":"tree"},"geometry":{"type":"Point","coordinates":[151.201425,-33.876209]}},{"type":"Feature","properties":{"k":"tree"},"geometry":{"type":"Point","coordinates":[151.201381,-33.876175]}},{"type":"Feature","properties":{"k":"tree"},"geometry":{"type":"Point","coordinates":[151.201454,-33.876246]}},{"type":"Feature","properties":{"k":"tree"},"geometry":{"type":"Point","coordinates":[151.201586,-33.876244]}},{"type":"Feature","properties":{"k":"tree"},"geometry":{"type":"Point","coordinates":[151.201724,-33.876219]}},{"type":"Feature","properties":{"k":"tree"},"geometry":{"type":"Point","coordinates":[151.202017,-33.876292]}},{"type":"Feature","properties":{"k":"tree"},"geometry":{"type":"Point","coordinates":[151.202097,-33.876259]}},{"type":"Feature","properties":{"k":"tree"},"geometry":{"type":"Point","coordinates":[151.202154,-33.876228]}},{"type":"Feature","properties":{"k":"tree"},"geometry":{"type":"Point","coordinates":[151.202206,-33.876197]}},{"type":"Feature","properties":{"k":"tree"},"geometry":{"type":"Point","coordinates":[151.202265,-33.876159]}},{"type":"Feature","properties":{"k":"tree"},"geometry":{"type":"Point","coordinates":[151.202305,-33.876124]}},{"type":"Feature","properties":{"k":"tree"},"geometry":{"type":"Point","coordinates":[151.202348,-33.876077]}},{"type":"Feature","properties":{"k":"tree"},"geometry":{"type":"Point","coordinates":[151.202392,-33.876028]}},{"type":"Feature","properties":{"k":"tree"},"geometry":{"type":"Point","coordinates":[151.202435,-33.875968]}},{"type":"Feature","properties":{"k":"tree"},"geometry":{"type":"Point","coordinates":[151.202285,-33.875964]}},{"type":"Feature","properties":{"k":"tree"},"geometry":{"type":"Point","coordinates":[151.202215,-33.876026]}},{"type":"Feature","properties":{"k":"tree"},"geometry":{"type":"Point","coordinates":[151.202162,-33.876086]}},{"type":"Feature","properties":{"k":"tree"},"geometry":{"type":"Point","coordinates":[151.202022,-33.876171]}},{"type":"Feature","properties":{"k":"tree"},"geometry":{"type":"Point","coordinates":[151.202078,-33.876143]}},{"type":"Feature","properties":{"k":"tree"},"geometry":{"type":"Point","coordinates":[151.201959,-33.876192]}},{"type":"Feature","properties":{"k":"tree"},"geometry":{"type":"Point","coordinates":[151.20212,-33.876123]}},{"type":"Feature","properties":{"k":"tree"},"geometry":{"type":"Point","coordinates":[151.201178,-33.8745]}},{"type":"Feature","properties":{"k":"tree"},"geometry":{"type":"Point","coordinates":[151.201165,-33.874453]}},{"type":"Feature","properties":{"k":"tree"},"geometry":{"type":"Point","coordinates":[151.20129,-33.874505]}},{"type":"Feature","properties":{"k":"tree"},"geometry":{"type":"Point","coordinates":[151.201324,-33.874458]}},{"type":"Feature","properties":{"k":"tree"},"geometry":{"type":"Point","coordinates":[151.201325,-33.87451]}},{"type":"Feature","properties":{"k":"tree"},"geometry":{"type":"Point","coordinates":[151.201371,-33.874513]}},{"type":"Feature","properties":{"k":"tree"},"geometry":{"type":"Point","coordinates":[151.201432,-33.874506]}},{"type":"Feature","properties":{"k":"tree"},"geometry":{"type":"Point","coordinates":[151.201456,-33.874474]}},{"type":"Feature","properties":{"k":"tree"},"geometry":{"type":"Point","coordinates":[151.201557,-33.87439]}},{"type":"Feature","properties":{"k":"tree"},"geometry":{"type":"Point","coordinates":[151.201516,-33.874389]}},{"type":"Feature","properties":{"k":"tree"},"geometry":{"type":"Point","coordinates":[151.201479,-33.874388]}},{"type":"Feature","properties":{"k":"tree"},"geometry":{"type":"Point","coordinates":[151.201534,-33.874423]}},{"type":"Feature","properties":{"k":"tree"},"geometry":{"type":"Point","coordinates":[151.20158,-33.874402]}},{"type":"Feature","properties":{"k":"tree"},"geometry":{"type":"Point","coordinates":[151.201068,-33.874596]}},{"type":"Feature","properties":{"k":"tree"},"geometry":{"type":"Point","coordinates":[151.201174,-33.87462]}},{"type":"Feature","properties":{"k":"tree"},"geometry":{"type":"Point","coordinates":[151.201209,-33.874664]}},{"type":"Feature","properties":{"k":"tree"},"geometry":{"type":"Point","coordinates":[151.201243,-33.874698]}},{"type":"Feature","properties":{"k":"tree"},"geometry":{"type":"Point","coordinates":[151.201268,-33.874747]}},{"type":"Feature","properties":{"k":"tree"},"geometry":{"type":"Point","coordinates":[151.201297,-33.874805]}},{"type":"Feature","properties":{"k":"tree"},"geometry":{"type":"Point","coordinates":[151.201238,-33.874873]}},{"type":"Feature","properties":{"k":"tree"},"geometry":{"type":"Point","coordinates":[151.20122,-33.874839]}},{"type":"Feature","properties":{"k":"tree"},"geometry":{"type":"Point","coordinates":[151.201195,-33.8748]}},{"type":"Feature","properties":{"k":"tree"},"geometry":{"type":"Point","coordinates":[151.201164,-33.874761]}},{"type":"Feature","properties":{"k":"tree"},"geometry":{"type":"Point","coordinates":[151.201144,-33.874719]}},{"type":"Feature","properties":{"k":"tree"},"geometry":{"type":"Point","coordinates":[151.201108,-33.874659]}},{"type":"Feature","properties":{"k":"tree"},"geometry":{"type":"Point","coordinates":[151.201328,-33.874829]}},{"type":"Feature","properties":{"k":"tree"},"geometry":{"type":"Point","coordinates":[151.201361,-33.874864]}},{"type":"Feature","properties":{"k":"tree"},"geometry":{"type":"Point","coordinates":[151.201386,-33.874899]}},{"type":"Feature","properties":{"k":"tree"},"geometry":{"type":"Point","coordinates":[151.201423,-33.874887]}},{"type":"Feature","properties":{"k":"tree"},"geometry":{"type":"Point","coordinates":[151.20145,-33.874923]}},{"type":"Feature","properties":{"k":"tree"},"geometry":{"type":"Point","coordinates":[151.201492,-33.874894]}},{"type":"Feature","properties":{"k":"tree"},"geometry":{"type":"Point","coordinates":[151.201479,-33.874949]}},{"type":"Feature","properties":{"k":"tree"},"geometry":{"type":"Point","coordinates":[151.201281,-33.874929]}},{"type":"Feature","properties":{"k":"tree"},"geometry":{"type":"Point","coordinates":[151.201357,-33.875036]}},{"type":"Feature","properties":{"k":"tree"},"geometry":{"type":"Point","coordinates":[151.201386,-33.87508]}},{"type":"Feature","properties":{"k":"tree"},"geometry":{"type":"Point","coordinates":[151.201409,-33.875136]}},{"type":"Feature","properties":{"k":"tree"},"geometry":{"type":"Point","coordinates":[151.201445,-33.875173]}},{"type":"Feature","properties":{"k":"tree"},"geometry":{"type":"Point","coordinates":[151.201321,-33.875215]}},{"type":"Feature","properties":{"k":"tree"},"geometry":{"type":"Point","coordinates":[151.201296,-33.875281]}},{"type":"Feature","properties":{"k":"tree"},"geometry":{"type":"Point","coordinates":[151.20119,-33.875368]}},{"type":"Feature","properties":{"k":"tree"},"geometry":{"type":"Point","coordinates":[151.201146,-33.875365]}},{"type":"Feature","properties":{"k":"tree"},"geometry":{"type":"Point","coordinates":[151.20111,-33.875544]}},{"type":"Feature","properties":{"k":"tree"},"geometry":{"type":"Point","coordinates":[151.201086,-33.875558]}},{"type":"Feature","properties":{"k":"tree"},"geometry":{"type":"Point","coordinates":[151.201151,-33.875221]}},{"type":"Feature","properties":{"k":"tree"},"geometry":{"type":"Point","coordinates":[151.201501,-33.875131]}},{"type":"Feature","properties":{"k":"tree"},"geometry":{"type":"Point","coordinates":[151.201493,-33.875089]}},{"type":"Feature","properties":{"k":"tree"},"geometry":{"type":"Point","coordinates":[151.201482,-33.87503]}},{"type":"Feature","properties":{"k":"tree"},"geometry":{"type":"Point","coordinates":[151.201471,-33.875004]}},{"type":"Feature","properties":{"k":"tree"},"geometry":{"type":"Point","coordinates":[151.201416,-33.874974]}},{"type":"Feature","properties":{"k":"tree"},"geometry":{"type":"Point","coordinates":[151.201583,-33.874905]}},{"type":"Feature","properties":{"k":"tree"},"geometry":{"type":"Point","coordinates":[151.201618,-33.874874]}},{"type":"Feature","properties":{"k":"tree"},"geometry":{"type":"Point","coordinates":[151.201641,-33.874924]}},{"type":"Feature","properties":{"k":"tree"},"geometry":{"type":"Point","coordinates":[151.201681,-33.874913]}},{"type":"Feature","properties":{"k":"tree"},"geometry":{"type":"Point","coordinates":[151.201784,-33.874946]}},{"type":"Feature","properties":{"k":"tree"},"geometry":{"type":"Point","coordinates":[151.201813,-33.874952]}},{"type":"Feature","properties":{"k":"tree"},"geometry":{"type":"Point","coordinates":[151.201802,-33.874993]}},{"type":"Feature","properties":{"k":"tree"},"geometry":{"type":"Point","coordinates":[151.201743,-33.874983]}},{"type":"Feature","properties":{"k":"tree"},"geometry":{"type":"Point","coordinates":[151.201723,-33.874995]}},{"type":"Feature","properties":{"k":"tree"},"geometry":{"type":"Point","coordinates":[151.2018,-33.874851]}},{"type":"Feature","properties":{"k":"tree"},"geometry":{"type":"Point","coordinates":[151.201743,-33.874789]}},{"type":"Feature","properties":{"k":"tree"},"geometry":{"type":"Point","coordinates":[151.201713,-33.874762]}},{"type":"Feature","properties":{"k":"tree"},"geometry":{"type":"Point","coordinates":[151.201557,-33.874711]}},{"type":"Feature","properties":{"k":"tree"},"geometry":{"type":"Point","coordinates":[151.201435,-33.874735]}},{"type":"Feature","properties":{"k":"tree"},"geometry":{"type":"Point","coordinates":[151.201421,-33.874705]}},{"type":"Feature","properties":{"k":"tree"},"geometry":{"type":"Point","coordinates":[151.201448,-33.874676]}},{"type":"Feature","properties":{"k":"tree"},"geometry":{"type":"Point","coordinates":[151.201485,-33.874744]}},{"type":"Feature","properties":{"k":"tree"},"geometry":{"type":"Point","coordinates":[151.201543,-33.874682]}},{"type":"Feature","properties":{"k":"tree"},"geometry":{"type":"Point","coordinates":[151.2016,-33.874605]}},{"type":"Feature","properties":{"k":"tree"},"geometry":{"type":"Point","coordinates":[151.201556,-33.874571]}},{"type":"Feature","properties":{"k":"tree"},"geometry":{"type":"Point","coordinates":[151.201464,-33.874562]}},{"type":"Feature","properties":{"k":"tree"},"geometry":{"type":"Point","coordinates":[151.201401,-33.874527]}},{"type":"Feature","properties":{"k":"tree"},"geometry":{"type":"Point","coordinates":[151.201828,-33.874769]}},{"type":"Feature","properties":{"k":"tree"},"geometry":{"type":"Point","coordinates":[151.202269,-33.875121]}},{"type":"Feature","properties":{"k":"tree"},"geometry":{"type":"Point","coordinates":[151.202185,-33.875062]}},{"type":"Feature","properties":{"k":"tree"},"geometry":{"type":"Point","coordinates":[151.202104,-33.874986]}},{"type":"Feature","properties":{"k":"tree"},"geometry":{"type":"Point","coordinates":[151.201945,-33.874866]}},{"type":"Feature","properties":{"k":"tree"},"geometry":{"type":"Point","coordinates":[151.202037,-33.874933]}},{"type":"Feature","properties":{"k":"tree"},"geometry":{"type":"Point","coordinates":[151.202052,-33.874821]}},{"type":"Feature","properties":{"k":"tree"},"geometry":{"type":"Point","coordinates":[151.202231,-33.874955]}},{"type":"Feature","properties":{"k":"tree"},"geometry":{"type":"Point","coordinates":[151.202264,-33.874978]}},{"type":"Feature","properties":{"k":"tree"},"geometry":{"type":"Point","coordinates":[151.202346,-33.875028]}},{"type":"Feature","properties":{"k":"tree"},"geometry":{"type":"Point","coordinates":[151.202377,-33.875052]}},{"type":"Feature","properties":{"k":"tree"},"geometry":{"type":"Point","coordinates":[151.202146,-33.875215]}},{"type":"Feature","properties":{"k":"tree"},"geometry":{"type":"Point","coordinates":[151.202054,-33.875167]}},{"type":"Feature","properties":{"k":"tree"},"geometry":{"type":"Point","coordinates":[151.201972,-33.875144]}},{"type":"Feature","properties":{"k":"tree"},"geometry":{"type":"Point","coordinates":[151.202344,-33.875246]}},{"type":"Feature","properties":{"k":"tree"},"geometry":{"type":"Point","coordinates":[151.20238,-33.875203]}},{"type":"Feature","properties":{"k":"tree"},"geometry":{"type":"Point","coordinates":[151.202419,-33.875199]}},{"type":"Feature","properties":{"k":"tree"},"geometry":{"type":"Point","coordinates":[151.208478,-33.862145]}},{"type":"Feature","properties":{"k":"tree"},"geometry":{"type":"Point","coordinates":[151.20801,-33.862231]}},{"type":"Feature","properties":{"k":"tree"},"geometry":{"type":"Point","coordinates":[151.212502,-33.861182]}},{"type":"Feature","properties":{"k":"tree"},"geometry":{"type":"Point","coordinates":[151.212553,-33.861187]}},{"type":"Feature","properties":{"k":"tree"},"geometry":{"type":"Point","coordinates":[151.212598,-33.861191]}},{"type":"Feature","properties":{"k":"tree"},"geometry":{"type":"Point","coordinates":[151.212649,-33.861197]}},{"type":"Feature","properties":{"k":"tree"},"geometry":{"type":"Point","coordinates":[151.212654,-33.861141]}},{"type":"Feature","properties":{"k":"tree"},"geometry":{"type":"Point","coordinates":[151.212605,-33.861137]}},{"type":"Feature","properties":{"k":"tree"},"geometry":{"type":"Point","coordinates":[151.212559,-33.861132]}},{"type":"Feature","properties":{"k":"tree"},"geometry":{"type":"Point","coordinates":[151.212613,-33.861078]}},{"type":"Feature","properties":{"k":"tree"},"geometry":{"type":"Point","coordinates":[151.21266,-33.861081]}},{"type":"Feature","properties":{"k":"tree"},"geometry":{"type":"Point","coordinates":[151.212665,-33.861029]}},{"type":"Feature","properties":{"k":"tree"},"geometry":{"type":"Point","coordinates":[151.212642,-33.861259]}},{"type":"Feature","properties":{"k":"tree"},"geometry":{"type":"Point","coordinates":[151.21259,-33.861254]}},{"type":"Feature","properties":{"k":"tree"},"geometry":{"type":"Point","coordinates":[151.212546,-33.86125]}},{"type":"Feature","properties":{"k":"tree"},"geometry":{"type":"Point","coordinates":[151.212497,-33.861245]}},{"type":"Feature","properties":{"k":"tree"},"geometry":{"type":"Point","coordinates":[151.212446,-33.86124]}},{"type":"Feature","properties":{"k":"tree"},"geometry":{"type":"Point","coordinates":[151.212439,-33.861302]}},{"type":"Feature","properties":{"k":"tree"},"geometry":{"type":"Point","coordinates":[151.212387,-33.861298]}},{"type":"Feature","properties":{"k":"tree"},"geometry":{"type":"Point","coordinates":[151.212491,-33.861306]}},{"type":"Feature","properties":{"k":"tree"},"geometry":{"type":"Point","coordinates":[151.212539,-33.86131]}},{"type":"Feature","properties":{"k":"tree"},"geometry":{"type":"Point","coordinates":[151.212582,-33.861313]}},{"type":"Feature","properties":{"k":"tree"},"geometry":{"type":"Point","coordinates":[151.212634,-33.861317]}},{"type":"Feature","properties":{"k":"tree"},"geometry":{"type":"Point","coordinates":[151.212741,-33.859817]}},{"type":"Feature","properties":{"k":"tree"},"geometry":{"type":"Point","coordinates":[151.212821,-33.859783]}},{"type":"Feature","properties":{"k":"tree"},"geometry":{"type":"Point","coordinates":[151.212828,-33.859753]}},{"type":"Feature","properties":{"k":"tree"},"geometry":{"type":"Point","coordinates":[151.212837,-33.859693]}},{"type":"Feature","properties":{"k":"tree"},"geometry":{"type":"Point","coordinates":[151.212758,-33.859733]}},{"type":"Feature","properties":{"k":"tree"},"geometry":{"type":"Point","coordinates":[151.212721,-33.859739]}},{"type":"Feature","properties":{"k":"tree"},"geometry":{"type":"Point","coordinates":[151.212707,-33.859696]}},{"type":"Feature","properties":{"k":"tree"},"geometry":{"type":"Point","coordinates":[151.212693,-33.859634]}},{"type":"Feature","properties":{"k":"tree"},"geometry":{"type":"Point","coordinates":[151.212678,-33.859589]}},{"type":"Feature","properties":{"k":"tree"},"geometry":{"type":"Point","coordinates":[151.212736,-33.859608]}},{"type":"Feature","properties":{"k":"tree"},"geometry":{"type":"Point","coordinates":[151.212749,-33.859663]}},{"type":"Feature","properties":{"k":"tree"},"geometry":{"type":"Point","coordinates":[151.212778,-33.859642]}},{"type":"Feature","properties":{"k":"tree"},"geometry":{"type":"Point","coordinates":[151.212767,-33.859582]}},{"type":"Feature","properties":{"k":"tree"},"geometry":{"type":"Point","coordinates":[151.212842,-33.859611]}},{"type":"Feature","properties":{"k":"tree"},"geometry":{"type":"Point","coordinates":[151.212845,-33.859584]}},{"type":"Feature","properties":{"k":"tree"},"geometry":{"type":"Point","coordinates":[151.212859,-33.859535]}},{"type":"Feature","properties":{"k":"tree"},"geometry":{"type":"Point","coordinates":[151.21286,-33.859495]}},{"type":"Feature","properties":{"k":"tree"},"geometry":{"type":"Point","coordinates":[151.212761,-33.859536]}},{"type":"Feature","properties":{"k":"tree"},"geometry":{"type":"Point","coordinates":[151.212717,-33.859553]}},{"type":"Feature","properties":{"k":"tree"},"geometry":{"type":"Point","coordinates":[151.212691,-33.859515]}},{"type":"Feature","properties":{"k":"tree"},"geometry":{"type":"Point","coordinates":[151.212715,-33.859486]}},{"type":"Feature","properties":{"k":"tree"},"geometry":{"type":"Point","coordinates":[151.212698,-33.859403]}},{"type":"Feature","properties":{"k":"tree"},"geometry":{"type":"Point","coordinates":[151.212712,-33.859344]}},{"type":"Feature","properties":{"k":"tree"},"geometry":{"type":"Point","coordinates":[151.21275,-33.85931]}},{"type":"Feature","properties":{"k":"tree"},"geometry":{"type":"Point","coordinates":[151.212794,-33.859319]}},{"type":"Feature","properties":{"k":"tree"},"geometry":{"type":"Point","coordinates":[151.21279,-33.859241]}},{"type":"Feature","properties":{"k":"tree"},"geometry":{"type":"Point","coordinates":[151.212812,-33.859276]}},{"type":"Feature","properties":{"k":"tree"},"geometry":{"type":"Point","coordinates":[151.212835,-33.859302]}},{"type":"Feature","properties":{"k":"tree"},"geometry":{"type":"Point","coordinates":[151.212849,-33.859326]}},{"type":"Feature","properties":{"k":"tree"},"geometry":{"type":"Point","coordinates":[151.212841,-33.859406]}},{"type":"Feature","properties":{"k":"tree"},"geometry":{"type":"Point","coordinates":[151.212834,-33.859195]}},{"type":"Feature","properties":{"k":"tree"},"geometry":{"type":"Point","coordinates":[151.212869,-33.859158]}},{"type":"Feature","properties":{"k":"tree"},"geometry":{"type":"Point","coordinates":[151.20949,-33.860344]}},{"type":"Feature","properties":{"k":"tree"},"geometry":{"type":"Point","coordinates":[151.20949,-33.860317]}},{"type":"Feature","properties":{"k":"tree"},"geometry":{"type":"Point","coordinates":[151.209576,-33.859901]}},{"type":"Feature","properties":{"k":"tree"},"geometry":{"type":"Point","coordinates":[151.20958,-33.859861]}},{"type":"Feature","properties":{"k":"tree"},"geometry":{"type":"Point","coordinates":[151.20959,-33.859826]}},{"type":"Feature","properties":{"k":"tree"},"geometry":{"type":"Point","coordinates":[151.209599,-33.859787]}},{"type":"Feature","properties":{"k":"tree"},"geometry":{"type":"Point","coordinates":[151.209534,-33.860204]}},{"type":"Feature","properties":{"k":"tree"},"geometry":{"type":"Point","coordinates":[151.209531,-33.860237]}},{"type":"Feature","properties":{"k":"tree"},"geometry":{"type":"Point","coordinates":[151.209528,-33.860277]}},{"type":"Feature","properties":{"k":"tree"},"geometry":{"type":"Point","coordinates":[151.209651,-33.858933]}},{"type":"Feature","properties":{"k":"tree"},"geometry":{"type":"Point","coordinates":[151.209641,-33.858992]}},{"type":"Feature","properties":{"k":"tree"},"geometry":{"type":"Point","coordinates":[151.209628,-33.859066]}},{"type":"Feature","properties":{"k":"tree"},"geometry":{"type":"Point","coordinates":[151.209616,-33.859133]}},{"type":"Feature","properties":{"k":"tree"},"geometry":{"type":"Point","coordinates":[151.209604,-33.859202]}},{"type":"Feature","properties":{"k":"tree"},"geometry":{"type":"Point","coordinates":[151.209592,-33.859269]}},{"type":"Feature","properties":{"k":"tree"},"geometry":{"type":"Point","coordinates":[151.210616,-33.864223]}},{"type":"Feature","properties":{"k":"tree"},"geometry":{"type":"Point","coordinates":[151.210742,-33.8643]}},{"type":"Feature","properties":{"k":"tree"},"geometry":{"type":"Point","coordinates":[151.210821,-33.864294]}},{"type":"Feature","properties":{"k":"tree"},"geometry":{"type":"Point","coordinates":[151.210807,-33.864371]}},{"type":"Feature","properties":{"k":"tree"},"geometry":{"type":"Point","coordinates":[151.210858,-33.86442]}},{"type":"Feature","properties":{"k":"tree"},"geometry":{"type":"Point","coordinates":[151.210888,-33.864227]}},{"type":"Feature","properties":{"k":"tree"},"geometry":{"type":"Point","coordinates":[151.210889,-33.864178]}},{"type":"Feature","properties":{"k":"tree"},"geometry":{"type":"Point","coordinates":[151.210903,-33.864146]}},{"type":"Feature","properties":{"k":"tree"},"geometry":{"type":"Point","coordinates":[151.210986,-33.864446]}},{"type":"Feature","properties":{"k":"tree"},"geometry":{"type":"Point","coordinates":[151.211053,-33.863971]}},{"type":"Feature","properties":{"k":"tree"},"geometry":{"type":"Point","coordinates":[151.20935,-33.857691]}},{"type":"Feature","properties":{"k":"tree"},"geometry":{"type":"Point","coordinates":[151.209328,-33.857759]}},{"type":"Feature","properties":{"k":"tree"},"geometry":{"type":"Point","coordinates":[151.209157,-33.857785]}},{"type":"Feature","properties":{"k":"tree"},"geometry":{"type":"Point","coordinates":[151.209298,-33.857824]}},{"type":"Feature","properties":{"k":"tree"},"geometry":{"type":"Point","coordinates":[151.209275,-33.857889]}},{"type":"Feature","properties":{"k":"tree"},"geometry":{"type":"Point","coordinates":[151.209232,-33.85796]}},{"type":"Feature","properties":{"k":"tree"},"geometry":{"type":"Point","coordinates":[151.209205,-33.858133]}},{"type":"Feature","properties":{"k":"tree"},"geometry":{"type":"Point","coordinates":[151.209201,-33.858272]}},{"type":"Feature","properties":{"k":"tree"},"geometry":{"type":"Point","coordinates":[151.209044,-33.858303]}},{"type":"Feature","properties":{"k":"tree"},"geometry":{"type":"Point","coordinates":[151.209162,-33.858463]}},{"type":"Feature","properties":{"k":"tree"},"geometry":{"type":"Point","coordinates":[151.20951,-33.858416]}},{"type":"Feature","properties":{"k":"tree"},"geometry":{"type":"Point","coordinates":[151.209506,-33.858465]}},{"type":"Feature","properties":{"k":"tree"},"geometry":{"type":"Point","coordinates":[151.209563,-33.858559]}},{"type":"Feature","properties":{"k":"tree"},"geometry":{"type":"Point","coordinates":[151.208999,-33.858874]}},{"type":"Feature","properties":{"k":"tree"},"geometry":{"type":"Point","coordinates":[151.20897,-33.858956]}},{"type":"Feature","properties":{"k":"tree"},"geometry":{"type":"Point","coordinates":[151.208935,-33.858997]}},{"type":"Feature","properties":{"k":"tree"},"geometry":{"type":"Point","coordinates":[151.208914,-33.859045]}},{"type":"Feature","properties":{"k":"tree"},"geometry":{"type":"Point","coordinates":[151.208893,-33.859113]}},{"type":"Feature","properties":{"k":"tree"},"geometry":{"type":"Point","coordinates":[151.209064,-33.859187]}},{"type":"Feature","properties":{"k":"tree"},"geometry":{"type":"Point","coordinates":[151.208996,-33.859171]}},{"type":"Feature","properties":{"k":"tree"},"geometry":{"type":"Point","coordinates":[151.208989,-33.859129]}},{"type":"Feature","properties":{"k":"tree"},"geometry":{"type":"Point","coordinates":[151.208992,-33.859059]}},{"type":"Feature","properties":{"k":"tree"},"geometry":{"type":"Point","coordinates":[151.209024,-33.858991]}},{"type":"Feature","properties":{"k":"tree"},"geometry":{"type":"Point","coordinates":[151.209062,-33.858968]}},{"type":"Feature","properties":{"k":"tree"},"geometry":{"type":"Point","coordinates":[151.209176,-33.859207]}},{"type":"Feature","properties":{"k":"tree"},"geometry":{"type":"Point","coordinates":[151.208903,-33.859316]}},{"type":"Feature","properties":{"k":"tree"},"geometry":{"type":"Point","coordinates":[151.208193,-33.872505]}},{"type":"Feature","properties":{"k":"tree"},"geometry":{"type":"Point","coordinates":[151.208111,-33.872442]}},{"type":"Feature","properties":{"k":"tree"},"geometry":{"type":"Point","coordinates":[151.205888,-33.874006]}},{"type":"Feature","properties":{"k":"tree"},"geometry":{"type":"Point","coordinates":[151.206014,-33.873675]}},{"type":"Feature","properties":{"k":"tree"},"geometry":{"type":"Point","coordinates":[151.206131,-33.87366]}},{"type":"Feature","properties":{"k":"tree"},"geometry":{"type":"Point","coordinates":[151.206235,-33.873675]}},{"type":"Feature","properties":{"k":"tree"},"geometry":{"type":"Point","coordinates":[151.206353,-33.87369]}},{"type":"Feature","properties":{"k":"tree"},"geometry":{"type":"Point","coordinates":[151.20644,-33.873709]}},{"type":"Feature","properties":{"k":"tree"},"geometry":{"type":"Point","coordinates":[151.206483,-33.873774]}},{"type":"Feature","properties":{"k":"tree"},"geometry":{"type":"Point","coordinates":[151.206451,-33.873502]}},{"type":"Feature","properties":{"k":"tree"},"geometry":{"type":"Point","coordinates":[151.206408,-33.873588]}},{"type":"Feature","properties":{"k":"tree"},"geometry":{"type":"Point","coordinates":[151.20654,-33.873591]}},{"type":"Feature","properties":{"k":"tree"},"geometry":{"type":"Point","coordinates":[151.206724,-33.873537]}},{"type":"Feature","properties":{"k":"tree"},"geometry":{"type":"Point","coordinates":[151.206717,-33.87361]}},{"type":"Feature","properties":{"k":"tree"},"geometry":{"type":"Point","coordinates":[151.206669,-33.873764]}},{"type":"Feature","properties":{"k":"tree"},"geometry":{"type":"Point","coordinates":[151.206703,-33.873859]}},{"type":"Feature","properties":{"k":"tree"},"geometry":{"type":"Point","coordinates":[151.206689,-33.87338]}},{"type":"Feature","properties":{"k":"tree"},"geometry":{"type":"Point","coordinates":[151.206706,-33.873157]}},{"type":"Feature","properties":{"k":"tree"},"geometry":{"type":"Point","coordinates":[151.206713,-33.873087]}},{"type":"Feature","properties":{"k":"tree"},"geometry":{"type":"Point","coordinates":[151.207334,-33.873109]}},{"type":"Feature","properties":{"k":"tree"},"geometry":{"type":"Point","coordinates":[151.207432,-33.873119]}},{"type":"Feature","properties":{"k":"tree"},"geometry":{"type":"Point","coordinates":[151.207495,-33.873126]}},{"type":"Feature","properties":{"k":"tree"},"geometry":{"type":"Point","coordinates":[151.201846,-33.868817]}},{"type":"Feature","properties":{"k":"tree"},"geometry":{"type":"Point","coordinates":[151.197814,-33.867025]}},{"type":"Feature","properties":{"k":"tree"},"geometry":{"type":"Point","coordinates":[151.19785,-33.867209]}},{"type":"Feature","properties":{"k":"tree"},"geometry":{"type":"Point","coordinates":[151.197837,-33.867263]}},{"type":"Feature","properties":{"k":"tree"},"geometry":{"type":"Point","coordinates":[151.19792,-33.867255]}},{"type":"Feature","properties":{"k":"tree"},"geometry":{"type":"Point","coordinates":[151.197878,-33.867371]}},{"type":"Feature","properties":{"k":"tree"},"geometry":{"type":"Point","coordinates":[151.197836,-33.867496]}},{"type":"Feature","properties":{"k":"tree"},"geometry":{"type":"Point","coordinates":[151.197806,-33.867608]}},{"type":"Feature","properties":{"k":"tree"},"geometry":{"type":"Point","coordinates":[151.197757,-33.867738]}},{"type":"Feature","properties":{"k":"tree"},"geometry":{"type":"Point","coordinates":[151.197642,-33.867771]}},{"type":"Feature","properties":{"k":"tree"},"geometry":{"type":"Point","coordinates":[151.197618,-33.867826]}},{"type":"Feature","properties":{"k":"tree"},"geometry":{"type":"Point","coordinates":[151.197704,-33.867864]}},{"type":"Feature","properties":{"k":"tree"},"geometry":{"type":"Point","coordinates":[151.198264,-33.866908]}},{"type":"Feature","properties":{"k":"tree"},"geometry":{"type":"Point","coordinates":[151.198348,-33.866925]}},{"type":"Feature","properties":{"k":"tree"},"geometry":{"type":"Point","coordinates":[151.198175,-33.866964]}},{"type":"Feature","properties":{"k":"tree"},"geometry":{"type":"Point","coordinates":[151.198261,-33.866984]}},{"type":"Feature","properties":{"k":"tree"},"geometry":{"type":"Point","coordinates":[151.198176,-33.866768]}},{"type":"Feature","properties":{"k":"tree"},"geometry":{"type":"Point","coordinates":[151.198198,-33.866671]}},{"type":"Feature","properties":{"k":"tree"},"geometry":{"type":"Point","coordinates":[151.198216,-33.866623]}},{"type":"Feature","properties":{"k":"tree"},"geometry":{"type":"Point","coordinates":[151.198236,-33.866567]}},{"type":"Feature","properties":{"k":"tree"},"geometry":{"type":"Point","coordinates":[151.198251,-33.866525]}},{"type":"Feature","properties":{"k":"tree"},"geometry":{"type":"Point","coordinates":[151.19826,-33.8665]}},{"type":"Feature","properties":{"k":"tree"},"geometry":{"type":"Point","coordinates":[151.198276,-33.866456]}},{"type":"Feature","properties":{"k":"tree"},"geometry":{"type":"Point","coordinates":[151.19829,-33.866417]}},{"type":"Feature","properties":{"k":"tree"},"geometry":{"type":"Point","coordinates":[151.196377,-33.870507]}},{"type":"Feature","properties":{"k":"tree"},"geometry":{"type":"Point","coordinates":[151.19633,-33.870531]}},{"type":"Feature","properties":{"k":"tree"},"geometry":{"type":"Point","coordinates":[151.196284,-33.870554]}},{"type":"Feature","properties":{"k":"tree"},"geometry":{"type":"Point","coordinates":[151.196238,-33.870578]}},{"type":"Feature","properties":{"k":"tree"},"geometry":{"type":"Point","coordinates":[151.196053,-33.870672]}},{"type":"Feature","properties":{"k":"tree"},"geometry":{"type":"Point","coordinates":[151.196074,-33.870799]}},{"type":"Feature","properties":{"k":"tree"},"geometry":{"type":"Point","coordinates":[151.196068,-33.870839]}},{"type":"Feature","properties":{"k":"tree"},"geometry":{"type":"Point","coordinates":[151.216033,-33.863034]}},{"type":"Feature","properties":{"k":"tree"},"geometry":{"type":"Point","coordinates":[151.216924,-33.863556]}},{"type":"Feature","properties":{"k":"tree"},"geometry":{"type":"Point","coordinates":[151.215629,-33.863133]}},{"type":"Feature","properties":{"k":"tree"},"geometry":{"type":"Point","coordinates":[151.216536,-33.863154]}},{"type":"Feature","properties":{"k":"tree"},"geometry":{"type":"Point","coordinates":[151.215558,-33.863293]}},{"type":"Feature","properties":{"k":"tree"},"geometry":{"type":"Point","coordinates":[151.21538,-33.862772]}},{"type":"Feature","properties":{"k":"tree"},"geometry":{"type":"Point","coordinates":[151.215999,-33.862772]}},{"type":"Feature","properties":{"k":"tree"},"geometry":{"type":"Point","coordinates":[151.216734,-33.863517]}},{"type":"Feature","properties":{"k":"tree"},"geometry":{"type":"Point","coordinates":[151.215387,-33.862816]}},{"type":"Feature","properties":{"k":"tree"},"geometry":{"type":"Point","coordinates":[151.215167,-33.864742]}},{"type":"Feature","properties":{"k":"tree"},"geometry":{"type":"Point","coordinates":[151.215136,-33.864748]}},{"type":"Feature","properties":{"k":"tree"},"geometry":{"type":"Point","coordinates":[151.215077,-33.864637]}},{"type":"Feature","properties":{"k":"tree"},"geometry":{"type":"Point","coordinates":[151.213671,-33.865147]}},{"type":"Feature","properties":{"k":"tree"},"geometry":{"type":"Point","coordinates":[151.213762,-33.865184]}},{"type":"Feature","properties":{"k":"tree"},"geometry":{"type":"Point","coordinates":[151.217136,-33.864094]}},{"type":"Feature","properties":{"k":"tree"},"geometry":{"type":"Point","coordinates":[151.217214,-33.864101]}},{"type":"Feature","properties":{"k":"tree"},"geometry":{"type":"Point","coordinates":[151.217267,-33.864052]}},{"type":"Feature","properties":{"k":"tree"},"geometry":{"type":"Point","coordinates":[151.215985,-33.868459]}},{"type":"Feature","properties":{"k":"tree"},"geometry":{"type":"Point","coordinates":[151.21582,-33.868221]}},{"type":"Feature","properties":{"k":"tree"},"geometry":{"type":"Point","coordinates":[151.21604,-33.868353]}},{"type":"Feature","properties":{"k":"tree"},"geometry":{"type":"Point","coordinates":[151.219543,-33.868811]}},{"type":"Feature","properties":{"k":"tree"},"geometry":{"type":"Point","coordinates":[151.219637,-33.868899]}},{"type":"Feature","properties":{"k":"tree"},"geometry":{"type":"Point","coordinates":[151.21998,-33.869041]}},{"type":"Feature","properties":{"k":"tree"},"geometry":{"type":"Point","coordinates":[151.21988,-33.869012]}},{"type":"Feature","properties":{"k":"tree"},"geometry":{"type":"Point","coordinates":[151.219772,-33.868979]}},{"type":"Feature","properties":{"k":"tree"},"geometry":{"type":"Point","coordinates":[151.199046,-33.884965]}},{"type":"Feature","properties":{"k":"tree"},"geometry":{"type":"Point","coordinates":[151.199158,-33.884961]}},{"type":"Feature","properties":{"k":"tree"},"geometry":{"type":"Point","coordinates":[151.19885,-33.884968]}},{"type":"Feature","properties":{"k":"tree"},"geometry":{"type":"Point","coordinates":[151.199105,-33.884961]}},{"type":"Feature","properties":{"k":"tree"},"geometry":{"type":"Point","coordinates":[151.210788,-33.867856]}},{"type":"Feature","properties":{"k":"tree"},"geometry":{"type":"Point","coordinates":[151.210903,-33.867868]}},{"type":"Feature","properties":{"k":"tree"},"geometry":{"type":"Point","coordinates":[151.210856,-33.867819]}},{"type":"Feature","properties":{"k":"tree"},"geometry":{"type":"Point","coordinates":[151.210852,-33.867861]}},{"type":"Feature","properties":{"k":"tree"},"geometry":{"type":"Point","coordinates":[151.202363,-33.858911]}},{"type":"Feature","properties":{"k":"tree"},"geometry":{"type":"Point","coordinates":[151.202462,-33.858906]}},{"type":"Feature","properties":{"k":"tree"},"geometry":{"type":"Point","coordinates":[151.202411,-33.858936]}},{"type":"Feature","properties":{"k":"tree"},"geometry":{"type":"Point","coordinates":[151.202312,-33.858941]}},{"type":"Feature","properties":{"k":"tree"},"geometry":{"type":"Point","coordinates":[151.202503,-33.85893]}},{"type":"Feature","properties":{"k":"tree"},"geometry":{"type":"Point","coordinates":[151.202506,-33.858973]}},{"type":"Feature","properties":{"k":"tree"},"geometry":{"type":"Point","coordinates":[151.202415,-33.858978]}},{"type":"Feature","properties":{"k":"tree"},"geometry":{"type":"Point","coordinates":[151.202315,-33.858983]}},{"type":"Feature","properties":{"k":"tree"},"geometry":{"type":"Point","coordinates":[151.202511,-33.859015]}},{"type":"Feature","properties":{"k":"tree"},"geometry":{"type":"Point","coordinates":[151.202419,-33.859021]}},{"type":"Feature","properties":{"k":"tree"},"geometry":{"type":"Point","coordinates":[151.20232,-33.859025]}},{"type":"Feature","properties":{"k":"tree"},"geometry":{"type":"Point","coordinates":[151.202465,-33.858954]}},{"type":"Feature","properties":{"k":"tree"},"geometry":{"type":"Point","coordinates":[151.202366,-33.858959]}},{"type":"Feature","properties":{"k":"tree"},"geometry":{"type":"Point","coordinates":[151.202467,-33.859]}},{"type":"Feature","properties":{"k":"tree"},"geometry":{"type":"Point","coordinates":[151.202368,-33.859005]}},{"type":"Feature","properties":{"k":"tree"},"geometry":{"type":"Point","coordinates":[151.202473,-33.859126]}},{"type":"Feature","properties":{"k":"tree"},"geometry":{"type":"Point","coordinates":[151.202476,-33.85917]}},{"type":"Feature","properties":{"k":"tree"},"geometry":{"type":"Point","coordinates":[151.202479,-33.859217]}},{"type":"Feature","properties":{"k":"tree"},"geometry":{"type":"Point","coordinates":[151.202482,-33.859261]}},{"type":"Feature","properties":{"k":"tree"},"geometry":{"type":"Point","coordinates":[151.202485,-33.859314]}},{"type":"Feature","properties":{"k":"tree"},"geometry":{"type":"Point","coordinates":[151.202522,-33.85929]}},{"type":"Feature","properties":{"k":"tree"},"geometry":{"type":"Point","coordinates":[151.202518,-33.859237]}},{"type":"Feature","properties":{"k":"tree"},"geometry":{"type":"Point","coordinates":[151.202516,-33.859193]}},{"type":"Feature","properties":{"k":"tree"},"geometry":{"type":"Point","coordinates":[151.202513,-33.859146]}},{"type":"Feature","properties":{"k":"tree"},"geometry":{"type":"Point","coordinates":[151.20251,-33.859108]}},{"type":"Feature","properties":{"k":"tree"},"geometry":{"type":"Point","coordinates":[151.202524,-33.859335]}},{"type":"Feature","properties":{"k":"tree"},"geometry":{"type":"Point","coordinates":[151.202526,-33.859386]}},{"type":"Feature","properties":{"k":"tree"},"geometry":{"type":"Point","coordinates":[151.20253,-33.859476]}},{"type":"Feature","properties":{"k":"tree"},"geometry":{"type":"Point","coordinates":[151.202528,-33.85943]}},{"type":"Feature","properties":{"k":"tree"},"geometry":{"type":"Point","coordinates":[151.202532,-33.859526]}},{"type":"Feature","properties":{"k":"tree"},"geometry":{"type":"Point","coordinates":[151.202287,-33.859326]}},{"type":"Feature","properties":{"k":"tree"},"geometry":{"type":"Point","coordinates":[151.202281,-33.859228]}},{"type":"Feature","properties":{"k":"tree"},"geometry":{"type":"Point","coordinates":[151.202278,-33.859181]}},{"type":"Feature","properties":{"k":"tree"},"geometry":{"type":"Point","coordinates":[151.202213,-33.859168]}},{"type":"Feature","properties":{"k":"tree"},"geometry":{"type":"Point","coordinates":[151.201706,-33.859574]}},{"type":"Feature","properties":{"k":"tree"},"geometry":{"type":"Point","coordinates":[151.201863,-33.859567]}},{"type":"Feature","properties":{"k":"tree"},"geometry":{"type":"Point","coordinates":[151.201991,-33.859562]}},{"type":"Feature","properties":{"k":"tree"},"geometry":{"type":"Point","coordinates":[151.20225,-33.859551]}},{"type":"Feature","properties":{"k":"tree"},"geometry":{"type":"Point","coordinates":[151.202257,-33.859438]}},{"type":"Feature","properties":{"k":"tree"},"geometry":{"type":"Point","coordinates":[151.20251,-33.859693]}},{"type":"Feature","properties":{"k":"tree"},"geometry":{"type":"Point","coordinates":[151.202515,-33.859754]}},{"type":"Feature","properties":{"k":"tree"},"geometry":{"type":"Point","coordinates":[151.20252,-33.859816]}},{"type":"Feature","properties":{"k":"tree"},"geometry":{"type":"Point","coordinates":[151.202524,-33.859867]}},{"type":"Feature","properties":{"k":"tree"},"geometry":{"type":"Point","coordinates":[151.202551,-33.86009]}},{"type":"Feature","properties":{"k":"tree"},"geometry":{"type":"Point","coordinates":[151.202546,-33.860038]}},{"type":"Feature","properties":{"k":"tree"},"geometry":{"type":"Point","coordinates":[151.202541,-33.859976]}},{"type":"Feature","properties":{"k":"tree"},"geometry":{"type":"Point","coordinates":[151.202537,-33.859915]}},{"type":"Feature","properties":{"k":"tree"},"geometry":{"type":"Point","coordinates":[151.202546,-33.860296]}},{"type":"Feature","properties":{"k":"tree"},"geometry":{"type":"Point","coordinates":[151.202541,-33.860234]}},{"type":"Feature","properties":{"k":"tree"},"geometry":{"type":"Point","coordinates":[151.202536,-33.860174]}},{"type":"Feature","properties":{"k":"tree"},"geometry":{"type":"Point","coordinates":[151.20569,-33.862117]}},{"type":"Feature","properties":{"k":"tree"},"geometry":{"type":"Point","coordinates":[151.205661,-33.862188]}},{"type":"Feature","properties":{"k":"tree"},"geometry":{"type":"Point","coordinates":[151.205622,-33.862263]}},{"type":"Feature","properties":{"k":"tree"},"geometry":{"type":"Point","coordinates":[151.20575,-33.861988]}},{"type":"Feature","properties":{"k":"tree"},"geometry":{"type":"Point","coordinates":[151.205804,-33.861887]}},{"type":"Feature","properties":{"k":"tree"},"geometry":{"type":"Point","coordinates":[151.205841,-33.861821]}},{"type":"Feature","properties":{"k":"tree"},"geometry":{"type":"Point","coordinates":[151.205885,-33.861718]}},{"type":"Feature","properties":{"k":"tree"},"geometry":{"type":"Point","coordinates":[151.196366,-33.869738]}},{"type":"Feature","properties":{"k":"tree"},"geometry":{"type":"Point","coordinates":[151.196487,-33.869753]}},{"type":"Feature","properties":{"k":"tree"},"geometry":{"type":"Point","coordinates":[151.196594,-33.869767]}},{"type":"Feature","properties":{"k":"tree"},"geometry":{"type":"Point","coordinates":[151.196741,-33.869786]}},{"type":"Feature","properties":{"k":"tree"},"geometry":{"type":"Point","coordinates":[151.19689,-33.869805]}},{"type":"Feature","properties":{"k":"tree"},"geometry":{"type":"Point","coordinates":[151.196285,-33.869849]}},{"type":"Feature","properties":{"k":"tree"},"geometry":{"type":"Point","coordinates":[151.203603,-33.887443]}},{"type":"Feature","properties":{"k":"tree"},"geometry":{"type":"Point","coordinates":[151.205388,-33.859259]}},{"type":"Feature","properties":{"k":"tree"},"geometry":{"type":"Point","coordinates":[151.207268,-33.885801]}},{"type":"Feature","properties":{"k":"tree"},"geometry":{"type":"Point","coordinates":[151.207404,-33.885881]}},{"type":"Feature","properties":{"k":"tree"},"geometry":{"type":"Point","coordinates":[151.207517,-33.885941]}},{"type":"Feature","properties":{"k":"tree"},"geometry":{"type":"Point","coordinates":[151.207597,-33.885995]}},{"type":"Feature","properties":{"k":"tree"},"geometry":{"type":"Point","coordinates":[151.207677,-33.886042]}},{"type":"Feature","properties":{"k":"tree"},"geometry":{"type":"Point","coordinates":[151.207742,-33.886074]}},{"type":"Feature","properties":{"k":"tree"},"geometry":{"type":"Point","coordinates":[151.207809,-33.886116]}},{"type":"Feature","properties":{"k":"tree"},"geometry":{"type":"Point","coordinates":[151.207877,-33.886152]}},{"type":"Feature","properties":{"k":"tree"},"geometry":{"type":"Point","coordinates":[151.207975,-33.88621]}},{"type":"Feature","properties":{"k":"tree"},"geometry":{"type":"Point","coordinates":[151.208431,-33.886432]}},{"type":"Feature","properties":{"k":"tree"},"geometry":{"type":"Point","coordinates":[151.208474,-33.886455]}},{"type":"Feature","properties":{"k":"tree"},"geometry":{"type":"Point","coordinates":[151.208572,-33.886502]}},{"type":"Feature","properties":{"k":"tree"},"geometry":{"type":"Point","coordinates":[151.208746,-33.88657]}},{"type":"Feature","properties":{"k":"tree"},"geometry":{"type":"Point","coordinates":[151.209057,-33.886707]}},{"type":"Feature","properties":{"k":"tree"},"geometry":{"type":"Point","coordinates":[151.209108,-33.886619]}},{"type":"Feature","properties":{"k":"tree"},"geometry":{"type":"Point","coordinates":[151.210043,-33.887001]}},{"type":"Feature","properties":{"k":"tree"},"geometry":{"type":"Point","coordinates":[151.210117,-33.887032]}},{"type":"Feature","properties":{"k":"tree"},"geometry":{"type":"Point","coordinates":[151.207655,-33.886238]}},{"type":"Feature","properties":{"k":"tree"},"geometry":{"type":"Point","coordinates":[151.207646,-33.886284]}},{"type":"Feature","properties":{"k":"tree"},"geometry":{"type":"Point","coordinates":[151.207635,-33.886336]}},{"type":"Feature","properties":{"k":"tree"},"geometry":{"type":"Point","coordinates":[151.208597,-33.858933]}},{"type":"Feature","properties":{"k":"tree"},"geometry":{"type":"Point","coordinates":[151.208631,-33.858901]}},{"type":"Feature","properties":{"k":"tree"},"geometry":{"type":"Point","coordinates":[151.208673,-33.858853]}},{"type":"Feature","properties":{"k":"tree"},"geometry":{"type":"Point","coordinates":[151.208693,-33.858837]}},{"type":"Feature","properties":{"k":"tree"},"geometry":{"type":"Point","coordinates":[151.208708,-33.858783]}},{"type":"Feature","properties":{"k":"tree"},"geometry":{"type":"Point","coordinates":[151.208712,-33.858741]}},{"type":"Feature","properties":{"k":"tree"},"geometry":{"type":"Point","coordinates":[151.208707,-33.858697]}},{"type":"Feature","properties":{"k":"tree"},"geometry":{"type":"Point","coordinates":[151.208727,-33.858646]}},{"type":"Feature","properties":{"k":"tree"},"geometry":{"type":"Point","coordinates":[151.208742,-33.858601]}},{"type":"Feature","properties":{"k":"tree"},"geometry":{"type":"Point","coordinates":[151.208779,-33.858562]}},{"type":"Feature","properties":{"k":"tree"},"geometry":{"type":"Point","coordinates":[151.208799,-33.858538]}},{"type":"Feature","properties":{"k":"tree"},"geometry":{"type":"Point","coordinates":[151.208023,-33.858314]}},{"type":"Feature","properties":{"k":"tree"},"geometry":{"type":"Point","coordinates":[151.208031,-33.858338]}},{"type":"Feature","properties":{"k":"tree"},"geometry":{"type":"Point","coordinates":[151.208083,-33.858272]}},{"type":"Feature","properties":{"k":"tree"},"geometry":{"type":"Point","coordinates":[151.208083,-33.858224]}},{"type":"Feature","properties":{"k":"tree"},"geometry":{"type":"Point","coordinates":[151.202133,-33.886753]}},{"type":"Feature","properties":{"k":"tree"},"geometry":{"type":"Point","coordinates":[151.218913,-33.870141]}},{"type":"Feature","properties":{"k":"tree"},"geometry":{"type":"Point","coordinates":[151.218876,-33.870416]}},{"type":"Feature","properties":{"k":"tree"},"geometry":{"type":"Point","coordinates":[151.20172,-33.862189]}},{"type":"Feature","properties":{"k":"tree"},"geometry":{"type":"Point","coordinates":[151.201713,-33.862234]}},{"type":"Feature","properties":{"k":"tree"},"geometry":{"type":"Point","coordinates":[151.201676,-33.862214]}},{"type":"Feature","properties":{"k":"tree"},"geometry":{"type":"Point","coordinates":[151.201802,-33.862235]}},{"type":"Feature","properties":{"k":"tree"},"geometry":{"type":"Point","coordinates":[151.201839,-33.862269]}},{"type":"Feature","properties":{"k":"tree"},"geometry":{"type":"Point","coordinates":[151.201838,-33.862319]}},{"type":"Feature","properties":{"k":"tree"},"geometry":{"type":"Point","coordinates":[151.201943,-33.862375]}},{"type":"Feature","properties":{"k":"tree"},"geometry":{"type":"Point","coordinates":[151.201987,-33.862343]}},{"type":"Feature","properties":{"k":"tree"},"geometry":{"type":"Point","coordinates":[151.202031,-33.862362]}},{"type":"Feature","properties":{"k":"tree"},"geometry":{"type":"Point","coordinates":[151.202307,-33.862554]}},{"type":"Feature","properties":{"k":"tree"},"geometry":{"type":"Point","coordinates":[151.202375,-33.862639]}},{"type":"Feature","properties":{"k":"tree"},"geometry":{"type":"Point","coordinates":[151.202358,-33.862732]}},{"type":"Feature","properties":{"k":"tree"},"geometry":{"type":"Point","coordinates":[151.202482,-33.862555]}},{"type":"Feature","properties":{"k":"tree"},"geometry":{"type":"Point","coordinates":[151.202507,-33.862517]}},{"type":"Feature","properties":{"k":"tree"},"geometry":{"type":"Point","coordinates":[151.20254,-33.862476]}},{"type":"Feature","properties":{"k":"tree"},"geometry":{"type":"Point","coordinates":[151.202596,-33.862452]}},{"type":"Feature","properties":{"k":"tree"},"geometry":{"type":"Point","coordinates":[151.202649,-33.862446]}},{"type":"Feature","properties":{"k":"tree"},"geometry":{"type":"Point","coordinates":[151.202464,-33.862713]}},{"type":"Feature","properties":{"k":"tree"},"geometry":{"type":"Point","coordinates":[151.202426,-33.862799]}},{"type":"Feature","properties":{"k":"tree"},"geometry":{"type":"Point","coordinates":[151.202481,-33.862673]}},{"type":"Feature","properties":{"k":"tree"},"geometry":{"type":"Point","coordinates":[151.202515,-33.862691]}},{"type":"Feature","properties":{"k":"tree"},"geometry":{"type":"Point","coordinates":[151.202547,-33.862726]}},{"type":"Feature","properties":{"k":"tree"},"geometry":{"type":"Point","coordinates":[151.2025,-33.862769]}},{"type":"Feature","properties":{"k":"tree"},"geometry":{"type":"Point","coordinates":[151.202483,-33.862797]}},{"type":"Feature","properties":{"k":"tree"},"geometry":{"type":"Point","coordinates":[151.202454,-33.862844]}},{"type":"Feature","properties":{"k":"tree"},"geometry":{"type":"Point","coordinates":[151.20242,-33.862859]}},{"type":"Feature","properties":{"k":"tree"},"geometry":{"type":"Point","coordinates":[151.202408,-33.862888]}},{"type":"Feature","properties":{"k":"tree"},"geometry":{"type":"Point","coordinates":[151.20222,-33.862838]}},{"type":"Feature","properties":{"k":"tree"},"geometry":{"type":"Point","coordinates":[151.202151,-33.8628]}},{"type":"Feature","properties":{"k":"tree"},"geometry":{"type":"Point","coordinates":[151.202095,-33.862853]}},{"type":"Feature","properties":{"k":"tree"},"geometry":{"type":"Point","coordinates":[151.20213,-33.862895]}},{"type":"Feature","properties":{"k":"tree"},"geometry":{"type":"Point","coordinates":[151.202221,-33.862952]}},{"type":"Feature","properties":{"k":"tree"},"geometry":{"type":"Point","coordinates":[151.202255,-33.862992]}},{"type":"Feature","properties":{"k":"tree"},"geometry":{"type":"Point","coordinates":[151.202275,-33.862952]}},{"type":"Feature","properties":{"k":"tree"},"geometry":{"type":"Point","coordinates":[151.202269,-33.862906]}},{"type":"Feature","properties":{"k":"tree"},"geometry":{"type":"Point","coordinates":[151.202062,-33.862658]}},{"type":"Feature","properties":{"k":"tree"},"geometry":{"type":"Point","coordinates":[151.202062,-33.862626]}},{"type":"Feature","properties":{"k":"tree"},"geometry":{"type":"Point","coordinates":[151.202028,-33.862554]}},{"type":"Feature","properties":{"k":"tree"},"geometry":{"type":"Point","coordinates":[151.201962,-33.862513]}},{"type":"Feature","properties":{"k":"tree"},"geometry":{"type":"Point","coordinates":[151.201933,-33.862513]}},{"type":"Feature","properties":{"k":"tree"},"geometry":{"type":"Point","coordinates":[151.201972,-33.862582]}},{"type":"Feature","properties":{"k":"tree"},"geometry":{"type":"Point","coordinates":[151.201906,-33.862561]}},{"type":"Feature","properties":{"k":"tree"},"geometry":{"type":"Point","coordinates":[151.201946,-33.862617]}},{"type":"Feature","properties":{"k":"tree"},"geometry":{"type":"Point","coordinates":[151.202005,-33.862649]}},{"type":"Feature","properties":{"k":"tree"},"geometry":{"type":"Point","coordinates":[151.202068,-33.86269]}},{"type":"Feature","properties":{"k":"tree"},"geometry":{"type":"Point","coordinates":[151.202026,-33.862626]}},{"type":"Feature","properties":{"k":"tree"},"geometry":{"type":"Point","coordinates":[151.201833,-33.862531]}},{"type":"Feature","properties":{"k":"tree"},"geometry":{"type":"Point","coordinates":[151.201842,-33.862497]}},{"type":"Feature","properties":{"k":"tree"},"geometry":{"type":"Point","coordinates":[151.201775,-33.862482]}},{"type":"Feature","properties":{"k":"tree"},"geometry":{"type":"Point","coordinates":[151.201809,-33.862454]}},{"type":"Feature","properties":{"k":"tree"},"geometry":{"type":"Point","coordinates":[151.201846,-33.86244]}},{"type":"Feature","properties":{"k":"tree"},"geometry":{"type":"Point","coordinates":[151.20189,-33.86245]}},{"type":"Feature","properties":{"k":"tree"},"geometry":{"type":"Point","coordinates":[151.201713,-33.862377]}},{"type":"Feature","properties":{"k":"tree"},"geometry":{"type":"Point","coordinates":[151.201687,-33.862344]}},{"type":"Feature","properties":{"k":"tree"},"geometry":{"type":"Point","coordinates":[151.20172,-33.862407]}},{"type":"Feature","properties":{"k":"tree"},"geometry":{"type":"Point","coordinates":[151.202104,-33.862505]}},{"type":"Feature","properties":{"k":"tree"},"geometry":{"type":"Point","coordinates":[151.202273,-33.862746]}},{"type":"Feature","properties":{"k":"tree"},"geometry":{"type":"Point","coordinates":[151.21484,-33.871349]}},{"type":"Feature","properties":{"k":"tree"},"geometry":{"type":"Point","coordinates":[151.21482,-33.871273]}},{"type":"Feature","properties":{"k":"tree"},"geometry":{"type":"Point","coordinates":[151.196813,-33.879885]}},{"type":"Feature","properties":{"k":"tree"},"geometry":{"type":"Point","coordinates":[151.196869,-33.879835]}},{"type":"Feature","properties":{"k":"tree"},"geometry":{"type":"Point","coordinates":[151.196854,-33.879746]}},{"type":"Feature","properties":{"k":"tree"},"geometry":{"type":"Point","coordinates":[151.196929,-33.879815]}},{"type":"Feature","properties":{"k":"tree"},"geometry":{"type":"Point","coordinates":[151.196984,-33.87989]}},{"type":"Feature","properties":{"k":"tree"},"geometry":{"type":"Point","coordinates":[151.197069,-33.879902]}},{"type":"Feature","properties":{"k":"tree"},"geometry":{"type":"Point","coordinates":[151.197102,-33.879915]}},{"type":"Feature","properties":{"k":"tree"},"geometry":{"type":"Point","coordinates":[151.196974,-33.879764]}},{"type":"Feature","properties":{"k":"tree"},"geometry":{"type":"Point","coordinates":[151.196928,-33.879678]}},{"type":"Feature","properties":{"k":"tree"},"geometry":{"type":"Point","coordinates":[151.196938,-33.879642]}},{"type":"Feature","properties":{"k":"tree"},"geometry":{"type":"Point","coordinates":[151.196672,-33.879779]}},{"type":"Feature","properties":{"k":"tree"},"geometry":{"type":"Point","coordinates":[151.196629,-33.87979]}},{"type":"Feature","properties":{"k":"tree"},"geometry":{"type":"Point","coordinates":[151.19658,-33.879803]}},{"type":"Feature","properties":{"k":"tree"},"geometry":{"type":"Point","coordinates":[151.196602,-33.879834]}},{"type":"Feature","properties":{"k":"tree"},"geometry":{"type":"Point","coordinates":[151.196815,-33.880046]}},{"type":"Feature","properties":{"k":"tree"},"geometry":{"type":"Point","coordinates":[151.196733,-33.88007]}},{"type":"Feature","properties":{"k":"tree"},"geometry":{"type":"Point","coordinates":[151.196053,-33.881469]}},{"type":"Feature","properties":{"k":"tree"},"geometry":{"type":"Point","coordinates":[151.196043,-33.881304]}},{"type":"Feature","properties":{"k":"tree"},"geometry":{"type":"Point","coordinates":[151.196017,-33.881845]}},{"type":"Feature","properties":{"k":"tree"},"geometry":{"type":"Point","coordinates":[151.196099,-33.882768]}},{"type":"Feature","properties":{"k":"tree"},"geometry":{"type":"Point","coordinates":[151.196148,-33.88267]}},{"type":"Feature","properties":{"k":"tree"},"geometry":{"type":"Point","coordinates":[151.196199,-33.882909]}},{"type":"Feature","properties":{"k":"tree"},"geometry":{"type":"Point","coordinates":[151.196406,-33.882821]}},{"type":"Feature","properties":{"k":"tree"},"geometry":{"type":"Point","coordinates":[151.196396,-33.882739]}},{"type":"Feature","properties":{"k":"tree"},"geometry":{"type":"Point","coordinates":[151.196523,-33.882806]}},{"type":"Feature","properties":{"k":"tree"},"geometry":{"type":"Point","coordinates":[151.196564,-33.882724]}},{"type":"Feature","properties":{"k":"tree"},"geometry":{"type":"Point","coordinates":[151.196571,-33.882812]}},{"type":"Feature","properties":{"k":"tree"},"geometry":{"type":"Point","coordinates":[151.196228,-33.883088]}},{"type":"Feature","properties":{"k":"tree"},"geometry":{"type":"Point","coordinates":[151.196342,-33.883233]}},{"type":"Feature","properties":{"k":"tree"},"geometry":{"type":"Point","coordinates":[151.196361,-33.883335]}},{"type":"Feature","properties":{"k":"tree"},"geometry":{"type":"Point","coordinates":[151.196388,-33.883429]}},{"type":"Feature","properties":{"k":"tree"},"geometry":{"type":"Point","coordinates":[151.196285,-33.883531]}},{"type":"Feature","properties":{"k":"tree"},"geometry":{"type":"Point","coordinates":[151.196301,-33.883654]}},{"type":"Feature","properties":{"k":"tree"},"geometry":{"type":"Point","coordinates":[151.196402,-33.883628]}},{"type":"Feature","properties":{"k":"tree"},"geometry":{"type":"Point","coordinates":[151.196453,-33.883759]}},{"type":"Feature","properties":{"k":"tree"},"geometry":{"type":"Point","coordinates":[151.196324,-33.883776]}},{"type":"Feature","properties":{"k":"tree"},"geometry":{"type":"Point","coordinates":[151.1966,-33.883727]}},{"type":"Feature","properties":{"k":"tree"},"geometry":{"type":"Point","coordinates":[151.196467,-33.883858]}},{"type":"Feature","properties":{"k":"tree"},"geometry":{"type":"Point","coordinates":[151.196336,-33.883894]}},{"type":"Feature","properties":{"k":"tree"},"geometry":{"type":"Point","coordinates":[151.196334,-33.883857]}},{"type":"Feature","properties":{"k":"tree"},"geometry":{"type":"Point","coordinates":[151.196476,-33.883916]}},{"type":"Feature","properties":{"k":"tree"},"geometry":{"type":"Point","coordinates":[151.196482,-33.884028]}},{"type":"Feature","properties":{"k":"tree"},"geometry":{"type":"Point","coordinates":[151.196494,-33.884078]}},{"type":"Feature","properties":{"k":"tree"},"geometry":{"type":"Point","coordinates":[151.196494,-33.884119]}},{"type":"Feature","properties":{"k":"tree"},"geometry":{"type":"Point","coordinates":[151.196386,-33.884106]}},{"type":"Feature","properties":{"k":"tree"},"geometry":{"type":"Point","coordinates":[151.196138,-33.866284]}},{"type":"Feature","properties":{"k":"tree"},"geometry":{"type":"Point","coordinates":[151.196021,-33.865631]}},{"type":"Feature","properties":{"k":"tree"},"geometry":{"type":"Point","coordinates":[151.196191,-33.86568]}},{"type":"Feature","properties":{"k":"tree"},"geometry":{"type":"Point","coordinates":[151.19631,-33.865674]}},{"type":"Feature","properties":{"k":"tree"},"geometry":{"type":"Point","coordinates":[151.196243,-33.866333]}},{"type":"Feature","properties":{"k":"tree"},"geometry":{"type":"Point","coordinates":[151.196315,-33.866364]}},{"type":"Feature","properties":{"k":"tree"},"geometry":{"type":"Point","coordinates":[151.196392,-33.866364]}},{"type":"Feature","properties":{"k":"tree"},"geometry":{"type":"Point","coordinates":[151.196436,-33.86628]}},{"type":"Feature","properties":{"k":"tree"},"geometry":{"type":"Point","coordinates":[151.196439,-33.866197]}},{"type":"Feature","properties":{"k":"tree"},"geometry":{"type":"Point","coordinates":[151.196483,-33.866146]}},{"type":"Feature","properties":{"k":"tree"},"geometry":{"type":"Point","coordinates":[151.196548,-33.865998]}},{"type":"Feature","properties":{"k":"tree"},"geometry":{"type":"Point","coordinates":[151.196588,-33.865926]}},{"type":"Feature","properties":{"k":"tree"},"geometry":{"type":"Point","coordinates":[151.196598,-33.865863]}},{"type":"Feature","properties":{"k":"tree"},"geometry":{"type":"Point","coordinates":[151.196632,-33.865803]}},{"type":"Feature","properties":{"k":"tree"},"geometry":{"type":"Point","coordinates":[151.196681,-33.865721]}},{"type":"Feature","properties":{"k":"tree"},"geometry":{"type":"Point","coordinates":[151.196609,-33.865721]}},{"type":"Feature","properties":{"k":"tree"},"geometry":{"type":"Point","coordinates":[151.196512,-33.865721]}},{"type":"Feature","properties":{"k":"tree"},"geometry":{"type":"Point","coordinates":[151.196215,-33.865557]}},{"type":"Feature","properties":{"k":"tree"},"geometry":{"type":"Point","coordinates":[151.196064,-33.865545]}},{"type":"Feature","properties":{"k":"tree"},"geometry":{"type":"Point","coordinates":[151.196369,-33.865511]}},{"type":"Feature","properties":{"k":"tree"},"geometry":{"type":"Point","coordinates":[151.196481,-33.865513]}},{"type":"Feature","properties":{"k":"tree"},"geometry":{"type":"Point","coordinates":[151.196778,-33.865525]}},{"type":"Feature","properties":{"k":"tree"},"geometry":{"type":"Point","coordinates":[151.196574,-33.865078]}},{"type":"Feature","properties":{"k":"tree"},"geometry":{"type":"Point","coordinates":[151.196506,-33.865258]}},{"type":"Feature","properties":{"k":"tree"},"geometry":{"type":"Point","coordinates":[151.196686,-33.864981]}},{"type":"Feature","properties":{"k":"tree"},"geometry":{"type":"Point","coordinates":[151.196742,-33.864864]}},{"type":"Feature","properties":{"k":"tree"},"geometry":{"type":"Point","coordinates":[151.196912,-33.865216]}},{"type":"Feature","properties":{"k":"tree"},"geometry":{"type":"Point","coordinates":[151.196921,-33.865137]}},{"type":"Feature","properties":{"k":"tree"},"geometry":{"type":"Point","coordinates":[151.19657,-33.864832]}},{"type":"Feature","properties":{"k":"tree"},"geometry":{"type":"Point","coordinates":[151.196412,-33.864769]}},{"type":"Feature","properties":{"k":"tree"},"geometry":{"type":"Point","coordinates":[151.196474,-33.864689]}},{"type":"Feature","properties":{"k":"tree"},"geometry":{"type":"Point","coordinates":[151.196594,-33.864757]}},{"type":"Feature","properties":{"k":"tree"},"geometry":{"type":"Point","coordinates":[151.196805,-33.864702]}},{"type":"Feature","properties":{"k":"tree"},"geometry":{"type":"Point","coordinates":[151.196862,-33.864572]}},{"type":"Feature","properties":{"k":"tree"},"geometry":{"type":"Point","coordinates":[151.196711,-33.864682]}},{"type":"Feature","properties":{"k":"tree"},"geometry":{"type":"Point","coordinates":[151.196914,-33.864431]}},{"type":"Feature","properties":{"k":"tree"},"geometry":{"type":"Point","coordinates":[151.196642,-33.864174]}},{"type":"Feature","properties":{"k":"tree"},"geometry":{"type":"Point","coordinates":[151.196667,-33.864127]}},{"type":"Feature","properties":{"k":"tree"},"geometry":{"type":"Point","coordinates":[151.19702,-33.864004]}},{"type":"Feature","properties":{"k":"tree"},"geometry":{"type":"Point","coordinates":[151.197036,-33.863961]}},{"type":"Feature","properties":{"k":"tree"},"geometry":{"type":"Point","coordinates":[151.197061,-33.863918]}},{"type":"Feature","properties":{"k":"tree"},"geometry":{"type":"Point","coordinates":[151.197132,-33.863893]}},{"type":"Feature","properties":{"k":"tree"},"geometry":{"type":"Point","coordinates":[151.197166,-33.863956]}},{"type":"Feature","properties":{"k":"tree"},"geometry":{"type":"Point","coordinates":[151.197223,-33.864104]}},{"type":"Feature","properties":{"k":"tree"},"geometry":{"type":"Point","coordinates":[151.197308,-33.864133]}},{"type":"Feature","properties":{"k":"tree"},"geometry":{"type":"Point","coordinates":[151.197369,-33.864044]}},{"type":"Feature","properties":{"k":"tree"},"geometry":{"type":"Point","coordinates":[151.197412,-33.863972]}},{"type":"Feature","properties":{"k":"tree"},"geometry":{"type":"Point","coordinates":[151.19727,-33.863851]}},{"type":"Feature","properties":{"k":"tree"},"geometry":{"type":"Point","coordinates":[151.197171,-33.863782]}},{"type":"Feature","properties":{"k":"tree"},"geometry":{"type":"Point","coordinates":[151.197084,-33.863776]}},{"type":"Feature","properties":{"k":"tree"},"geometry":{"type":"Point","coordinates":[151.196956,-33.86384]}},{"type":"Feature","properties":{"k":"tree"},"geometry":{"type":"Point","coordinates":[151.196888,-33.863776]}},{"type":"Feature","properties":{"k":"tree"},"geometry":{"type":"Point","coordinates":[151.196815,-33.863727]}},{"type":"Feature","properties":{"k":"tree"},"geometry":{"type":"Point","coordinates":[151.196024,-33.864504]}},{"type":"Feature","properties":{"k":"tree"},"geometry":{"type":"Point","coordinates":[151.196125,-33.864626]}},{"type":"Feature","properties":{"k":"tree"},"geometry":{"type":"Point","coordinates":[151.196205,-33.864564]}},{"type":"Feature","properties":{"k":"tree"},"geometry":{"type":"Point","coordinates":[151.217074,-33.860233]}},{"type":"Feature","properties":{"k":"tree"},"geometry":{"type":"Point","coordinates":[151.217021,-33.860439]}},{"type":"Feature","properties":{"k":"tree"},"geometry":{"type":"Point","coordinates":[151.217004,-33.860486]}},{"type":"Feature","properties":{"k":"tree"},"geometry":{"type":"Point","coordinates":[151.216883,-33.860515]}},{"type":"Feature","properties":{"k":"tree"},"geometry":{"type":"Point","coordinates":[151.217093,-33.860348]}},{"type":"Feature","properties":{"k":"tree"},"geometry":{"type":"Point","coordinates":[151.21709,-33.860362]}},{"type":"Feature","properties":{"k":"tree"},"geometry":{"type":"Point","coordinates":[151.2171,-33.860323]}},{"type":"Feature","properties":{"k":"tree"},"geometry":{"type":"Point","coordinates":[151.212945,-33.86759]}},{"type":"Feature","properties":{"k":"tree"},"geometry":{"type":"Point","coordinates":[151.213021,-33.867604]}},{"type":"Feature","properties":{"k":"tree"},"geometry":{"type":"Point","coordinates":[151.21312,-33.867604]}},{"type":"Feature","properties":{"k":"tree"},"geometry":{"type":"Point","coordinates":[151.213126,-33.867553]}},{"type":"Feature","properties":{"k":"tree"},"geometry":{"type":"Point","coordinates":[151.213133,-33.867491]}},{"type":"Feature","properties":{"k":"tree"},"geometry":{"type":"Point","coordinates":[151.213143,-33.867436]}},{"type":"Feature","properties":{"k":"tree"},"geometry":{"type":"Point","coordinates":[151.213159,-33.867336]}},{"type":"Feature","properties":{"k":"tree"},"geometry":{"type":"Point","coordinates":[151.213149,-33.86732]}},{"type":"Feature","properties":{"k":"tree"},"geometry":{"type":"Point","coordinates":[151.213532,-33.866125]}},{"type":"Feature","properties":{"k":"tree"},"geometry":{"type":"Point","coordinates":[151.213754,-33.866236]}},{"type":"Feature","properties":{"k":"tree"},"geometry":{"type":"Point","coordinates":[151.213378,-33.866673]}},{"type":"Feature","properties":{"k":"tree"},"geometry":{"type":"Point","coordinates":[151.213436,-33.866662]}},{"type":"Feature","properties":{"k":"tree"},"geometry":{"type":"Point","coordinates":[151.213489,-33.866662]}},{"type":"Feature","properties":{"k":"tree"},"geometry":{"type":"Point","coordinates":[151.212948,-33.866646]}},{"type":"Feature","properties":{"k":"tree"},"geometry":{"type":"Point","coordinates":[151.212898,-33.866642]}},{"type":"Feature","properties":{"k":"tree"},"geometry":{"type":"Point","coordinates":[151.212857,-33.86664]}},{"type":"Feature","properties":{"k":"tree"},"geometry":{"type":"Point","coordinates":[151.212779,-33.866627]}},{"type":"Feature","properties":{"k":"tree"},"geometry":{"type":"Point","coordinates":[151.212717,-33.866622]}},{"type":"Feature","properties":{"k":"tree"},"geometry":{"type":"Point","coordinates":[151.213133,-33.866988]}},{"type":"Feature","properties":{"k":"tree"},"geometry":{"type":"Point","coordinates":[151.213136,-33.866959]}},{"type":"Feature","properties":{"k":"tree"},"geometry":{"type":"Point","coordinates":[151.212784,-33.867077]}},{"type":"Feature","properties":{"k":"tree"},"geometry":{"type":"Point","coordinates":[151.212719,-33.867049]}},{"type":"Feature","properties":{"k":"tree"},"geometry":{"type":"Point","coordinates":[151.212668,-33.86702]}},{"type":"Feature","properties":{"k":"tree"},"geometry":{"type":"Point","coordinates":[151.21257,-33.86704]}},{"type":"Feature","properties":{"k":"tree"},"geometry":{"type":"Point","coordinates":[151.212563,-33.867024]}},{"type":"Feature","properties":{"k":"tree"},"geometry":{"type":"Point","coordinates":[151.213043,-33.867203]}},{"type":"Feature","properties":{"k":"tree"},"geometry":{"type":"Point","coordinates":[151.212979,-33.867237]}},{"type":"Feature","properties":{"k":"tree"},"geometry":{"type":"Point","coordinates":[151.212979,-33.867186]}},{"type":"Feature","properties":{"k":"tree"},"geometry":{"type":"Point","coordinates":[151.212989,-33.867137]}},{"type":"Feature","properties":{"k":"tree"},"geometry":{"type":"Point","coordinates":[151.213067,-33.867134]}},{"type":"Feature","properties":{"k":"tree"},"geometry":{"type":"Point","coordinates":[151.21313,-33.867146]}},{"type":"Feature","properties":{"k":"tree"},"geometry":{"type":"Point","coordinates":[151.21316,-33.86718]}},{"type":"Feature","properties":{"k":"tree"},"geometry":{"type":"Point","coordinates":[151.213163,-33.867212]}},{"type":"Feature","properties":{"k":"tree"},"geometry":{"type":"Point","coordinates":[151.213059,-33.867175]}},{"type":"Feature","properties":{"k":"tree"},"geometry":{"type":"Point","coordinates":[151.213088,-33.867232]}},{"type":"Feature","properties":{"k":"tree"},"geometry":{"type":"Point","coordinates":[151.214124,-33.861765]}},{"type":"Feature","properties":{"k":"tree"},"geometry":{"type":"Point","coordinates":[151.214034,-33.862475]}},{"type":"Feature","properties":{"k":"tree"},"geometry":{"type":"Point","coordinates":[151.214038,-33.862573]}},{"type":"Feature","properties":{"k":"tree"},"geometry":{"type":"Point","coordinates":[151.214079,-33.862267]}},{"type":"Feature","properties":{"k":"tree"},"geometry":{"type":"Point","coordinates":[151.21426,-33.861769]}},{"type":"Feature","properties":{"k":"tree"},"geometry":{"type":"Point","coordinates":[151.214083,-33.862353]}},{"type":"Feature","properties":{"k":"tree"},"geometry":{"type":"Point","coordinates":[151.214236,-33.86159]}},{"type":"Feature","properties":{"k":"tree"},"geometry":{"type":"Point","coordinates":[151.214148,-33.861662]}},{"type":"Feature","properties":{"k":"tree"},"geometry":{"type":"Point","coordinates":[151.214448,-33.861812]}},{"type":"Feature","properties":{"k":"tree"},"geometry":{"type":"Point","coordinates":[151.214199,-33.861921]}},{"type":"Feature","properties":{"k":"tree"},"geometry":{"type":"Point","coordinates":[151.21459,-33.858568]}},{"type":"Feature","properties":{"k":"tree"},"geometry":{"type":"Point","coordinates":[151.214785,-33.858395]}},{"type":"Feature","properties":{"k":"tree"},"geometry":{"type":"Point","coordinates":[151.214523,-33.858464]}},{"type":"Feature","properties":{"k":"tree"},"geometry":{"type":"Point","coordinates":[151.21451,-33.858508]}},{"type":"Feature","properties":{"k":"tree"},"geometry":{"type":"Point","coordinates":[151.214613,-33.858492]}},{"type":"Feature","properties":{"k":"tree"},"geometry":{"type":"Point","coordinates":[151.217982,-33.869557]}},{"type":"Feature","properties":{"k":"tree"},"geometry":{"type":"Point","coordinates":[151.217823,-33.869451]}},{"type":"Feature","properties":{"k":"tree"},"geometry":{"type":"Point","coordinates":[151.219873,-33.871723]}},{"type":"Feature","properties":{"k":"tree"},"geometry":{"type":"Point","coordinates":[151.21983,-33.871632]}},{"type":"Feature","properties":{"k":"tree"},"geometry":{"type":"Point","coordinates":[151.219813,-33.871761]}},{"type":"Feature","properties":{"k":"tree"},"geometry":{"type":"Point","coordinates":[151.219925,-33.871252]}},{"type":"Feature","properties":{"k":"tree"},"geometry":{"type":"Point","coordinates":[151.199131,-33.884393]}},{"type":"Feature","properties":{"k":"tree"},"geometry":{"type":"Point","coordinates":[151.198997,-33.884398]}},{"type":"Feature","properties":{"k":"tree"},"geometry":{"type":"Point","coordinates":[151.199252,-33.884392]}},{"type":"Feature","properties":{"k":"tree"},"geometry":{"type":"Point","coordinates":[151.201518,-33.89249]}},{"type":"Feature","properties":{"k":"tree"},"geometry":{"type":"Point","coordinates":[151.201527,-33.89241]}},{"type":"Feature","properties":{"k":"tree"},"geometry":{"type":"Point","coordinates":[151.201668,-33.892426]}},{"type":"Feature","properties":{"k":"tree"},"geometry":{"type":"Point","coordinates":[151.201178,-33.892456]}},{"type":"Feature","properties":{"k":"tree"},"geometry":{"type":"Point","coordinates":[151.201322,-33.892374]}},{"type":"Feature","properties":{"k":"tree"},"geometry":{"type":"Point","coordinates":[151.213531,-33.881706]}},{"type":"Feature","properties":{"k":"tree"},"geometry":{"type":"Point","coordinates":[151.213494,-33.881799]}},{"type":"Feature","properties":{"k":"tree"},"geometry":{"type":"Point","coordinates":[151.213424,-33.881761]}},{"type":"Feature","properties":{"k":"tree"},"geometry":{"type":"Point","coordinates":[151.213373,-33.881914]}},{"type":"Feature","properties":{"k":"tree"},"geometry":{"type":"Point","coordinates":[151.213434,-33.882123]}},{"type":"Feature","properties":{"k":"tree"},"geometry":{"type":"Point","coordinates":[151.213732,-33.881697]}},{"type":"Feature","properties":{"k":"tree"},"geometry":{"type":"Point","coordinates":[151.213892,-33.881743]}},{"type":"Feature","properties":{"k":"tree"},"geometry":{"type":"Point","coordinates":[151.21405,-33.881758]}},{"type":"Feature","properties":{"k":"tree"},"geometry":{"type":"Point","coordinates":[151.214112,-33.881671]}},{"type":"Feature","properties":{"k":"tree"},"geometry":{"type":"Point","coordinates":[151.214265,-33.881673]}},{"type":"Feature","properties":{"k":"tree"},"geometry":{"type":"Point","coordinates":[151.21436,-33.88171]}},{"type":"Feature","properties":{"k":"tree"},"geometry":{"type":"Point","coordinates":[151.214465,-33.881727]}},{"type":"Feature","properties":{"k":"tree"},"geometry":{"type":"Point","coordinates":[151.214559,-33.881737]}},{"type":"Feature","properties":{"k":"tree"},"geometry":{"type":"Point","coordinates":[151.214496,-33.881798]}},{"type":"Feature","properties":{"k":"tree"},"geometry":{"type":"Point","coordinates":[151.214431,-33.881791]}},{"type":"Feature","properties":{"k":"tree"},"geometry":{"type":"Point","coordinates":[151.214348,-33.881799]}},{"type":"Feature","properties":{"k":"tree"},"geometry":{"type":"Point","coordinates":[151.214259,-33.881791]}},{"type":"Feature","properties":{"k":"tree"},"geometry":{"type":"Point","coordinates":[151.214743,-33.881723]}},{"type":"Feature","properties":{"k":"tree"},"geometry":{"type":"Point","coordinates":[151.214771,-33.8816]}},{"type":"Feature","properties":{"k":"tree"},"geometry":{"type":"Point","coordinates":[151.214636,-33.881577]}},{"type":"Feature","properties":{"k":"tree"},"geometry":{"type":"Point","coordinates":[151.214795,-33.881539]}},{"type":"Feature","properties":{"k":"tree"},"geometry":{"type":"Point","coordinates":[151.2148,-33.881467]}},{"type":"Feature","properties":{"k":"tree"},"geometry":{"type":"Point","coordinates":[151.214687,-33.882019]}},{"type":"Feature","properties":{"k":"tree"},"geometry":{"type":"Point","coordinates":[151.214622,-33.881861]}},{"type":"Feature","properties":{"k":"tree"},"geometry":{"type":"Point","coordinates":[151.214583,-33.882141]}},{"type":"Feature","properties":{"k":"tree"},"geometry":{"type":"Point","coordinates":[151.214572,-33.882062]}},{"type":"Feature","properties":{"k":"tree"},"geometry":{"type":"Point","coordinates":[151.214555,-33.882215]}},{"type":"Feature","properties":{"k":"tree"},"geometry":{"type":"Point","coordinates":[151.214338,-33.882143]}},{"type":"Feature","properties":{"k":"tree"},"geometry":{"type":"Point","coordinates":[151.214371,-33.882111]}},{"type":"Feature","properties":{"k":"tree"},"geometry":{"type":"Point","coordinates":[151.214366,-33.882056]}},{"type":"Feature","properties":{"k":"tree"},"geometry":{"type":"Point","coordinates":[151.214218,-33.882062]}},{"type":"Feature","properties":{"k":"tree"},"geometry":{"type":"Point","coordinates":[151.214211,-33.881945]}},{"type":"Feature","properties":{"k":"tree"},"geometry":{"type":"Point","coordinates":[151.213903,-33.882057]}},{"type":"Feature","properties":{"k":"tree"},"geometry":{"type":"Point","coordinates":[151.213887,-33.882131]}},{"type":"Feature","properties":{"k":"tree"},"geometry":{"type":"Point","coordinates":[151.213837,-33.882006]}},{"type":"Feature","properties":{"k":"tree"},"geometry":{"type":"Point","coordinates":[151.21386,-33.881941]}},{"type":"Feature","properties":{"k":"tree"},"geometry":{"type":"Point","coordinates":[151.213682,-33.882105]}},{"type":"Feature","properties":{"k":"tree"},"geometry":{"type":"Point","coordinates":[151.21465,-33.882314]}},{"type":"Feature","properties":{"k":"tree"},"geometry":{"type":"Point","coordinates":[151.214657,-33.88217]}},{"type":"Feature","properties":{"k":"tree"},"geometry":{"type":"Point","coordinates":[151.214602,-33.882537]}},{"type":"Feature","properties":{"k":"tree"},"geometry":{"type":"Point","coordinates":[151.214487,-33.882556]}},{"type":"Feature","properties":{"k":"tree"},"geometry":{"type":"Point","coordinates":[151.214474,-33.882674]}},{"type":"Feature","properties":{"k":"tree"},"geometry":{"type":"Point","coordinates":[151.214202,-33.882705]}},{"type":"Feature","properties":{"k":"tree"},"geometry":{"type":"Point","coordinates":[151.214122,-33.882722]}},{"type":"Feature","properties":{"k":"tree"},"geometry":{"type":"Point","coordinates":[151.214122,-33.882654]}},{"type":"Feature","properties":{"k":"tree"},"geometry":{"type":"Point","coordinates":[151.214148,-33.882622]}},{"type":"Feature","properties":{"k":"tree"},"geometry":{"type":"Point","coordinates":[151.214033,-33.882664]}},{"type":"Feature","properties":{"k":"tree"},"geometry":{"type":"Point","coordinates":[151.214068,-33.882626]}},{"type":"Feature","properties":{"k":"tree"},"geometry":{"type":"Point","coordinates":[151.214103,-33.882585]}},{"type":"Feature","properties":{"k":"tree"},"geometry":{"type":"Point","coordinates":[151.214133,-33.882519]}},{"type":"Feature","properties":{"k":"tree"},"geometry":{"type":"Point","coordinates":[151.214219,-33.882534]}},{"type":"Feature","properties":{"k":"tree"},"geometry":{"type":"Point","coordinates":[151.214182,-33.882565]}},{"type":"Feature","properties":{"k":"tree"},"geometry":{"type":"Point","coordinates":[151.213981,-33.882596]}},{"type":"Feature","properties":{"k":"tree"},"geometry":{"type":"Point","coordinates":[151.213974,-33.882511]}},{"type":"Feature","properties":{"k":"tree"},"geometry":{"type":"Point","coordinates":[151.213864,-33.882455]}},{"type":"Feature","properties":{"k":"tree"},"geometry":{"type":"Point","coordinates":[151.213833,-33.882552]}},{"type":"Feature","properties":{"k":"tree"},"geometry":{"type":"Point","coordinates":[151.213697,-33.88255]}},{"type":"Feature","properties":{"k":"tree"},"geometry":{"type":"Point","coordinates":[151.213705,-33.882433]}},{"type":"Feature","properties":{"k":"tree"},"geometry":{"type":"Point","coordinates":[151.213615,-33.882395]}},{"type":"Feature","properties":{"k":"tree"},"geometry":{"type":"Point","coordinates":[151.213727,-33.882295]}},{"type":"Feature","properties":{"k":"tree"},"geometry":{"type":"Point","coordinates":[151.213743,-33.882266]}},{"type":"Feature","properties":{"k":"tree"},"geometry":{"type":"Point","coordinates":[151.213744,-33.882243]}},{"type":"Feature","properties":{"k":"tree"},"geometry":{"type":"Point","coordinates":[151.214839,-33.882464]}},{"type":"Feature","properties":{"k":"tree"},"geometry":{"type":"Point","coordinates":[151.214818,-33.882428]}},{"type":"Feature","properties":{"k":"tree"},"geometry":{"type":"Point","coordinates":[151.214821,-33.882368]}},{"type":"Feature","properties":{"k":"tree"},"geometry":{"type":"Point","coordinates":[151.214852,-33.882245]}},{"type":"Feature","properties":{"k":"tree"},"geometry":{"type":"Point","coordinates":[151.214854,-33.882151]}},{"type":"Feature","properties":{"k":"tree"},"geometry":{"type":"Point","coordinates":[151.214837,-33.882084]}},{"type":"Feature","properties":{"k":"tree"},"geometry":{"type":"Point","coordinates":[151.214845,-33.882029]}},{"type":"Feature","properties":{"k":"tree"},"geometry":{"type":"Point","coordinates":[151.214868,-33.882068]}},{"type":"Feature","properties":{"k":"tree"},"geometry":{"type":"Point","coordinates":[151.214807,-33.882121]}},{"type":"Feature","properties":{"k":"tree"},"geometry":{"type":"Point","coordinates":[151.214834,-33.881937]}},{"type":"Feature","properties":{"k":"tree"},"geometry":{"type":"Point","coordinates":[151.214921,-33.881977]}},{"type":"Feature","properties":{"k":"tree"},"geometry":{"type":"Point","coordinates":[151.214997,-33.881981]}},{"type":"Feature","properties":{"k":"tree"},"geometry":{"type":"Point","coordinates":[151.215057,-33.88203]}},{"type":"Feature","properties":{"k":"tree"},"geometry":{"type":"Point","coordinates":[151.215168,-33.88194]}},{"type":"Feature","properties":{"k":"tree"},"geometry":{"type":"Point","coordinates":[151.215298,-33.882496]}},{"type":"Feature","properties":{"k":"tree"},"geometry":{"type":"Point","coordinates":[151.21524,-33.882406]}},{"type":"Feature","properties":{"k":"tree"},"geometry":{"type":"Point","coordinates":[151.215466,-33.882204]}},{"type":"Feature","properties":{"k":"tree"},"geometry":{"type":"Point","coordinates":[151.214834,-33.882964]}},{"type":"Feature","properties":{"k":"tree"},"geometry":{"type":"Point","coordinates":[151.214805,-33.882964]}},{"type":"Feature","properties":{"k":"tree"},"geometry":{"type":"Point","coordinates":[151.214808,-33.882922]}},{"type":"Feature","properties":{"k":"tree"},"geometry":{"type":"Point","coordinates":[151.21501,-33.883111]}},{"type":"Feature","properties":{"k":"tree"},"geometry":{"type":"Point","coordinates":[151.21506,-33.883114]}},{"type":"Feature","properties":{"k":"tree"},"geometry":{"type":"Point","coordinates":[151.214487,-33.882948]}},{"type":"Feature","properties":{"k":"tree"},"geometry":{"type":"Point","coordinates":[151.214392,-33.883119]}},{"type":"Feature","properties":{"k":"tree"},"geometry":{"type":"Point","coordinates":[151.214319,-33.883054]}},{"type":"Feature","properties":{"k":"tree"},"geometry":{"type":"Point","coordinates":[151.2146,-33.883117]}},{"type":"Feature","properties":{"k":"tree"},"geometry":{"type":"Point","coordinates":[151.214632,-33.883062]}},{"type":"Feature","properties":{"k":"tree"},"geometry":{"type":"Point","coordinates":[151.214683,-33.883072]}},{"type":"Feature","properties":{"k":"tree"},"geometry":{"type":"Point","coordinates":[151.214559,-33.882769]}},{"type":"Feature","properties":{"k":"tree"},"geometry":{"type":"Point","coordinates":[151.214441,-33.883425]}},{"type":"Feature","properties":{"k":"tree"},"geometry":{"type":"Point","coordinates":[151.214468,-33.883291]}},{"type":"Feature","properties":{"k":"tree"},"geometry":{"type":"Point","coordinates":[151.214352,-33.883337]}},{"type":"Feature","properties":{"k":"tree"},"geometry":{"type":"Point","coordinates":[151.21474,-33.883259]}},{"type":"Feature","properties":{"k":"tree"},"geometry":{"type":"Point","coordinates":[151.214731,-33.883387]}},{"type":"Feature","properties":{"k":"tree"},"geometry":{"type":"Point","coordinates":[151.214686,-33.883493]}},{"type":"Feature","properties":{"k":"tree"},"geometry":{"type":"Point","coordinates":[151.214987,-33.88359]}},{"type":"Feature","properties":{"k":"tree"},"geometry":{"type":"Point","coordinates":[151.21454,-33.883611]}},{"type":"Feature","properties":{"k":"tree"},"geometry":{"type":"Point","coordinates":[151.214474,-33.883588]}},{"type":"Feature","properties":{"k":"tree"},"geometry":{"type":"Point","coordinates":[151.214447,-33.883656]}},{"type":"Feature","properties":{"k":"tree"},"geometry":{"type":"Point","coordinates":[151.214751,-33.883649]}},{"type":"Feature","properties":{"k":"tree"},"geometry":{"type":"Point","coordinates":[151.214847,-33.883668]}},{"type":"Feature","properties":{"k":"tree"},"geometry":{"type":"Point","coordinates":[151.214945,-33.883684]}},{"type":"Feature","properties":{"k":"tree"},"geometry":{"type":"Point","coordinates":[151.215035,-33.88371]}},{"type":"Feature","properties":{"k":"tree"},"geometry":{"type":"Point","coordinates":[151.215136,-33.883719]}},{"type":"Feature","properties":{"k":"tree"},"geometry":{"type":"Point","coordinates":[151.215214,-33.883721]}},{"type":"Feature","properties":{"k":"tree"},"geometry":{"type":"Point","coordinates":[151.215303,-33.883752]}},{"type":"Feature","properties":{"k":"tree"},"geometry":{"type":"Point","coordinates":[151.215394,-33.88378]}},{"type":"Feature","properties":{"k":"tree"},"geometry":{"type":"Point","coordinates":[151.21547,-33.883707]}},{"type":"Feature","properties":{"k":"tree"},"geometry":{"type":"Point","coordinates":[151.215369,-33.883691]}},{"type":"Feature","properties":{"k":"tree"},"geometry":{"type":"Point","coordinates":[151.215144,-33.883657]}},{"type":"Feature","properties":{"k":"tree"},"geometry":{"type":"Point","coordinates":[151.215656,-33.883819]}},{"type":"Feature","properties":{"k":"tree"},"geometry":{"type":"Point","coordinates":[151.215795,-33.883843]}},{"type":"Feature","properties":{"k":"tree"},"geometry":{"type":"Point","coordinates":[151.215703,-33.883744]}},{"type":"Feature","properties":{"k":"tree"},"geometry":{"type":"Point","coordinates":[151.215844,-33.883768]}},{"type":"Feature","properties":{"k":"tree"},"geometry":{"type":"Point","coordinates":[151.216056,-33.88366]}},{"type":"Feature","properties":{"k":"tree"},"geometry":{"type":"Point","coordinates":[151.216068,-33.883611]}},{"type":"Feature","properties":{"k":"tree"},"geometry":{"type":"Point","coordinates":[151.216152,-33.883578]}},{"type":"Feature","properties":{"k":"tree"},"geometry":{"type":"Point","coordinates":[151.216062,-33.883488]}},{"type":"Feature","properties":{"k":"tree"},"geometry":{"type":"Point","coordinates":[151.216181,-33.883468]}},{"type":"Feature","properties":{"k":"tree"},"geometry":{"type":"Point","coordinates":[151.21621,-33.883381]}},{"type":"Feature","properties":{"k":"tree"},"geometry":{"type":"Point","coordinates":[151.216125,-33.883378]}},{"type":"Feature","properties":{"k":"tree"},"geometry":{"type":"Point","coordinates":[151.216145,-33.883297]}},{"type":"Feature","properties":{"k":"tree"},"geometry":{"type":"Point","coordinates":[151.216227,-33.883275]}},{"type":"Feature","properties":{"k":"tree"},"geometry":{"type":"Point","coordinates":[151.215822,-33.88343]}},{"type":"Feature","properties":{"k":"tree"},"geometry":{"type":"Point","coordinates":[151.215754,-33.88343]}},{"type":"Feature","properties":{"k":"tree"},"geometry":{"type":"Point","coordinates":[151.215428,-33.883242]}},{"type":"Feature","properties":{"k":"tree"},"geometry":{"type":"Point","coordinates":[151.21534,-33.883243]}},{"type":"Feature","properties":{"k":"tree"},"geometry":{"type":"Point","coordinates":[151.215315,-33.883159]}},{"type":"Feature","properties":{"k":"tree"},"geometry":{"type":"Point","coordinates":[151.215262,-33.883159]}},{"type":"Feature","properties":{"k":"tree"},"geometry":{"type":"Point","coordinates":[151.215237,-33.883215]}},{"type":"Feature","properties":{"k":"tree"},"geometry":{"type":"Point","coordinates":[151.215161,-33.883214]}},{"type":"Feature","properties":{"k":"tree"},"geometry":{"type":"Point","coordinates":[151.215105,-33.883203]}},{"type":"Feature","properties":{"k":"tree"},"geometry":{"type":"Point","coordinates":[151.215153,-33.882936]}},{"type":"Feature","properties":{"k":"tree"},"geometry":{"type":"Point","coordinates":[151.215407,-33.882912]}},{"type":"Feature","properties":{"k":"tree"},"geometry":{"type":"Point","coordinates":[151.215492,-33.882911]}},{"type":"Feature","properties":{"k":"tree"},"geometry":{"type":"Point","coordinates":[151.215468,-33.882697]}},{"type":"Feature","properties":{"k":"tree"},"geometry":{"type":"Point","coordinates":[151.216035,-33.884187]}},{"type":"Feature","properties":{"k":"tree"},"geometry":{"type":"Point","coordinates":[151.215916,-33.884158]}},{"type":"Feature","properties":{"k":"tree"},"geometry":{"type":"Point","coordinates":[151.215878,-33.884264]}},{"type":"Feature","properties":{"k":"tree"},"geometry":{"type":"Point","coordinates":[151.215874,-33.884338]}},{"type":"Feature","properties":{"k":"tree"},"geometry":{"type":"Point","coordinates":[151.215702,-33.884149]}},{"type":"Feature","properties":{"k":"tree"},"geometry":{"type":"Point","coordinates":[151.215619,-33.884193]}},{"type":"Feature","properties":{"k":"tree"},"geometry":{"type":"Point","coordinates":[151.215993,-33.884304]}},{"type":"Feature","properties":{"k":"tree"},"geometry":{"type":"Point","coordinates":[151.215987,-33.884416]}},{"type":"Feature","properties":{"k":"tree"},"geometry":{"type":"Point","coordinates":[151.21597,-33.884478]}},{"type":"Feature","properties":{"k":"tree"},"geometry":{"type":"Point","coordinates":[151.215939,-33.884589]}},{"type":"Feature","properties":{"k":"tree"},"geometry":{"type":"Point","coordinates":[151.215782,-33.884575]}},{"type":"Feature","properties":{"k":"tree"},"geometry":{"type":"Point","coordinates":[151.215717,-33.88473]}},{"type":"Feature","properties":{"k":"tree"},"geometry":{"type":"Point","coordinates":[151.215923,-33.884752]}},{"type":"Feature","properties":{"k":"tree"},"geometry":{"type":"Point","coordinates":[151.215869,-33.884858]}},{"type":"Feature","properties":{"k":"tree"},"geometry":{"type":"Point","coordinates":[151.215674,-33.884947]}},{"type":"Feature","properties":{"k":"tree"},"geometry":{"type":"Point","coordinates":[151.215825,-33.884921]}},{"type":"Feature","properties":{"k":"tree"},"geometry":{"type":"Point","coordinates":[151.215867,-33.884921]}},{"type":"Feature","properties":{"k":"tree"},"geometry":{"type":"Point","coordinates":[151.215828,-33.884998]}},{"type":"Feature","properties":{"k":"tree"},"geometry":{"type":"Point","coordinates":[151.215521,-33.885101]}},{"type":"Feature","properties":{"k":"tree"},"geometry":{"type":"Point","coordinates":[151.215606,-33.885091]}},{"type":"Feature","properties":{"k":"tree"},"geometry":{"type":"Point","coordinates":[151.215521,-33.884988]}},{"type":"Feature","properties":{"k":"tree"},"geometry":{"type":"Point","coordinates":[151.215396,-33.8851]}},{"type":"Feature","properties":{"k":"tree"},"geometry":{"type":"Point","coordinates":[151.215294,-33.885078]}},{"type":"Feature","properties":{"k":"tree"},"geometry":{"type":"Point","coordinates":[151.215377,-33.885008]}},{"type":"Feature","properties":{"k":"tree"},"geometry":{"type":"Point","coordinates":[151.215291,-33.884988]}},{"type":"Feature","properties":{"k":"tree"},"geometry":{"type":"Point","coordinates":[151.215193,-33.884924]}},{"type":"Feature","properties":{"k":"tree"},"geometry":{"type":"Point","coordinates":[151.215127,-33.884783]}},{"type":"Feature","properties":{"k":"tree"},"geometry":{"type":"Point","coordinates":[151.215005,-33.884734]}},{"type":"Feature","properties":{"k":"tree"},"geometry":{"type":"Point","coordinates":[151.214944,-33.884707]}},{"type":"Feature","properties":{"k":"tree"},"geometry":{"type":"Point","coordinates":[151.21486,-33.884664]}},{"type":"Feature","properties":{"k":"tree"},"geometry":{"type":"Point","coordinates":[151.214786,-33.884618]}},{"type":"Feature","properties":{"k":"tree"},"geometry":{"type":"Point","coordinates":[151.214693,-33.884598]}},{"type":"Feature","properties":{"k":"tree"},"geometry":{"type":"Point","coordinates":[151.214841,-33.884455]}},{"type":"Feature","properties":{"k":"tree"},"geometry":{"type":"Point","coordinates":[151.214909,-33.884455]}},{"type":"Feature","properties":{"k":"tree"},"geometry":{"type":"Point","coordinates":[151.215017,-33.884515]}},{"type":"Feature","properties":{"k":"tree"},"geometry":{"type":"Point","coordinates":[151.214434,-33.884506]}},{"type":"Feature","properties":{"k":"tree"},"geometry":{"type":"Point","coordinates":[151.21436,-33.884481]}},{"type":"Feature","properties":{"k":"tree"},"geometry":{"type":"Point","coordinates":[151.214297,-33.884445]}},{"type":"Feature","properties":{"k":"tree"},"geometry":{"type":"Point","coordinates":[151.215301,-33.885343]}},{"type":"Feature","properties":{"k":"tree"},"geometry":{"type":"Point","coordinates":[151.215143,-33.885305]}},{"type":"Feature","properties":{"k":"tree"},"geometry":{"type":"Point","coordinates":[151.215291,-33.885266]}},{"type":"Feature","properties":{"k":"tree"},"geometry":{"type":"Point","coordinates":[151.215202,-33.885241]}},{"type":"Feature","properties":{"k":"tree"},"geometry":{"type":"Point","coordinates":[151.215322,-33.885216]}},{"type":"Feature","properties":{"k":"tree"},"geometry":{"type":"Point","coordinates":[151.215243,-33.885201]}},{"type":"Feature","properties":{"k":"tree"},"geometry":{"type":"Point","coordinates":[151.214984,-33.885221]}},{"type":"Feature","properties":{"k":"tree"},"geometry":{"type":"Point","coordinates":[151.215028,-33.88532]}},{"type":"Feature","properties":{"k":"tree"},"geometry":{"type":"Point","coordinates":[151.214869,-33.88545]}},{"type":"Feature","properties":{"k":"tree"},"geometry":{"type":"Point","coordinates":[151.214877,-33.885385]}},{"type":"Feature","properties":{"k":"tree"},"geometry":{"type":"Point","coordinates":[151.214795,-33.885358]}},{"type":"Feature","properties":{"k":"tree"},"geometry":{"type":"Point","coordinates":[151.214772,-33.885428]}},{"type":"Feature","properties":{"k":"tree"},"geometry":{"type":"Point","coordinates":[151.214645,-33.885242]}},{"type":"Feature","properties":{"k":"tree"},"geometry":{"type":"Point","coordinates":[151.214414,-33.885085]}},{"type":"Feature","properties":{"k":"tree"},"geometry":{"type":"Point","coordinates":[151.214736,-33.885531]}},{"type":"Feature","properties":{"k":"tree"},"geometry":{"type":"Point","coordinates":[151.214746,-33.885613]}},{"type":"Feature","properties":{"k":"tree"},"geometry":{"type":"Point","coordinates":[151.214844,-33.885585]}},{"type":"Feature","properties":{"k":"tree"},"geometry":{"type":"Point","coordinates":[151.21474,-33.885727]}},{"type":"Feature","properties":{"k":"tree"},"geometry":{"type":"Point","coordinates":[151.214808,-33.885708]}},{"type":"Feature","properties":{"k":"tree"},"geometry":{"type":"Point","coordinates":[151.214805,-33.88581]}},{"type":"Feature","properties":{"k":"tree"},"geometry":{"type":"Point","coordinates":[151.214722,-33.885782]}},{"type":"Feature","properties":{"k":"tree"},"geometry":{"type":"Point","coordinates":[151.214681,-33.885817]}},{"type":"Feature","properties":{"k":"tree"},"geometry":{"type":"Point","coordinates":[151.214696,-33.885881]}},{"type":"Feature","properties":{"k":"tree"},"geometry":{"type":"Point","coordinates":[151.214782,-33.885917]}},{"type":"Feature","properties":{"k":"tree"},"geometry":{"type":"Point","coordinates":[151.214766,-33.88604]}},{"type":"Feature","properties":{"k":"tree"},"geometry":{"type":"Point","coordinates":[151.214665,-33.886038]}},{"type":"Feature","properties":{"k":"tree"},"geometry":{"type":"Point","coordinates":[151.214763,-33.886118]}},{"type":"Feature","properties":{"k":"tree"},"geometry":{"type":"Point","coordinates":[151.214749,-33.88622]}},{"type":"Feature","properties":{"k":"tree"},"geometry":{"type":"Point","coordinates":[151.214614,-33.886206]}},{"type":"Feature","properties":{"k":"tree"},"geometry":{"type":"Point","coordinates":[151.214504,-33.886264]}},{"type":"Feature","properties":{"k":"tree"},"geometry":{"type":"Point","coordinates":[151.214412,-33.886257]}},{"type":"Feature","properties":{"k":"tree"},"geometry":{"type":"Point","coordinates":[151.214398,-33.886342]}},{"type":"Feature","properties":{"k":"tree"},"geometry":{"type":"Point","coordinates":[151.214463,-33.886347]}},{"type":"Feature","properties":{"k":"tree"},"geometry":{"type":"Point","coordinates":[151.214577,-33.886364]}},{"type":"Feature","properties":{"k":"tree"},"geometry":{"type":"Point","coordinates":[151.214666,-33.88638]}},{"type":"Feature","properties":{"k":"tree"},"geometry":{"type":"Point","coordinates":[151.214843,-33.886322]}},{"type":"Feature","properties":{"k":"tree"},"geometry":{"type":"Point","coordinates":[151.215036,-33.886371]}},{"type":"Feature","properties":{"k":"tree"},"geometry":{"type":"Point","coordinates":[151.215205,-33.885966]}},{"type":"Feature","properties":{"k":"tree"},"geometry":{"type":"Point","coordinates":[151.215265,-33.885998]}},{"type":"Feature","properties":{"k":"tree"},"geometry":{"type":"Point","coordinates":[151.214203,-33.886228]}},{"type":"Feature","properties":{"k":"tree"},"geometry":{"type":"Point","coordinates":[151.214144,-33.886228]}},{"type":"Feature","properties":{"k":"tree"},"geometry":{"type":"Point","coordinates":[151.214214,-33.886308]}},{"type":"Feature","properties":{"k":"tree"},"geometry":{"type":"Point","coordinates":[151.213994,-33.886287]}},{"type":"Feature","properties":{"k":"tree"},"geometry":{"type":"Point","coordinates":[151.214472,-33.886513]}},{"type":"Feature","properties":{"k":"tree"},"geometry":{"type":"Point","coordinates":[151.214402,-33.886515]}},{"type":"Feature","properties":{"k":"tree"},"geometry":{"type":"Point","coordinates":[151.214195,-33.886581]}},{"type":"Feature","properties":{"k":"tree"},"geometry":{"type":"Point","coordinates":[151.21428,-33.886739]}},{"type":"Feature","properties":{"k":"tree"},"geometry":{"type":"Point","coordinates":[151.214397,-33.886714]}},{"type":"Feature","properties":{"k":"tree"},"geometry":{"type":"Point","coordinates":[151.21469,-33.886881]}},{"type":"Feature","properties":{"k":"tree"},"geometry":{"type":"Point","coordinates":[151.21476,-33.886891]}},{"type":"Feature","properties":{"k":"tree"},"geometry":{"type":"Point","coordinates":[151.214877,-33.886912]}},{"type":"Feature","properties":{"k":"tree"},"geometry":{"type":"Point","coordinates":[151.21497,-33.886915]}},{"type":"Feature","properties":{"k":"tree"},"geometry":{"type":"Point","coordinates":[151.214981,-33.88704]}},{"type":"Feature","properties":{"k":"tree"},"geometry":{"type":"Point","coordinates":[151.215047,-33.887079]}},{"type":"Feature","properties":{"k":"tree"},"geometry":{"type":"Point","coordinates":[151.215169,-33.887107]}},{"type":"Feature","properties":{"k":"tree"},"geometry":{"type":"Point","coordinates":[151.215238,-33.886955]}},{"type":"Feature","properties":{"k":"tree"},"geometry":{"type":"Point","coordinates":[151.215477,-33.886884]}},{"type":"Feature","properties":{"k":"tree"},"geometry":{"type":"Point","coordinates":[151.21543,-33.88673]}},{"type":"Feature","properties":{"k":"tree"},"geometry":{"type":"Point","coordinates":[151.215324,-33.886682]}},{"type":"Feature","properties":{"k":"tree"},"geometry":{"type":"Point","coordinates":[151.214981,-33.88662]}},{"type":"Feature","properties":{"k":"tree"},"geometry":{"type":"Point","coordinates":[151.214795,-33.886675]}},{"type":"Feature","properties":{"k":"tree"},"geometry":{"type":"Point","coordinates":[151.214774,-33.886796]}},{"type":"Feature","properties":{"k":"tree"},"geometry":{"type":"Point","coordinates":[151.214715,-33.886796]}},{"type":"Feature","properties":{"k":"tree"},"geometry":{"type":"Point","coordinates":[151.215301,-33.886567]}},{"type":"Feature","properties":{"k":"tree"},"geometry":{"type":"Point","coordinates":[151.215472,-33.886554]}},{"type":"Feature","properties":{"k":"tree"},"geometry":{"type":"Point","coordinates":[151.215351,-33.886419]}},{"type":"Feature","properties":{"k":"tree"},"geometry":{"type":"Point","coordinates":[151.215467,-33.886301]}},{"type":"Feature","properties":{"k":"tree"},"geometry":{"type":"Point","coordinates":[151.21556,-33.886183]}},{"type":"Feature","properties":{"k":"tree"},"geometry":{"type":"Point","coordinates":[151.215553,-33.886254]}},{"type":"Feature","properties":{"k":"tree"},"geometry":{"type":"Point","coordinates":[151.215554,-33.885936]}},{"type":"Feature","properties":{"k":"tree"},"geometry":{"type":"Point","coordinates":[151.215632,-33.885958]}},{"type":"Feature","properties":{"k":"tree"},"geometry":{"type":"Point","coordinates":[151.215633,-33.886079]}},{"type":"Feature","properties":{"k":"tree"},"geometry":{"type":"Point","coordinates":[151.215521,-33.886079]}},{"type":"Feature","properties":{"k":"tree"},"geometry":{"type":"Point","coordinates":[151.215586,-33.885757]}},{"type":"Feature","properties":{"k":"tree"},"geometry":{"type":"Point","coordinates":[151.215601,-33.885635]}},{"type":"Feature","properties":{"k":"tree"},"geometry":{"type":"Point","coordinates":[151.215627,-33.885569]}},{"type":"Feature","properties":{"k":"tree"},"geometry":{"type":"Point","coordinates":[151.215738,-33.885638]}},{"type":"Feature","properties":{"k":"tree"},"geometry":{"type":"Point","coordinates":[151.215711,-33.885765]}},{"type":"Feature","properties":{"k":"tree"},"geometry":{"type":"Point","coordinates":[151.215724,-33.88573]}},{"type":"Feature","properties":{"k":"tree"},"geometry":{"type":"Point","coordinates":[151.215898,-33.886016]}},{"type":"Feature","properties":{"k":"tree"},"geometry":{"type":"Point","coordinates":[151.219734,-33.892823]}},{"type":"Feature","properties":{"k":"tree"},"geometry":{"type":"Point","coordinates":[151.21981,-33.892649]}},{"type":"Feature","properties":{"k":"tree"},"geometry":{"type":"Point","coordinates":[151.219431,-33.892481]}},{"type":"Feature","properties":{"k":"tree"},"geometry":{"type":"Point","coordinates":[151.219877,-33.891463]}},{"type":"Feature","properties":{"k":"tree"},"geometry":{"type":"Point","coordinates":[151.218646,-33.892062]}},{"type":"Feature","properties":{"k":"tree"},"geometry":{"type":"Point","coordinates":[151.218734,-33.892098]}},{"type":"Feature","properties":{"k":"tree"},"geometry":{"type":"Point","coordinates":[151.218814,-33.892102]}},{"type":"Feature","properties":{"k":"tree"},"geometry":{"type":"Point","coordinates":[151.21892,-33.892229]}},{"type":"Feature","properties":{"k":"tree"},"geometry":{"type":"Point","coordinates":[151.219013,-33.892368]}},{"type":"Feature","properties":{"k":"tree"},"geometry":{"type":"Point","coordinates":[151.219004,-33.892395]}},{"type":"Feature","properties":{"k":"tree"},"geometry":{"type":"Point","coordinates":[151.218991,-33.892434]}},{"type":"Feature","properties":{"k":"tree"},"geometry":{"type":"Point","coordinates":[151.219164,-33.892202]}},{"type":"Feature","properties":{"k":"tree"},"geometry":{"type":"Point","coordinates":[151.217831,-33.892243]}},{"type":"Feature","properties":{"k":"tree"},"geometry":{"type":"Point","coordinates":[151.217691,-33.89219]}},{"type":"Feature","properties":{"k":"tree"},"geometry":{"type":"Point","coordinates":[151.217394,-33.892088]}},{"type":"Feature","properties":{"k":"tree"},"geometry":{"type":"Point","coordinates":[151.217133,-33.891912]}},{"type":"Feature","properties":{"k":"tree"},"geometry":{"type":"Point","coordinates":[151.217422,-33.891457]}},{"type":"Feature","properties":{"k":"tree"},"geometry":{"type":"Point","coordinates":[151.217476,-33.891319]}},{"type":"Feature","properties":{"k":"tree"},"geometry":{"type":"Point","coordinates":[151.217253,-33.89141]}},{"type":"Feature","properties":{"k":"tree"},"geometry":{"type":"Point","coordinates":[151.21732,-33.891219]}},{"type":"Feature","properties":{"k":"tree"},"geometry":{"type":"Point","coordinates":[151.217493,-33.89106]}},{"type":"Feature","properties":{"k":"tree"},"geometry":{"type":"Point","coordinates":[151.217603,-33.89111]}},{"type":"Feature","properties":{"k":"tree"},"geometry":{"type":"Point","coordinates":[151.217719,-33.89099]}},{"type":"Feature","properties":{"k":"tree"},"geometry":{"type":"Point","coordinates":[151.217583,-33.890903]}},{"type":"Feature","properties":{"k":"tree"},"geometry":{"type":"Point","coordinates":[151.217732,-33.890771]}},{"type":"Feature","properties":{"k":"tree"},"geometry":{"type":"Point","coordinates":[151.219944,-33.889344]}},{"type":"Feature","properties":{"k":"tree"},"geometry":{"type":"Point","coordinates":[151.219812,-33.88921]}},{"type":"Feature","properties":{"k":"tree"},"geometry":{"type":"Point","coordinates":[151.219745,-33.888922]}},{"type":"Feature","properties":{"k":"tree"},"geometry":{"type":"Point","coordinates":[151.219579,-33.888607]}},{"type":"Feature","properties":{"k":"tree"},"geometry":{"type":"Point","coordinates":[151.219495,-33.888348]}},{"type":"Feature","properties":{"k":"tree"},"geometry":{"type":"Point","coordinates":[151.219374,-33.888095]}},{"type":"Feature","properties":{"k":"tree"},"geometry":{"type":"Point","coordinates":[151.21932,-33.887929]}},{"type":"Feature","properties":{"k":"tree"},"geometry":{"type":"Point","coordinates":[151.219258,-33.887797]}},{"type":"Feature","properties":{"k":"tree"},"geometry":{"type":"Point","coordinates":[151.219238,-33.887694]}},{"type":"Feature","properties":{"k":"tree"},"geometry":{"type":"Point","coordinates":[151.218219,-33.886692]}},{"type":"Feature","properties":{"k":"tree"},"geometry":{"type":"Point","coordinates":[151.218276,-33.886491]}},{"type":"Feature","properties":{"k":"tree"},"geometry":{"type":"Point","coordinates":[151.218425,-33.886536]}},{"type":"Feature","properties":{"k":"tree"},"geometry":{"type":"Point","coordinates":[151.218596,-33.886645]}},{"type":"Feature","properties":{"k":"tree"},"geometry":{"type":"Point","coordinates":[151.218833,-33.886806]}},{"type":"Feature","properties":{"k":"tree"},"geometry":{"type":"Point","coordinates":[151.218873,-33.886962]}},{"type":"Feature","properties":{"k":"tree"},"geometry":{"type":"Point","coordinates":[151.218985,-33.887122]}},{"type":"Feature","properties":{"k":"tree"},"geometry":{"type":"Point","coordinates":[151.218071,-33.889263]}},{"type":"Feature","properties":{"k":"tree"},"geometry":{"type":"Point","coordinates":[151.218075,-33.889393]}},{"type":"Feature","properties":{"k":"tree"},"geometry":{"type":"Point","coordinates":[151.217906,-33.889427]}},{"type":"Feature","properties":{"k":"tree"},"geometry":{"type":"Point","coordinates":[151.217827,-33.889446]}},{"type":"Feature","properties":{"k":"tree"},"geometry":{"type":"Point","coordinates":[151.217868,-33.889274]}},{"type":"Feature","properties":{"k":"tree"},"geometry":{"type":"Point","coordinates":[151.217872,-33.889089]}},{"type":"Feature","properties":{"k":"tree"},"geometry":{"type":"Point","coordinates":[151.217913,-33.888873]}},{"type":"Feature","properties":{"k":"tree"},"geometry":{"type":"Point","coordinates":[151.217971,-33.88955]}},{"type":"Feature","properties":{"k":"tree"},"geometry":{"type":"Point","coordinates":[151.21803,-33.8886]}},{"type":"Feature","properties":{"k":"tree"},"geometry":{"type":"Point","coordinates":[151.217687,-33.890529]}},{"type":"Feature","properties":{"k":"tree"},"geometry":{"type":"Point","coordinates":[151.217647,-33.890388]}},{"type":"Feature","properties":{"k":"tree"},"geometry":{"type":"Point","coordinates":[151.219749,-33.872101]}},{"type":"Feature","properties":{"k":"tree"},"geometry":{"type":"Point","coordinates":[151.219629,-33.872529]}},{"type":"Feature","properties":{"k":"tree"},"geometry":{"type":"Point","coordinates":[151.219693,-33.87279]}},{"type":"Feature","properties":{"k":"tree"},"geometry":{"type":"Point","coordinates":[151.219675,-33.872288]}},{"type":"Feature","properties":{"k":"tree"},"geometry":{"type":"Point","coordinates":[151.219612,-33.872592]}},{"type":"Feature","properties":{"k":"tree"},"geometry":{"type":"Point","coordinates":[151.219718,-33.872123]}},{"type":"Feature","properties":{"k":"tree"},"geometry":{"type":"Point","coordinates":[151.219724,-33.872161]}},{"type":"Feature","properties":{"k":"tree"},"geometry":{"type":"Point","coordinates":[151.219741,-33.872122]}},{"type":"Feature","properties":{"k":"tree"},"geometry":{"type":"Point","coordinates":[151.219762,-33.872134]}},{"type":"Feature","properties":{"k":"tree"},"geometry":{"type":"Point","coordinates":[151.219759,-33.872492]}},{"type":"Feature","properties":{"k":"tree"},"geometry":{"type":"Point","coordinates":[151.21974,-33.872569]}},{"type":"Feature","properties":{"k":"tree"},"geometry":{"type":"Point","coordinates":[151.202749,-33.859711]}},{"type":"Feature","properties":{"k":"tree"},"geometry":{"type":"Point","coordinates":[151.202751,-33.859756]}},{"type":"Feature","properties":{"k":"tree"},"geometry":{"type":"Point","coordinates":[151.202753,-33.859807]}},{"type":"Feature","properties":{"k":"tree"},"geometry":{"type":"Point","coordinates":[151.202747,-33.859666]}},{"type":"Feature","properties":{"k":"tree"},"geometry":{"type":"Point","coordinates":[151.202745,-33.859616]}},{"type":"Feature","properties":{"k":"tree"},"geometry":{"type":"Point","coordinates":[151.202743,-33.859571]}},{"type":"Feature","properties":{"k":"tree"},"geometry":{"type":"Point","coordinates":[151.20274,-33.859518]}},{"type":"Feature","properties":{"k":"tree"},"geometry":{"type":"Point","coordinates":[151.202737,-33.859473]}},{"type":"Feature","properties":{"k":"tree"},"geometry":{"type":"Point","coordinates":[151.202734,-33.859426]}},{"type":"Feature","properties":{"k":"tree"},"geometry":{"type":"Point","coordinates":[151.202731,-33.859388]}},{"type":"Feature","properties":{"k":"tree"},"geometry":{"type":"Point","coordinates":[151.206052,-33.865197]}},{"type":"Feature","properties":{"k":"tree"},"geometry":{"type":"Point","coordinates":[151.206116,-33.865196]}},{"type":"Feature","properties":{"k":"tree"},"geometry":{"type":"Point","coordinates":[151.206163,-33.86519]}},{"type":"Feature","properties":{"k":"tree"},"geometry":{"type":"Point","coordinates":[151.206218,-33.865195]}},{"type":"Feature","properties":{"k":"tree"},"geometry":{"type":"Point","coordinates":[151.206296,-33.865202]}},{"type":"Feature","properties":{"k":"tree"},"geometry":{"type":"Point","coordinates":[151.206297,-33.865333]}},{"type":"Feature","properties":{"k":"tree"},"geometry":{"type":"Point","coordinates":[151.206285,-33.865469]}},{"type":"Feature","properties":{"k":"tree"},"geometry":{"type":"Point","coordinates":[151.206156,-33.865322]}},{"type":"Feature","properties":{"k":"tree"},"geometry":{"type":"Point","coordinates":[151.205848,-33.865339]}},{"type":"Feature","properties":{"k":"tree"},"geometry":{"type":"Point","coordinates":[151.205832,-33.865228]}},{"type":"Feature","properties":{"k":"tree"},"geometry":{"type":"Point","coordinates":[151.205879,-33.865516]}},{"type":"Feature","properties":{"k":"tree"},"geometry":{"type":"Point","coordinates":[151.20591,-33.865829]}},{"type":"Feature","properties":{"k":"tree"},"geometry":{"type":"Point","coordinates":[151.20564,-33.865833]}},{"type":"Feature","properties":{"k":"tree"},"geometry":{"type":"Point","coordinates":[151.205639,-33.865771]}},{"type":"Feature","properties":{"k":"tree"},"geometry":{"type":"Point","coordinates":[151.206579,-33.865555]}},{"type":"Feature","properties":{"k":"tree"},"geometry":{"type":"Point","coordinates":[151.206579,-33.865603]}},{"type":"Feature","properties":{"k":"tree"},"geometry":{"type":"Point","coordinates":[151.206581,-33.865661]}},{"type":"Feature","properties":{"k":"tree"},"geometry":{"type":"Point","coordinates":[151.2065,-33.86573]}},{"type":"Feature","properties":{"k":"tree"},"geometry":{"type":"Point","coordinates":[151.206543,-33.865708]}},{"type":"Feature","properties":{"k":"tree"},"geometry":{"type":"Point","coordinates":[151.20652,-33.865674]}},{"type":"Feature","properties":{"k":"tree"},"geometry":{"type":"Point","coordinates":[151.206525,-33.865605]}},{"type":"Feature","properties":{"k":"tree"},"geometry":{"type":"Point","coordinates":[151.206534,-33.86554]}},{"type":"Feature","properties":{"k":"tree"},"geometry":{"type":"Point","coordinates":[151.206225,-33.865987]}},{"type":"Feature","properties":{"k":"tree"},"geometry":{"type":"Point","coordinates":[151.206223,-33.8662]}},{"type":"Feature","properties":{"k":"tree"},"geometry":{"type":"Point","coordinates":[151.213682,-33.864412]}},{"type":"Feature","properties":{"k":"tree"},"geometry":{"type":"Point","coordinates":[151.213614,-33.864561]}},{"type":"Feature","properties":{"k":"tree"},"geometry":{"type":"Point","coordinates":[151.213764,-33.864538]}},{"type":"Feature","properties":{"k":"tree"},"geometry":{"type":"Point","coordinates":[151.213583,-33.864727]}},{"type":"Feature","properties":{"k":"tree"},"geometry":{"type":"Point","coordinates":[151.213422,-33.864709]}},{"type":"Feature","properties":{"k":"tree"},"geometry":{"type":"Point","coordinates":[151.213325,-33.864779]}},{"type":"Feature","properties":{"k":"tree"},"geometry":{"type":"Point","coordinates":[151.213307,-33.864803]}},{"type":"Feature","properties":{"k":"tree"},"geometry":{"type":"Point","coordinates":[151.213263,-33.864859]}},{"type":"Feature","properties":{"k":"tree"},"geometry":{"type":"Point","coordinates":[151.213263,-33.864946]}},{"type":"Feature","properties":{"k":"tree"},"geometry":{"type":"Point","coordinates":[151.213866,-33.864764]}},{"type":"Feature","properties":{"k":"tree"},"geometry":{"type":"Point","coordinates":[151.213609,-33.86417]}},{"type":"Feature","properties":{"k":"tree"},"geometry":{"type":"Point","coordinates":[151.213481,-33.864085]}},{"type":"Feature","properties":{"k":"tree"},"geometry":{"type":"Point","coordinates":[151.213575,-33.864062]}},{"type":"Feature","properties":{"k":"tree"},"geometry":{"type":"Point","coordinates":[151.213607,-33.864248]}},{"type":"Feature","properties":{"k":"tree"},"geometry":{"type":"Point","coordinates":[151.213335,-33.864035]}},{"type":"Feature","properties":{"k":"tree"},"geometry":{"type":"Point","coordinates":[151.213457,-33.864213]}},{"type":"Feature","properties":{"k":"tree"},"geometry":{"type":"Point","coordinates":[151.213511,-33.864255]}},{"type":"Feature","properties":{"k":"tree"},"geometry":{"type":"Point","coordinates":[151.216101,-33.863973]}},{"type":"Feature","properties":{"k":"tree"},"geometry":{"type":"Point","coordinates":[151.216039,-33.864115]}},{"type":"Feature","properties":{"k":"tree"},"geometry":{"type":"Point","coordinates":[151.214821,-33.860982]}},{"type":"Feature","properties":{"k":"tree"},"geometry":{"type":"Point","coordinates":[151.214533,-33.860809]}},{"type":"Feature","properties":{"k":"tree"},"geometry":{"type":"Point","coordinates":[151.214469,-33.860811]}},{"type":"Feature","properties":{"k":"tree"},"geometry":{"type":"Point","coordinates":[151.214495,-33.860881]}},{"type":"Feature","properties":{"k":"tree"},"geometry":{"type":"Point","coordinates":[151.214495,-33.860939]}},{"type":"Feature","properties":{"k":"tree"},"geometry":{"type":"Point","coordinates":[151.214606,-33.860871]}},{"type":"Feature","properties":{"k":"tree"},"geometry":{"type":"Point","coordinates":[151.214686,-33.860766]}},{"type":"Feature","properties":{"k":"tree"},"geometry":{"type":"Point","coordinates":[151.214686,-33.860642]}},{"type":"Feature","properties":{"k":"tree"},"geometry":{"type":"Point","coordinates":[151.214553,-33.860717]}},{"type":"Feature","properties":{"k":"tree"},"geometry":{"type":"Point","coordinates":[151.214443,-33.860697]}},{"type":"Feature","properties":{"k":"tree"},"geometry":{"type":"Point","coordinates":[151.214394,-33.860746]}},{"type":"Feature","properties":{"k":"tree"},"geometry":{"type":"Point","coordinates":[151.214331,-33.860811]}},{"type":"Feature","properties":{"k":"tree"},"geometry":{"type":"Point","coordinates":[151.214267,-33.8609]}},{"type":"Feature","properties":{"k":"tree"},"geometry":{"type":"Point","coordinates":[151.214439,-33.86095]}},{"type":"Feature","properties":{"k":"tree"},"geometry":{"type":"Point","coordinates":[151.214439,-33.861007]}},{"type":"Feature","properties":{"k":"tree"},"geometry":{"type":"Point","coordinates":[151.214319,-33.860481]}},{"type":"Feature","properties":{"k":"tree"},"geometry":{"type":"Point","coordinates":[151.214533,-33.86046]}},{"type":"Feature","properties":{"k":"tree"},"geometry":{"type":"Point","coordinates":[151.21443,-33.860455]}},{"type":"Feature","properties":{"k":"tree"},"geometry":{"type":"Point","coordinates":[151.214428,-33.860606]}},{"type":"Feature","properties":{"k":"tree"},"geometry":{"type":"Point","coordinates":[151.213956,-33.860847]}},{"type":"Feature","properties":{"k":"tree"},"geometry":{"type":"Point","coordinates":[151.214157,-33.860656]}},{"type":"Feature","properties":{"k":"tree"},"geometry":{"type":"Point","coordinates":[151.21405,-33.860681]}},{"type":"Feature","properties":{"k":"tree"},"geometry":{"type":"Point","coordinates":[151.213999,-33.860568]}},{"type":"Feature","properties":{"k":"tree"},"geometry":{"type":"Point","coordinates":[151.213926,-33.8605]}},{"type":"Feature","properties":{"k":"tree"},"geometry":{"type":"Point","coordinates":[151.213807,-33.860471]}},{"type":"Feature","properties":{"k":"tree"},"geometry":{"type":"Point","coordinates":[151.213512,-33.860218]}},{"type":"Feature","properties":{"k":"tree"},"geometry":{"type":"Point","coordinates":[151.213201,-33.86034]}},{"type":"Feature","properties":{"k":"tree"},"geometry":{"type":"Point","coordinates":[151.213201,-33.860412]}},{"type":"Feature","properties":{"k":"tree"},"geometry":{"type":"Point","coordinates":[151.213194,-33.860507]}},{"type":"Feature","properties":{"k":"tree"},"geometry":{"type":"Point","coordinates":[151.213192,-33.860567]}},{"type":"Feature","properties":{"k":"tree"},"geometry":{"type":"Point","coordinates":[151.213232,-33.860152]}},{"type":"Feature","properties":{"k":"tree"},"geometry":{"type":"Point","coordinates":[151.213237,-33.860099]}},{"type":"Feature","properties":{"k":"tree"},"geometry":{"type":"Point","coordinates":[151.213276,-33.86]}},{"type":"Feature","properties":{"k":"tree"},"geometry":{"type":"Point","coordinates":[151.213275,-33.859872]}},{"type":"Feature","properties":{"k":"tree"},"geometry":{"type":"Point","coordinates":[151.213275,-33.859789]}},{"type":"Feature","properties":{"k":"tree"},"geometry":{"type":"Point","coordinates":[151.213284,-33.859729]}},{"type":"Feature","properties":{"k":"tree"},"geometry":{"type":"Point","coordinates":[151.213568,-33.859558]}},{"type":"Feature","properties":{"k":"tree"},"geometry":{"type":"Point","coordinates":[151.213609,-33.859456]}},{"type":"Feature","properties":{"k":"tree"},"geometry":{"type":"Point","coordinates":[151.213641,-33.85936]}},{"type":"Feature","properties":{"k":"tree"},"geometry":{"type":"Point","coordinates":[151.21367,-33.859258]}},{"type":"Feature","properties":{"k":"tree"},"geometry":{"type":"Point","coordinates":[151.213697,-33.859186]}},{"type":"Feature","properties":{"k":"tree"},"geometry":{"type":"Point","coordinates":[151.213286,-33.859588]}},{"type":"Feature","properties":{"k":"tree"},"geometry":{"type":"Point","coordinates":[151.213359,-33.85945]}},{"type":"Feature","properties":{"k":"tree"},"geometry":{"type":"Point","coordinates":[151.213368,-33.859396]}},{"type":"Feature","properties":{"k":"tree"},"geometry":{"type":"Point","coordinates":[151.203291,-33.884145]}},{"type":"Feature","properties":{"k":"tree"},"geometry":{"type":"Point","coordinates":[151.203258,-33.884095]}},{"type":"Feature","properties":{"k":"tree"},"geometry":{"type":"Point","coordinates":[151.197967,-33.873094]}},{"type":"Feature","properties":{"k":"tree"},"geometry":{"type":"Point","coordinates":[151.197958,-33.87321]}},{"type":"Feature","properties":{"k":"tree"},"geometry":{"type":"Point","coordinates":[151.197954,-33.873313]}},{"type":"Feature","properties":{"k":"tree"},"geometry":{"type":"Point","coordinates":[151.197961,-33.873466]}},{"type":"Feature","properties":{"k":"tree"},"geometry":{"type":"Point","coordinates":[151.198211,-33.873662]}},{"type":"Feature","properties":{"k":"tree"},"geometry":{"type":"Point","coordinates":[151.198329,-33.873675]}},{"type":"Feature","properties":{"k":"tree"},"geometry":{"type":"Point","coordinates":[151.198308,-33.873508]}},{"type":"Feature","properties":{"k":"tree"},"geometry":{"type":"Point","coordinates":[151.198288,-33.873368]}},{"type":"Feature","properties":{"k":"tree"},"geometry":{"type":"Point","coordinates":[151.198279,-33.87278]}},{"type":"Feature","properties":{"k":"tree"},"geometry":{"type":"Point","coordinates":[151.199285,-33.876247]}},{"type":"Feature","properties":{"k":"tree"},"geometry":{"type":"Point","coordinates":[151.199319,-33.876315]}},{"type":"Feature","properties":{"k":"tree"},"geometry":{"type":"Point","coordinates":[151.199354,-33.876386]}},{"type":"Feature","properties":{"k":"tree"},"geometry":{"type":"Point","coordinates":[151.19838,-33.874035]}},{"type":"Feature","properties":{"k":"tree"},"geometry":{"type":"Point","coordinates":[151.201197,-33.878944]}},{"type":"Feature","properties":{"k":"tree"},"geometry":{"type":"Point","coordinates":[151.196215,-33.859884]}},{"type":"Feature","properties":{"k":"tree"},"geometry":{"type":"Point","coordinates":[151.208432,-33.855302]}},{"type":"Feature","properties":{"k":"tree"},"geometry":{"type":"Point","coordinates":[151.206648,-33.857197]}},{"type":"Feature","properties":{"k":"tree"},"geometry":{"type":"Point","coordinates":[151.206205,-33.870991]}},{"type":"Feature","properties":{"k":"tree"},"geometry":{"type":"Point","coordinates":[151.208048,-33.855911]}},{"type":"Feature","properties":{"k":"tree"},"geometry":{"type":"Point","coordinates":[151.207966,-33.855995]}},{"type":"Feature","properties":{"k":"tree"},"geometry":{"type":"Point","coordinates":[151.207897,-33.856073]}},{"type":"Feature","properties":{"k":"tree"},"geometry":{"type":"Point","coordinates":[151.208208,-33.855759]}},{"type":"Feature","properties":{"k":"tree"},"geometry":{"type":"Point","coordinates":[151.208064,-33.85584]}},{"type":"Feature","properties":{"k":"tree"},"geometry":{"type":"Point","coordinates":[151.20799,-33.855909]}},{"type":"Feature","properties":{"k":"tree"},"geometry":{"type":"Point","coordinates":[151.207868,-33.855861]}},{"type":"Feature","properties":{"k":"tree"},"geometry":{"type":"Point","coordinates":[151.208054,-33.855683]}},{"type":"Feature","properties":{"k":"tree"},"geometry":{"type":"Point","coordinates":[151.208115,-33.855601]}},{"type":"Feature","properties":{"k":"tree"},"geometry":{"type":"Point","coordinates":[151.2084,-33.855394]}},{"type":"Feature","properties":{"k":"tree"},"geometry":{"type":"Point","coordinates":[151.206155,-33.859191]}},{"type":"Feature","properties":{"k":"tree"},"geometry":{"type":"Point","coordinates":[151.208461,-33.855196]}},{"type":"Feature","properties":{"k":"tree"},"geometry":{"type":"Point","coordinates":[151.208519,-33.854996]}},{"type":"Feature","properties":{"k":"tree"},"geometry":{"type":"Point","coordinates":[151.208559,-33.854894]}},{"type":"Feature","properties":{"k":"tree"},"geometry":{"type":"Point","coordinates":[151.208355,-33.854759]}},{"type":"Feature","properties":{"k":"tree"},"geometry":{"type":"Point","coordinates":[151.208393,-33.854623]}},{"type":"Feature","properties":{"k":"tree"},"geometry":{"type":"Point","coordinates":[151.209976,-33.854579]}},{"type":"Feature","properties":{"k":"tree"},"geometry":{"type":"Point","coordinates":[151.210006,-33.854665]}},{"type":"Feature","properties":{"k":"tree"},"geometry":{"type":"Point","coordinates":[151.210044,-33.854749]}},{"type":"Feature","properties":{"k":"tree"},"geometry":{"type":"Point","coordinates":[151.210084,-33.854836]}},{"type":"Feature","properties":{"k":"tree"},"geometry":{"type":"Point","coordinates":[151.206089,-33.858975]}},{"type":"Feature","properties":{"k":"tree"},"geometry":{"type":"Point","coordinates":[151.206537,-33.857458]}},{"type":"Feature","properties":{"k":"tree"},"geometry":{"type":"Point","coordinates":[151.20658,-33.857334]}},{"type":"Feature","properties":{"k":"tree"},"geometry":{"type":"Point","coordinates":[151.206454,-33.857675]}},{"type":"Feature","properties":{"k":"tree"},"geometry":{"type":"Point","coordinates":[151.206172,-33.858062]}},{"type":"Feature","properties":{"k":"tree"},"geometry":{"type":"Point","coordinates":[151.205863,-33.857962]}},{"type":"Feature","properties":{"k":"tree"},"geometry":{"type":"Point","coordinates":[151.205975,-33.857849]}},{"type":"Feature","properties":{"k":"tree"},"geometry":{"type":"Point","coordinates":[151.205656,-33.858205]}},{"type":"Feature","properties":{"k":"tree"},"geometry":{"type":"Point","coordinates":[151.203789,-33.86068]}},{"type":"Feature","properties":{"k":"tree"},"geometry":{"type":"Point","coordinates":[151.203766,-33.860789]}},{"type":"Feature","properties":{"k":"tree"},"geometry":{"type":"Point","coordinates":[151.204184,-33.860447]}},{"type":"Feature","properties":{"k":"tree"},"geometry":{"type":"Point","coordinates":[151.204327,-33.860054]}},{"type":"Feature","properties":{"k":"tree"},"geometry":{"type":"Point","coordinates":[151.205241,-33.859058]}},{"type":"Feature","properties":{"k":"tree"},"geometry":{"type":"Point","coordinates":[151.206419,-33.857491]}},{"type":"Feature","properties":{"k":"tree"},"geometry":{"type":"Point","coordinates":[151.205511,-33.87932]}},{"type":"Feature","properties":{"k":"tree"},"geometry":{"type":"Point","coordinates":[151.20547,-33.879465]}},{"type":"Feature","properties":{"k":"tree"},"geometry":{"type":"Point","coordinates":[151.205337,-33.879855]}},{"type":"Feature","properties":{"k":"tree"},"geometry":{"type":"Point","coordinates":[151.205264,-33.880034]}},{"type":"Feature","properties":{"k":"tree"},"geometry":{"type":"Point","coordinates":[151.205238,-33.880089]}},{"type":"Feature","properties":{"k":"tree"},"geometry":{"type":"Point","coordinates":[151.205057,-33.879997]}},{"type":"Feature","properties":{"k":"tree"},"geometry":{"type":"Point","coordinates":[151.205212,-33.880161]}},{"type":"Feature","properties":{"k":"tree"},"geometry":{"type":"Point","coordinates":[151.205179,-33.880241]}},{"type":"Feature","properties":{"k":"tree"},"geometry":{"type":"Point","coordinates":[151.203942,-33.880167]}},{"type":"Feature","properties":{"k":"tree"},"geometry":{"type":"Point","coordinates":[151.204369,-33.880217]}},{"type":"Feature","properties":{"k":"tree"},"geometry":{"type":"Point","coordinates":[151.204509,-33.880349]}},{"type":"Feature","properties":{"k":"tree"},"geometry":{"type":"Point","coordinates":[151.204341,-33.88031]}},{"type":"Feature","properties":{"k":"tree"},"geometry":{"type":"Point","coordinates":[151.204427,-33.880332]}},{"type":"Feature","properties":{"k":"tree"},"geometry":{"type":"Point","coordinates":[151.204633,-33.880379]}},{"type":"Feature","properties":{"k":"tree"},"geometry":{"type":"Point","coordinates":[151.204716,-33.880397]}},{"type":"Feature","properties":{"k":"tree"},"geometry":{"type":"Point","coordinates":[151.205037,-33.88066]}},{"type":"Feature","properties":{"k":"tree"},"geometry":{"type":"Point","coordinates":[151.205063,-33.880583]}},{"type":"Feature","properties":{"k":"tree"},"geometry":{"type":"Point","coordinates":[151.205024,-33.880716]}},{"type":"Feature","properties":{"k":"tree"},"geometry":{"type":"Point","coordinates":[151.204849,-33.880588]}},{"type":"Feature","properties":{"k":"tree"},"geometry":{"type":"Point","coordinates":[151.204825,-33.880668]}},{"type":"Feature","properties":{"k":"tree"},"geometry":{"type":"Point","coordinates":[151.204769,-33.880844]}},{"type":"Feature","properties":{"k":"tree"},"geometry":{"type":"Point","coordinates":[151.205485,-33.878428]}},{"type":"Feature","properties":{"k":"tree"},"geometry":{"type":"Point","coordinates":[151.205815,-33.877301]}},{"type":"Feature","properties":{"k":"tree"},"geometry":{"type":"Point","coordinates":[151.205957,-33.877329]}},{"type":"Feature","properties":{"k":"tree"},"geometry":{"type":"Point","coordinates":[151.205936,-33.877395]}},{"type":"Feature","properties":{"k":"tree"},"geometry":{"type":"Point","coordinates":[151.205881,-33.877569]}},{"type":"Feature","properties":{"k":"tree"},"geometry":{"type":"Point","coordinates":[151.205737,-33.877541]}},{"type":"Feature","properties":{"k":"tree"},"geometry":{"type":"Point","coordinates":[151.205765,-33.877454]}},{"type":"Feature","properties":{"k":"tree"},"geometry":{"type":"Point","coordinates":[151.205792,-33.877373]}},{"type":"Feature","properties":{"k":"tree"},"geometry":{"type":"Point","coordinates":[151.205913,-33.876998]}},{"type":"Feature","properties":{"k":"tree"},"geometry":{"type":"Point","coordinates":[151.206052,-33.877027]}},{"type":"Feature","properties":{"k":"tree"},"geometry":{"type":"Point","coordinates":[151.206078,-33.876947]}},{"type":"Feature","properties":{"k":"tree"},"geometry":{"type":"Point","coordinates":[151.206148,-33.876722]}},{"type":"Feature","properties":{"k":"tree"},"geometry":{"type":"Point","coordinates":[151.206119,-33.876816]}},{"type":"Feature","properties":{"k":"tree"},"geometry":{"type":"Point","coordinates":[151.206102,-33.87687]}},{"type":"Feature","properties":{"k":"tree"},"geometry":{"type":"Point","coordinates":[151.205941,-33.876913]}},{"type":"Feature","properties":{"k":"tree"},"geometry":{"type":"Point","coordinates":[151.205965,-33.876839]}},{"type":"Feature","properties":{"k":"tree"},"geometry":{"type":"Point","coordinates":[151.205982,-33.876788]}},{"type":"Feature","properties":{"k":"tree"},"geometry":{"type":"Point","coordinates":[151.206013,-33.876692]}},{"type":"Feature","properties":{"k":"tree"},"geometry":{"type":"Point","coordinates":[151.204852,-33.858329]}},{"type":"Feature","properties":{"k":"tree"},"geometry":{"type":"Point","coordinates":[151.209826,-33.854968]}},{"type":"Feature","properties":{"k":"tree"},"geometry":{"type":"Point","coordinates":[151.209757,-33.854886]}},{"type":"Feature","properties":{"k":"tree"},"geometry":{"type":"Point","coordinates":[151.209702,-33.854811]}},{"type":"Feature","properties":{"k":"tree"},"geometry":{"type":"Point","coordinates":[151.203654,-33.860789]}},{"type":"Feature","properties":{"k":"tree"},"geometry":{"type":"Point","coordinates":[151.202791,-33.875813]}},{"type":"Feature","properties":{"k":"tree"},"geometry":{"type":"Point","coordinates":[151.20262,-33.875777]}},{"type":"Feature","properties":{"k":"tree"},"geometry":{"type":"Point","coordinates":[151.217509,-33.868198]}},{"type":"Feature","properties":{"k":"tree"},"geometry":{"type":"Point","coordinates":[151.2159,-33.864293]}},{"type":"Feature","properties":{"k":"tree"},"geometry":{"type":"Point","coordinates":[151.219938,-33.891368]}},{"type":"Feature","properties":{"k":"tree"},"geometry":{"type":"Point","coordinates":[151.219862,-33.891382]}},{"type":"Feature","properties":{"k":"tree"},"geometry":{"type":"Point","coordinates":[151.219844,-33.891435]}},{"type":"Feature","properties":{"k":"tree"},"geometry":{"type":"Point","coordinates":[151.219792,-33.891449]}},{"type":"Feature","properties":{"k":"tree"},"geometry":{"type":"Point","coordinates":[151.219764,-33.891493]}},{"type":"Feature","properties":{"k":"tree"},"geometry":{"type":"Point","coordinates":[151.219704,-33.89166]}},{"type":"Feature","properties":{"k":"tree"},"geometry":{"type":"Point","coordinates":[151.219583,-33.891686]}},{"type":"Feature","properties":{"k":"tree"},"geometry":{"type":"Point","coordinates":[151.217794,-33.890968]}},{"type":"Feature","properties":{"k":"tree"},"geometry":{"type":"Point","coordinates":[151.217506,-33.891193]}},{"type":"Feature","properties":{"k":"tree"},"geometry":{"type":"Point","coordinates":[151.219769,-33.889597]}},{"type":"Feature","properties":{"k":"tree"},"geometry":{"type":"Point","coordinates":[151.219666,-33.88938]}},{"type":"Feature","properties":{"k":"tree"},"geometry":{"type":"Point","coordinates":[151.219609,-33.889187]}},{"type":"Feature","properties":{"k":"tree"},"geometry":{"type":"Point","coordinates":[151.21953,-33.88897]}},{"type":"Feature","properties":{"k":"tree"},"geometry":{"type":"Point","coordinates":[151.219272,-33.888336]}},{"type":"Feature","properties":{"k":"tree"},"geometry":{"type":"Point","coordinates":[151.219487,-33.886177]}},{"type":"Feature","properties":{"k":"tree"},"geometry":{"type":"Point","coordinates":[151.219325,-33.886189]}},{"type":"Feature","properties":{"k":"tree"},"geometry":{"type":"Point","coordinates":[151.219232,-33.88602]}},{"type":"Feature","properties":{"k":"tree"},"geometry":{"type":"Point","coordinates":[151.219666,-33.886206]}},{"type":"Feature","properties":{"k":"tree"},"geometry":{"type":"Point","coordinates":[151.219044,-33.886205]}},{"type":"Feature","properties":{"k":"tree"},"geometry":{"type":"Point","coordinates":[151.218999,-33.886113]}},{"type":"Feature","properties":{"k":"tree"},"geometry":{"type":"Point","coordinates":[151.219119,-33.88607]}},{"type":"Feature","properties":{"k":"tree"},"geometry":{"type":"Point","coordinates":[151.21917,-33.886142]}},{"type":"Feature","properties":{"k":"tree"},"geometry":{"type":"Point","coordinates":[151.219226,-33.88584]}},{"type":"Feature","properties":{"k":"tree"},"geometry":{"type":"Point","coordinates":[151.2194,-33.885859]}},{"type":"Feature","properties":{"k":"tree"},"geometry":{"type":"Point","coordinates":[151.21942,-33.885684]}},{"type":"Feature","properties":{"k":"tree"},"geometry":{"type":"Point","coordinates":[151.219292,-33.885644]}},{"type":"Feature","properties":{"k":"tree"},"geometry":{"type":"Point","coordinates":[151.219458,-33.885627]}},{"type":"Feature","properties":{"k":"tree"},"geometry":{"type":"Point","coordinates":[151.219462,-33.885492]}},{"type":"Feature","properties":{"k":"tree"},"geometry":{"type":"Point","coordinates":[151.219499,-33.885309]}},{"type":"Feature","properties":{"k":"tree"},"geometry":{"type":"Point","coordinates":[151.219327,-33.885476]}},{"type":"Feature","properties":{"k":"tree"},"geometry":{"type":"Point","coordinates":[151.219338,-33.885422]}},{"type":"Feature","properties":{"k":"tree"},"geometry":{"type":"Point","coordinates":[151.21935,-33.885357]}},{"type":"Feature","properties":{"k":"tree"},"geometry":{"type":"Point","coordinates":[151.219358,-33.885251]}},{"type":"Feature","properties":{"k":"tree"},"geometry":{"type":"Point","coordinates":[151.219443,-33.885061]}},{"type":"Feature","properties":{"k":"tree"},"geometry":{"type":"Point","coordinates":[151.219478,-33.88491]}},{"type":"Feature","properties":{"k":"tree"},"geometry":{"type":"Point","coordinates":[151.219596,-33.884613]}},{"type":"Feature","properties":{"k":"tree"},"geometry":{"type":"Point","coordinates":[151.219505,-33.884722]}},{"type":"Feature","properties":{"k":"tree"},"geometry":{"type":"Point","coordinates":[151.219913,-33.885127]}},{"type":"Feature","properties":{"k":"tree"},"geometry":{"type":"Point","coordinates":[151.219834,-33.885388]}},{"type":"Feature","properties":{"k":"tree"},"geometry":{"type":"Point","coordinates":[151.219826,-33.885489]}},{"type":"Feature","properties":{"k":"tree"},"geometry":{"type":"Point","coordinates":[151.219809,-33.885566]}},{"type":"Feature","properties":{"k":"tree"},"geometry":{"type":"Point","coordinates":[151.219786,-33.885594]}},{"type":"Feature","properties":{"k":"tree"},"geometry":{"type":"Point","coordinates":[151.219741,-33.885695]}},{"type":"Feature","properties":{"k":"tree"},"geometry":{"type":"Point","coordinates":[151.219991,-33.885701]}},{"type":"Feature","properties":{"k":"tree"},"geometry":{"type":"Point","coordinates":[151.21995,-33.885801]}},{"type":"Feature","properties":{"k":"tree"},"geometry":{"type":"Point","coordinates":[151.219906,-33.885578]}},{"type":"Feature","properties":{"k":"tree"},"geometry":{"type":"Point","coordinates":[151.218802,-33.885123]}},{"type":"Feature","properties":{"k":"tree"},"geometry":{"type":"Point","coordinates":[151.218612,-33.884894]}},{"type":"Feature","properties":{"k":"tree"},"geometry":{"type":"Point","coordinates":[151.218703,-33.884875]}},{"type":"Feature","properties":{"k":"tree"},"geometry":{"type":"Point","coordinates":[151.21891,-33.884576]}},{"type":"Feature","properties":{"k":"tree"},"geometry":{"type":"Point","coordinates":[151.218647,-33.884664]}},{"type":"Feature","properties":{"k":"tree"},"geometry":{"type":"Point","coordinates":[151.218676,-33.884611]}},{"type":"Feature","properties":{"k":"tree"},"geometry":{"type":"Point","coordinates":[151.218536,-33.884738]}},{"type":"Feature","properties":{"k":"tree"},"geometry":{"type":"Point","coordinates":[151.218457,-33.884708]}},{"type":"Feature","properties":{"k":"tree"},"geometry":{"type":"Point","coordinates":[151.218356,-33.884635]}},{"type":"Feature","properties":{"k":"tree"},"geometry":{"type":"Point","coordinates":[151.218358,-33.884512]}},{"type":"Feature","properties":{"k":"tree"},"geometry":{"type":"Point","coordinates":[151.218234,-33.884455]}},{"type":"Feature","properties":{"k":"tree"},"geometry":{"type":"Point","coordinates":[151.218287,-33.884396]}},{"type":"Feature","properties":{"k":"tree"},"geometry":{"type":"Point","coordinates":[151.218296,-33.884306]}},{"type":"Feature","properties":{"k":"tree"},"geometry":{"type":"Point","coordinates":[151.218188,-33.884333]}},{"type":"Feature","properties":{"k":"tree"},"geometry":{"type":"Point","coordinates":[151.21841,-33.884376]}},{"type":"Feature","properties":{"k":"tree"},"geometry":{"type":"Point","coordinates":[151.218302,-33.884198]}},{"type":"Feature","properties":{"k":"tree"},"geometry":{"type":"Point","coordinates":[151.21847,-33.884201]}},{"type":"Feature","properties":{"k":"tree"},"geometry":{"type":"Point","coordinates":[151.218592,-33.884286]}},{"type":"Feature","properties":{"k":"tree"},"geometry":{"type":"Point","coordinates":[151.218412,-33.884233]}},{"type":"Feature","properties":{"k":"tree"},"geometry":{"type":"Point","coordinates":[151.218829,-33.88436]}},{"type":"Feature","properties":{"k":"tree"},"geometry":{"type":"Point","coordinates":[151.218854,-33.884277]}},{"type":"Feature","properties":{"k":"tree"},"geometry":{"type":"Point","coordinates":[151.21898,-33.88432]}},{"type":"Feature","properties":{"k":"tree"},"geometry":{"type":"Point","coordinates":[151.218986,-33.884408]}},{"type":"Feature","properties":{"k":"tree"},"geometry":{"type":"Point","coordinates":[151.219104,-33.884436]}},{"type":"Feature","properties":{"k":"tree"},"geometry":{"type":"Point","coordinates":[151.219121,-33.884318]}},{"type":"Feature","properties":{"k":"tree"},"geometry":{"type":"Point","coordinates":[151.219259,-33.884341]}},{"type":"Feature","properties":{"k":"tree"},"geometry":{"type":"Point","coordinates":[151.219209,-33.884436]}},{"type":"Feature","properties":{"k":"tree"},"geometry":{"type":"Point","coordinates":[151.2193,-33.88445]}},{"type":"Feature","properties":{"k":"tree"},"geometry":{"type":"Point","coordinates":[151.219361,-33.884465]}},{"type":"Feature","properties":{"k":"tree"},"geometry":{"type":"Point","coordinates":[151.219433,-33.884489]}},{"type":"Feature","properties":{"k":"tree"},"geometry":{"type":"Point","coordinates":[151.21934,-33.884343]}},{"type":"Feature","properties":{"k":"tree"},"geometry":{"type":"Point","coordinates":[151.219799,-33.884531]}},{"type":"Feature","properties":{"k":"tree"},"geometry":{"type":"Point","coordinates":[151.219943,-33.884544]}},{"type":"Feature","properties":{"k":"tree"},"geometry":{"type":"Point","coordinates":[151.219838,-33.884433]}},{"type":"Feature","properties":{"k":"tree"},"geometry":{"type":"Point","coordinates":[151.219987,-33.884462]}},{"type":"Feature","properties":{"k":"tree"},"geometry":{"type":"Point","coordinates":[151.218459,-33.884088]}},{"type":"Feature","properties":{"k":"tree"},"geometry":{"type":"Point","coordinates":[151.218343,-33.884058]}},{"type":"Feature","properties":{"k":"tree"},"geometry":{"type":"Point","coordinates":[151.218362,-33.883949]}},{"type":"Feature","properties":{"k":"tree"},"geometry":{"type":"Point","coordinates":[151.218484,-33.883965]}},{"type":"Feature","properties":{"k":"tree"},"geometry":{"type":"Point","coordinates":[151.218504,-33.883867]}},{"type":"Feature","properties":{"k":"tree"},"geometry":{"type":"Point","coordinates":[151.218382,-33.883851]}},{"type":"Feature","properties":{"k":"tree"},"geometry":{"type":"Point","coordinates":[151.218543,-33.883743]}},{"type":"Feature","properties":{"k":"tree"},"geometry":{"type":"Point","coordinates":[151.218421,-33.883727]}},{"type":"Feature","properties":{"k":"tree"},"geometry":{"type":"Point","coordinates":[151.218432,-33.883606]}},{"type":"Feature","properties":{"k":"tree"},"geometry":{"type":"Point","coordinates":[151.218391,-33.883789]}},{"type":"Feature","properties":{"k":"tree"},"geometry":{"type":"Point","coordinates":[151.218596,-33.88355]}},{"type":"Feature","properties":{"k":"tree"},"geometry":{"type":"Point","coordinates":[151.218606,-33.883405]}},{"type":"Feature","properties":{"k":"tree"},"geometry":{"type":"Point","coordinates":[151.218596,-33.88344]}},{"type":"Feature","properties":{"k":"tree"},"geometry":{"type":"Point","coordinates":[151.2186,-33.883489]}},{"type":"Feature","properties":{"k":"tree"},"geometry":{"type":"Point","coordinates":[151.218461,-33.883485]}},{"type":"Feature","properties":{"k":"tree"},"geometry":{"type":"Point","coordinates":[151.218465,-33.883379]}},{"type":"Feature","properties":{"k":"tree"},"geometry":{"type":"Point","coordinates":[151.218626,-33.883367]}},{"type":"Feature","properties":{"k":"tree"},"geometry":{"type":"Point","coordinates":[151.218515,-33.883312]}},{"type":"Feature","properties":{"k":"tree"},"geometry":{"type":"Point","coordinates":[151.218529,-33.883181]}},{"type":"Feature","properties":{"k":"tree"},"geometry":{"type":"Point","coordinates":[151.218535,-33.883095]}},{"type":"Feature","properties":{"k":"tree"},"geometry":{"type":"Point","coordinates":[151.218579,-33.882974]}},{"type":"Feature","properties":{"k":"tree"},"geometry":{"type":"Point","coordinates":[151.218616,-33.882865]}},{"type":"Feature","properties":{"k":"tree"},"geometry":{"type":"Point","coordinates":[151.218668,-33.882718]}},{"type":"Feature","properties":{"k":"tree"},"geometry":{"type":"Point","coordinates":[151.21881,-33.882809]}},{"type":"Feature","properties":{"k":"tree"},"geometry":{"type":"Point","coordinates":[151.218738,-33.882913]}},{"type":"Feature","properties":{"k":"tree"},"geometry":{"type":"Point","coordinates":[151.218711,-33.882998]}},{"type":"Feature","properties":{"k":"tree"},"geometry":{"type":"Point","coordinates":[151.218662,-33.883153]}},{"type":"Feature","properties":{"k":"tree"},"geometry":{"type":"Point","coordinates":[151.218883,-33.883177]}},{"type":"Feature","properties":{"k":"tree"},"geometry":{"type":"Point","coordinates":[151.219125,-33.883148]}},{"type":"Feature","properties":{"k":"tree"},"geometry":{"type":"Point","coordinates":[151.219106,-33.883239]}},{"type":"Feature","properties":{"k":"tree"},"geometry":{"type":"Point","coordinates":[151.219197,-33.8833]}},{"type":"Feature","properties":{"k":"tree"},"geometry":{"type":"Point","coordinates":[151.219412,-33.883259]}},{"type":"Feature","properties":{"k":"tree"},"geometry":{"type":"Point","coordinates":[151.219629,-33.883252]}},{"type":"Feature","properties":{"k":"tree"},"geometry":{"type":"Point","coordinates":[151.219559,-33.883355]}},{"type":"Feature","properties":{"k":"tree"},"geometry":{"type":"Point","coordinates":[151.219737,-33.883463]}},{"type":"Feature","properties":{"k":"tree"},"geometry":{"type":"Point","coordinates":[151.219731,-33.883379]}},{"type":"Feature","properties":{"k":"tree"},"geometry":{"type":"Point","coordinates":[151.219919,-33.883283]}},{"type":"Feature","properties":{"k":"tree"},"geometry":{"type":"Point","coordinates":[151.219789,-33.883238]}},{"type":"Feature","properties":{"k":"tree"},"geometry":{"type":"Point","coordinates":[151.21989,-33.883513]}},{"type":"Feature","properties":{"k":"tree"},"geometry":{"type":"Point","coordinates":[151.219853,-33.8836]}},{"type":"Feature","properties":{"k":"tree"},"geometry":{"type":"Point","coordinates":[151.219679,-33.883609]}},{"type":"Feature","properties":{"k":"tree"},"geometry":{"type":"Point","coordinates":[151.219644,-33.88373]}},{"type":"Feature","properties":{"k":"tree"},"geometry":{"type":"Point","coordinates":[151.219866,-33.883817]}},{"type":"Feature","properties":{"k":"tree"},"geometry":{"type":"Point","coordinates":[151.21959,-33.883928]}},{"type":"Feature","properties":{"k":"tree"},"geometry":{"type":"Point","coordinates":[151.219816,-33.883965]}},{"type":"Feature","properties":{"k":"tree"},"geometry":{"type":"Point","coordinates":[151.219665,-33.884169]}},{"type":"Feature","properties":{"k":"tree"},"geometry":{"type":"Point","coordinates":[151.219605,-33.88432]}},{"type":"Feature","properties":{"k":"tree"},"geometry":{"type":"Point","coordinates":[151.219489,-33.884389]}},{"type":"Feature","properties":{"k":"tree"},"geometry":{"type":"Point","coordinates":[151.219167,-33.883656]}},{"type":"Feature","properties":{"k":"tree"},"geometry":{"type":"Point","coordinates":[151.218956,-33.883495]}},{"type":"Feature","properties":{"k":"tree"},"geometry":{"type":"Point","coordinates":[151.218968,-33.883399]}},{"type":"Feature","properties":{"k":"tree"},"geometry":{"type":"Point","coordinates":[151.218915,-33.883851]}},{"type":"Feature","properties":{"k":"tree"},"geometry":{"type":"Point","coordinates":[151.218902,-33.883804]}},{"type":"Feature","properties":{"k":"tree"},"geometry":{"type":"Point","coordinates":[151.218958,-33.883812]}},{"type":"Feature","properties":{"k":"tree"},"geometry":{"type":"Point","coordinates":[151.219032,-33.883814]}},{"type":"Feature","properties":{"k":"tree"},"geometry":{"type":"Point","coordinates":[151.219233,-33.883879]}},{"type":"Feature","properties":{"k":"tree"},"geometry":{"type":"Point","coordinates":[151.219311,-33.883791]}},{"type":"Feature","properties":{"k":"tree"},"geometry":{"type":"Point","coordinates":[151.218766,-33.883764]}},{"type":"Feature","properties":{"k":"tree"},"geometry":{"type":"Point","coordinates":[151.218745,-33.883822]}},{"type":"Feature","properties":{"k":"tree"},"geometry":{"type":"Point","coordinates":[151.218886,-33.883609]}},{"type":"Feature","properties":{"k":"tree"},"geometry":{"type":"Point","coordinates":[151.218354,-33.883112]}},{"type":"Feature","properties":{"k":"tree"},"geometry":{"type":"Point","coordinates":[151.218325,-33.882958]}},{"type":"Feature","properties":{"k":"tree"},"geometry":{"type":"Point","coordinates":[151.218235,-33.882928]}},{"type":"Feature","properties":{"k":"tree"},"geometry":{"type":"Point","coordinates":[151.218152,-33.882871]}},{"type":"Feature","properties":{"k":"tree"},"geometry":{"type":"Point","coordinates":[151.218168,-33.883133]}},{"type":"Feature","properties":{"k":"tree"},"geometry":{"type":"Point","coordinates":[151.218164,-33.883727]}},{"type":"Feature","properties":{"k":"tree"},"geometry":{"type":"Point","coordinates":[151.218055,-33.883777]}},{"type":"Feature","properties":{"k":"tree"},"geometry":{"type":"Point","coordinates":[151.218003,-33.883854]}},{"type":"Feature","properties":{"k":"tree"},"geometry":{"type":"Point","coordinates":[151.217718,-33.883867]}},{"type":"Feature","properties":{"k":"tree"},"geometry":{"type":"Point","coordinates":[151.217668,-33.883765]}},{"type":"Feature","properties":{"k":"tree"},"geometry":{"type":"Point","coordinates":[151.217645,-33.883527]}},{"type":"Feature","properties":{"k":"tree"},"geometry":{"type":"Point","coordinates":[151.217534,-33.882998]}},{"type":"Feature","properties":{"k":"tree"},"geometry":{"type":"Point","coordinates":[151.217492,-33.882903]}},{"type":"Feature","properties":{"k":"tree"},"geometry":{"type":"Point","coordinates":[151.217993,-33.883072]}},{"type":"Feature","properties":{"k":"tree"},"geometry":{"type":"Point","coordinates":[151.218069,-33.883164]}},{"type":"Feature","properties":{"k":"tree"},"geometry":{"type":"Point","coordinates":[151.218088,-33.883296]}},{"type":"Feature","properties":{"k":"tree"},"geometry":{"type":"Point","coordinates":[151.217964,-33.88321]}},{"type":"Feature","properties":{"k":"tree"},"geometry":{"type":"Point","coordinates":[151.217986,-33.883]}},{"type":"Feature","properties":{"k":"tree"},"geometry":{"type":"Point","coordinates":[151.217984,-33.88296]}},{"type":"Feature","properties":{"k":"tree"},"geometry":{"type":"Point","coordinates":[151.217891,-33.882976]}},{"type":"Feature","properties":{"k":"tree"},"geometry":{"type":"Point","coordinates":[151.217887,-33.882924]}},{"type":"Feature","properties":{"k":"tree"},"geometry":{"type":"Point","coordinates":[151.217906,-33.883053]}},{"type":"Feature","properties":{"k":"tree"},"geometry":{"type":"Point","coordinates":[151.217858,-33.882701]}},{"type":"Feature","properties":{"k":"tree"},"geometry":{"type":"Point","coordinates":[151.21792,-33.882704]}},{"type":"Feature","properties":{"k":"tree"},"geometry":{"type":"Point","coordinates":[151.217914,-33.882667]}},{"type":"Feature","properties":{"k":"tree"},"geometry":{"type":"Point","coordinates":[151.217895,-33.882628]}},{"type":"Feature","properties":{"k":"tree"},"geometry":{"type":"Point","coordinates":[151.217887,-33.882511]}},{"type":"Feature","properties":{"k":"tree"},"geometry":{"type":"Point","coordinates":[151.217848,-33.882474]}},{"type":"Feature","properties":{"k":"tree"},"geometry":{"type":"Point","coordinates":[151.217856,-33.882432]}},{"type":"Feature","properties":{"k":"tree"},"geometry":{"type":"Point","coordinates":[151.217869,-33.882381]}},{"type":"Feature","properties":{"k":"tree"},"geometry":{"type":"Point","coordinates":[151.217854,-33.882307]}},{"type":"Feature","properties":{"k":"tree"},"geometry":{"type":"Point","coordinates":[151.218067,-33.882292]}},{"type":"Feature","properties":{"k":"tree"},"geometry":{"type":"Point","coordinates":[151.218015,-33.882262]}},{"type":"Feature","properties":{"k":"tree"},"geometry":{"type":"Point","coordinates":[151.218199,-33.882429]}},{"type":"Feature","properties":{"k":"tree"},"geometry":{"type":"Point","coordinates":[151.218135,-33.882422]}},{"type":"Feature","properties":{"k":"tree"},"geometry":{"type":"Point","coordinates":[151.218359,-33.882323]}},{"type":"Feature","properties":{"k":"tree"},"geometry":{"type":"Point","coordinates":[151.218319,-33.882241]}},{"type":"Feature","properties":{"k":"tree"},"geometry":{"type":"Point","coordinates":[151.21817,-33.882228]}},{"type":"Feature","properties":{"k":"tree"},"geometry":{"type":"Point","coordinates":[151.218108,-33.882209]}},{"type":"Feature","properties":{"k":"tree"},"geometry":{"type":"Point","coordinates":[151.21809,-33.882186]}},{"type":"Feature","properties":{"k":"tree"},"geometry":{"type":"Point","coordinates":[151.218753,-33.882242]}},{"type":"Feature","properties":{"k":"tree"},"geometry":{"type":"Point","coordinates":[151.218516,-33.882479]}},{"type":"Feature","properties":{"k":"tree"},"geometry":{"type":"Point","coordinates":[151.218381,-33.882575]}},{"type":"Feature","properties":{"k":"tree"},"geometry":{"type":"Point","coordinates":[151.218348,-33.882694]}},{"type":"Feature","properties":{"k":"tree"},"geometry":{"type":"Point","coordinates":[151.217455,-33.882724]}},{"type":"Feature","properties":{"k":"tree"},"geometry":{"type":"Point","coordinates":[151.217459,-33.882577]}},{"type":"Feature","properties":{"k":"tree"},"geometry":{"type":"Point","coordinates":[151.217416,-33.882446]}},{"type":"Feature","properties":{"k":"tree"},"geometry":{"type":"Point","coordinates":[151.217377,-33.882336]}},{"type":"Feature","properties":{"k":"tree"},"geometry":{"type":"Point","coordinates":[151.216915,-33.882576]}},{"type":"Feature","properties":{"k":"tree"},"geometry":{"type":"Point","coordinates":[151.216818,-33.882565]}},{"type":"Feature","properties":{"k":"tree"},"geometry":{"type":"Point","coordinates":[151.21707,-33.882529]}},{"type":"Feature","properties":{"k":"tree"},"geometry":{"type":"Point","coordinates":[151.21688,-33.883412]}},{"type":"Feature","properties":{"k":"tree"},"geometry":{"type":"Point","coordinates":[151.217811,-33.882105]}},{"type":"Feature","properties":{"k":"tree"},"geometry":{"type":"Point","coordinates":[151.217774,-33.882048]}},{"type":"Feature","properties":{"k":"tree"},"geometry":{"type":"Point","coordinates":[151.217708,-33.881957]}},{"type":"Feature","properties":{"k":"tree"},"geometry":{"type":"Point","coordinates":[151.217703,-33.881925]}},{"type":"Feature","properties":{"k":"tree"},"geometry":{"type":"Point","coordinates":[151.217676,-33.881853]}},{"type":"Feature","properties":{"k":"tree"},"geometry":{"type":"Point","coordinates":[151.21772,-33.881802]}},{"type":"Feature","properties":{"k":"tree"},"geometry":{"type":"Point","coordinates":[151.217679,-33.881767]}},{"type":"Feature","properties":{"k":"tree"},"geometry":{"type":"Point","coordinates":[151.21761,-33.88174]}},{"type":"Feature","properties":{"k":"tree"},"geometry":{"type":"Point","coordinates":[151.217536,-33.881712]}},{"type":"Feature","properties":{"k":"tree"},"geometry":{"type":"Point","coordinates":[151.217868,-33.881842]}},{"type":"Feature","properties":{"k":"tree"},"geometry":{"type":"Point","coordinates":[151.21795,-33.881898]}},{"type":"Feature","properties":{"k":"tree"},"geometry":{"type":"Point","coordinates":[151.217983,-33.881913]}},{"type":"Feature","properties":{"k":"tree"},"geometry":{"type":"Point","coordinates":[151.218037,-33.881923]}},{"type":"Feature","properties":{"k":"tree"},"geometry":{"type":"Point","coordinates":[151.218104,-33.881945]}},{"type":"Feature","properties":{"k":"tree"},"geometry":{"type":"Point","coordinates":[151.218203,-33.881984]}},{"type":"Feature","properties":{"k":"tree"},"geometry":{"type":"Point","coordinates":[151.21824,-33.882013]}},{"type":"Feature","properties":{"k":"tree"},"geometry":{"type":"Point","coordinates":[151.218276,-33.882004]}},{"type":"Feature","properties":{"k":"tree"},"geometry":{"type":"Point","coordinates":[151.218388,-33.882073]}},{"type":"Feature","properties":{"k":"tree"},"geometry":{"type":"Point","coordinates":[151.218451,-33.882093]}},{"type":"Feature","properties":{"k":"tree"},"geometry":{"type":"Point","coordinates":[151.218601,-33.882125]}},{"type":"Feature","properties":{"k":"tree"},"geometry":{"type":"Point","coordinates":[151.218593,-33.882167]}},{"type":"Feature","properties":{"k":"tree"},"geometry":{"type":"Point","coordinates":[151.218667,-33.881985]}},{"type":"Feature","properties":{"k":"tree"},"geometry":{"type":"Point","coordinates":[151.218744,-33.881973]}},{"type":"Feature","properties":{"k":"tree"},"geometry":{"type":"Point","coordinates":[151.218956,-33.881999]}},{"type":"Feature","properties":{"k":"tree"},"geometry":{"type":"Point","coordinates":[151.21893,-33.882105]}},{"type":"Feature","properties":{"k":"tree"},"geometry":{"type":"Point","coordinates":[151.218888,-33.882175]}},{"type":"Feature","properties":{"k":"tree"},"geometry":{"type":"Point","coordinates":[151.218982,-33.882242]}},{"type":"Feature","properties":{"k":"tree"},"geometry":{"type":"Point","coordinates":[151.219037,-33.882061]}},{"type":"Feature","properties":{"k":"tree"},"geometry":{"type":"Point","coordinates":[151.219068,-33.881934]}},{"type":"Feature","properties":{"k":"tree"},"geometry":{"type":"Point","coordinates":[151.218962,-33.881932]}},{"type":"Feature","properties":{"k":"tree"},"geometry":{"type":"Point","coordinates":[151.217919,-33.881717]}},{"type":"Feature","properties":{"k":"tree"},"geometry":{"type":"Point","coordinates":[151.217871,-33.881702]}},{"type":"Feature","properties":{"k":"tree"},"geometry":{"type":"Point","coordinates":[151.217765,-33.881642]}},{"type":"Feature","properties":{"k":"tree"},"geometry":{"type":"Point","coordinates":[151.217339,-33.881906]}},{"type":"Feature","properties":{"k":"tree"},"geometry":{"type":"Point","coordinates":[151.21732,-33.88198]}},{"type":"Feature","properties":{"k":"tree"},"geometry":{"type":"Point","coordinates":[151.217048,-33.881807]}},{"type":"Feature","properties":{"k":"tree"},"geometry":{"type":"Point","coordinates":[151.217009,-33.881491]}},{"type":"Feature","properties":{"k":"tree"},"geometry":{"type":"Point","coordinates":[151.216978,-33.881317]}},{"type":"Feature","properties":{"k":"tree"},"geometry":{"type":"Point","coordinates":[151.216953,-33.881204]}},{"type":"Feature","properties":{"k":"tree"},"geometry":{"type":"Point","coordinates":[151.216936,-33.881118]}},{"type":"Feature","properties":{"k":"tree"},"geometry":{"type":"Point","coordinates":[151.21717,-33.881263]}},{"type":"Feature","properties":{"k":"tree"},"geometry":{"type":"Point","coordinates":[151.217161,-33.881172]}},{"type":"Feature","properties":{"k":"tree"},"geometry":{"type":"Point","coordinates":[151.217694,-33.881417]}},{"type":"Feature","properties":{"k":"tree"},"geometry":{"type":"Point","coordinates":[151.217769,-33.881462]}},{"type":"Feature","properties":{"k":"tree"},"geometry":{"type":"Point","coordinates":[151.217129,-33.881095]}},{"type":"Feature","properties":{"k":"tree"},"geometry":{"type":"Point","coordinates":[151.217374,-33.88093]}},{"type":"Feature","properties":{"k":"tree"},"geometry":{"type":"Point","coordinates":[151.217513,-33.880986]}},{"type":"Feature","properties":{"k":"tree"},"geometry":{"type":"Point","coordinates":[151.217633,-33.88103]}},{"type":"Feature","properties":{"k":"tree"},"geometry":{"type":"Point","coordinates":[151.21772,-33.881084]}},{"type":"Feature","properties":{"k":"tree"},"geometry":{"type":"Point","coordinates":[151.218193,-33.880906]}},{"type":"Feature","properties":{"k":"tree"},"geometry":{"type":"Point","coordinates":[151.218086,-33.880865]}},{"type":"Feature","properties":{"k":"tree"},"geometry":{"type":"Point","coordinates":[151.2179,-33.880931]}},{"type":"Feature","properties":{"k":"tree"},"geometry":{"type":"Point","coordinates":[151.217249,-33.880588]}},{"type":"Feature","properties":{"k":"tree"},"geometry":{"type":"Point","coordinates":[151.217397,-33.880724]}},{"type":"Feature","properties":{"k":"tree"},"geometry":{"type":"Point","coordinates":[151.217096,-33.880336]}},{"type":"Feature","properties":{"k":"tree"},"geometry":{"type":"Point","coordinates":[151.217141,-33.880218]}},{"type":"Feature","properties":{"k":"tree"},"geometry":{"type":"Point","coordinates":[151.216898,-33.880228]}},{"type":"Feature","properties":{"k":"tree"},"geometry":{"type":"Point","coordinates":[151.216879,-33.88031]}},{"type":"Feature","properties":{"k":"tree"},"geometry":{"type":"Point","coordinates":[151.217241,-33.880206]}},{"type":"Feature","properties":{"k":"tree"},"geometry":{"type":"Point","coordinates":[151.217262,-33.880171]}},{"type":"Feature","properties":{"k":"tree"},"geometry":{"type":"Point","coordinates":[151.21727,-33.880136]}},{"type":"Feature","properties":{"k":"tree"},"geometry":{"type":"Point","coordinates":[151.217439,-33.880285]}},{"type":"Feature","properties":{"k":"tree"},"geometry":{"type":"Point","coordinates":[151.217527,-33.880082]}},{"type":"Feature","properties":{"k":"tree"},"geometry":{"type":"Point","coordinates":[151.217365,-33.880142]}},{"type":"Feature","properties":{"k":"tree"},"geometry":{"type":"Point","coordinates":[151.217268,-33.880341]}},{"type":"Feature","properties":{"k":"tree"},"geometry":{"type":"Point","coordinates":[151.217299,-33.879797]}},{"type":"Feature","properties":{"k":"tree"},"geometry":{"type":"Point","coordinates":[151.217427,-33.879709]}},{"type":"Feature","properties":{"k":"tree"},"geometry":{"type":"Point","coordinates":[151.217557,-33.879595]}},{"type":"Feature","properties":{"k":"tree"},"geometry":{"type":"Point","coordinates":[151.217643,-33.879502]}},{"type":"Feature","properties":{"k":"tree"},"geometry":{"type":"Point","coordinates":[151.21771,-33.879411]}},{"type":"Feature","properties":{"k":"tree"},"geometry":{"type":"Point","coordinates":[151.217835,-33.87932]}},{"type":"Feature","properties":{"k":"tree"},"geometry":{"type":"Point","coordinates":[151.217888,-33.87925]}},{"type":"Feature","properties":{"k":"tree"},"geometry":{"type":"Point","coordinates":[151.217998,-33.879194]}},{"type":"Feature","properties":{"k":"tree"},"geometry":{"type":"Point","coordinates":[151.218149,-33.879105]}},{"type":"Feature","properties":{"k":"tree"},"geometry":{"type":"Point","coordinates":[151.218185,-33.879172]}},{"type":"Feature","properties":{"k":"tree"},"geometry":{"type":"Point","coordinates":[151.218338,-33.879064]}},{"type":"Feature","properties":{"k":"tree"},"geometry":{"type":"Point","coordinates":[151.218019,-33.879559]}},{"type":"Feature","properties":{"k":"tree"},"geometry":{"type":"Point","coordinates":[151.217909,-33.879664]}},{"type":"Feature","properties":{"k":"tree"},"geometry":{"type":"Point","coordinates":[151.200504,-33.876417]}},{"type":"Feature","properties":{"k":"tree"},"geometry":{"type":"Point","coordinates":[151.200453,-33.87649]}},{"type":"Feature","properties":{"k":"tree"},"geometry":{"type":"Point","coordinates":[151.200204,-33.876478]}},{"type":"Feature","properties":{"k":"tree"},"geometry":{"type":"Point","coordinates":[151.20024,-33.876494]}},{"type":"Feature","properties":{"k":"tree"},"geometry":{"type":"Point","coordinates":[151.200255,-33.876475]}},{"type":"Feature","properties":{"k":"tree"},"geometry":{"type":"Point","coordinates":[151.20022,-33.876535]}},{"type":"Feature","properties":{"k":"tree"},"geometry":{"type":"Point","coordinates":[151.200089,-33.8765]}},{"type":"Feature","properties":{"k":"tree"},"geometry":{"type":"Point","coordinates":[151.200109,-33.876589]}},{"type":"Feature","properties":{"k":"tree"},"geometry":{"type":"Point","coordinates":[151.200001,-33.876578]}},{"type":"Feature","properties":{"k":"tree"},"geometry":{"type":"Point","coordinates":[151.199913,-33.876557]}},{"type":"Feature","properties":{"k":"tree"},"geometry":{"type":"Point","coordinates":[151.19989,-33.876547]}},{"type":"Feature","properties":{"k":"tree"},"geometry":{"type":"Point","coordinates":[151.1999,-33.876524]}},{"type":"Feature","properties":{"k":"tree"},"geometry":{"type":"Point","coordinates":[151.199858,-33.876529]}},{"type":"Feature","properties":{"k":"tree"},"geometry":{"type":"Point","coordinates":[151.199823,-33.876534]}},{"type":"Feature","properties":{"k":"tree"},"geometry":{"type":"Point","coordinates":[151.199851,-33.876617]}},{"type":"Feature","properties":{"k":"tree"},"geometry":{"type":"Point","coordinates":[151.199822,-33.876622]}},{"type":"Feature","properties":{"k":"tree"},"geometry":{"type":"Point","coordinates":[151.199714,-33.876573]}},{"type":"Feature","properties":{"k":"tree"},"geometry":{"type":"Point","coordinates":[151.199686,-33.876573]}},{"type":"Feature","properties":{"k":"tree"},"geometry":{"type":"Point","coordinates":[151.199636,-33.876573]}},{"type":"Feature","properties":{"k":"tree"},"geometry":{"type":"Point","coordinates":[151.201948,-33.881367]}},{"type":"Feature","properties":{"k":"tree"},"geometry":{"type":"Point","coordinates":[151.201986,-33.881441]}},{"type":"Feature","properties":{"k":"tree"},"geometry":{"type":"Point","coordinates":[151.202021,-33.881509]}},{"type":"Feature","properties":{"k":"tree"},"geometry":{"type":"Point","coordinates":[151.20206,-33.881585]}},{"type":"Feature","properties":{"k":"tree"},"geometry":{"type":"Point","coordinates":[151.202098,-33.881657]}},{"type":"Feature","properties":{"k":"tree"},"geometry":{"type":"Point","coordinates":[151.202137,-33.881732]}},{"type":"Feature","properties":{"k":"tree"},"geometry":{"type":"Point","coordinates":[151.202045,-33.881762]}},{"type":"Feature","properties":{"k":"tree"},"geometry":{"type":"Point","coordinates":[151.202008,-33.881686]}},{"type":"Feature","properties":{"k":"tree"},"geometry":{"type":"Point","coordinates":[151.201972,-33.881613]}},{"type":"Feature","properties":{"k":"tree"},"geometry":{"type":"Point","coordinates":[151.201935,-33.881537]}},{"type":"Feature","properties":{"k":"tree"},"geometry":{"type":"Point","coordinates":[151.201901,-33.881468]}},{"type":"Feature","properties":{"k":"tree"},"geometry":{"type":"Point","coordinates":[151.201865,-33.881394]}},{"type":"Feature","properties":{"k":"tree"},"geometry":{"type":"Point","coordinates":[151.202221,-33.882216]}},{"type":"Feature","properties":{"k":"tree"},"geometry":{"type":"Point","coordinates":[151.202152,-33.882075]}},{"type":"Feature","properties":{"k":"tree"},"geometry":{"type":"Point","coordinates":[151.202114,-33.882002]}},{"type":"Feature","properties":{"k":"tree"},"geometry":{"type":"Point","coordinates":[151.202075,-33.881926]}},{"type":"Feature","properties":{"k":"tree"},"geometry":{"type":"Point","coordinates":[151.20204,-33.881858]}},{"type":"Feature","properties":{"k":"tree"},"geometry":{"type":"Point","coordinates":[151.202001,-33.881784]}},{"type":"Feature","properties":{"k":"tree"},"geometry":{"type":"Point","coordinates":[151.202481,-33.882404]}},{"type":"Feature","properties":{"k":"tree"},"geometry":{"type":"Point","coordinates":[151.202442,-33.882329]}},{"type":"Feature","properties":{"k":"tree"},"geometry":{"type":"Point","coordinates":[151.202404,-33.882257]}},{"type":"Feature","properties":{"k":"tree"},"geometry":{"type":"Point","coordinates":[151.202365,-33.882181]}},{"type":"Feature","properties":{"k":"tree"},"geometry":{"type":"Point","coordinates":[151.20233,-33.882113]}},{"type":"Feature","properties":{"k":"tree"},"geometry":{"type":"Point","coordinates":[151.202292,-33.882039]}},{"type":"Feature","properties":{"k":"tree"},"geometry":{"type":"Point","coordinates":[151.202449,-33.882663]}},{"type":"Feature","properties":{"k":"tree"},"geometry":{"type":"Point","coordinates":[151.202411,-33.882591]}},{"type":"Feature","properties":{"k":"tree"},"geometry":{"type":"Point","coordinates":[151.202373,-33.882519]}},{"type":"Feature","properties":{"k":"tree"},"geometry":{"type":"Point","coordinates":[151.202334,-33.882443]}},{"type":"Feature","properties":{"k":"tree"},"geometry":{"type":"Point","coordinates":[151.202299,-33.882375]}},{"type":"Feature","properties":{"k":"tree"},"geometry":{"type":"Point","coordinates":[151.20226,-33.882301]}},{"type":"Feature","properties":{"k":"tree"},"geometry":{"type":"Point","coordinates":[151.202486,-33.882756]}},{"type":"Feature","properties":{"k":"tree"},"geometry":{"type":"Point","coordinates":[151.202563,-33.882562]}},{"type":"Feature","properties":{"k":"tree"},"geometry":{"type":"Point","coordinates":[151.202519,-33.882476]}},{"type":"Feature","properties":{"k":"tree"},"geometry":{"type":"Point","coordinates":[151.202048,-33.886328]}},{"type":"Feature","properties":{"k":"tree"},"geometry":{"type":"Point","coordinates":[151.201333,-33.887694]}},{"type":"Feature","properties":{"k":"tree"},"geometry":{"type":"Point","coordinates":[151.201475,-33.887591]}},{"type":"Feature","properties":{"k":"tree"},"geometry":{"type":"Point","coordinates":[151.201262,-33.887721]}},{"type":"Feature","properties":{"k":"tree"},"geometry":{"type":"Point","coordinates":[151.201403,-33.887615]}},{"type":"Feature","properties":{"k":"tree"},"geometry":{"type":"Point","coordinates":[151.201277,-33.887621]}},{"type":"Feature","properties":{"k":"tree"},"geometry":{"type":"Point","coordinates":[151.216917,-33.864651]}},{"type":"Feature","properties":{"k":"tree"},"geometry":{"type":"Point","coordinates":[151.215846,-33.860303]}},{"type":"Feature","properties":{"k":"tree"},"geometry":{"type":"Point","coordinates":[151.215966,-33.859668]}},{"type":"Feature","properties":{"k":"tree"},"geometry":{"type":"Point","coordinates":[151.218714,-33.863781]}},{"type":"Feature","properties":{"k":"tree"},"geometry":{"type":"Point","coordinates":[151.216953,-33.866305]}},{"type":"Feature","properties":{"k":"tree"},"geometry":{"type":"Point","coordinates":[151.216764,-33.86634]}},{"type":"Feature","properties":{"k":"tree"},"geometry":{"type":"Point","coordinates":[151.216976,-33.866053]}},{"type":"Feature","properties":{"k":"tree"},"geometry":{"type":"Point","coordinates":[151.216874,-33.865865]}},{"type":"Feature","properties":{"k":"tree"},"geometry":{"type":"Point","coordinates":[151.216939,-33.865857]}},{"type":"Feature","properties":{"k":"tree"},"geometry":{"type":"Point","coordinates":[151.216798,-33.866236]}},{"type":"Feature","properties":{"k":"tree"},"geometry":{"type":"Point","coordinates":[151.21731,-33.868184]}},{"type":"Feature","properties":{"k":"tree"},"geometry":{"type":"Point","coordinates":[151.217252,-33.868167]}},{"type":"Feature","properties":{"k":"tree"},"geometry":{"type":"Point","coordinates":[151.217268,-33.868218]}},{"type":"Feature","properties":{"k":"tree"},"geometry":{"type":"Point","coordinates":[151.215873,-33.859377]}},{"type":"Feature","properties":{"k":"tree"},"geometry":{"type":"Point","coordinates":[151.215687,-33.859261]}},{"type":"Feature","properties":{"k":"tree"},"geometry":{"type":"Point","coordinates":[151.215445,-33.859111]}},{"type":"Feature","properties":{"k":"tree"},"geometry":{"type":"Point","coordinates":[151.216203,-33.859583]}},{"type":"Feature","properties":{"k":"tree"},"geometry":{"type":"Point","coordinates":[151.200142,-33.88096]}},{"type":"Feature","properties":{"k":"tree"},"geometry":{"type":"Point","coordinates":[151.200219,-33.88093]}},{"type":"Feature","properties":{"k":"tree"},"geometry":{"type":"Point","coordinates":[151.217475,-33.863541]}},{"type":"Feature","properties":{"k":"tree"},"geometry":{"type":"Point","coordinates":[151.213948,-33.865227]}},{"type":"Feature","properties":{"k":"tree"},"geometry":{"type":"Point","coordinates":[151.218768,-33.865711]}},{"type":"Feature","properties":{"k":"tree"},"geometry":{"type":"Point","coordinates":[151.21929,-33.865217]}},{"type":"Feature","properties":{"k":"tree"},"geometry":{"type":"Point","coordinates":[151.219063,-33.865633]}},{"type":"Feature","properties":{"k":"tree"},"geometry":{"type":"Point","coordinates":[151.218844,-33.865628]}},{"type":"Feature","properties":{"k":"tree"},"geometry":{"type":"Point","coordinates":[151.219029,-33.865441]}},{"type":"Feature","properties":{"k":"tree"},"geometry":{"type":"Point","coordinates":[151.219175,-33.865317]}},{"type":"Feature","properties":{"k":"tree"},"geometry":{"type":"Point","coordinates":[151.215722,-33.858878]}},{"type":"Feature","properties":{"k":"tree"},"geometry":{"type":"Point","coordinates":[151.219214,-33.86372]}},{"type":"Feature","properties":{"k":"tree"},"geometry":{"type":"Point","coordinates":[151.210931,-33.866225]}},{"type":"Feature","properties":{"k":"tree"},"geometry":{"type":"Point","coordinates":[151.210977,-33.866175]}},{"type":"Feature","properties":{"k":"tree"},"geometry":{"type":"Point","coordinates":[151.211034,-33.866139]}},{"type":"Feature","properties":{"k":"tree"},"geometry":{"type":"Point","coordinates":[151.211087,-33.866087]}},{"type":"Feature","properties":{"k":"tree"},"geometry":{"type":"Point","coordinates":[151.211153,-33.866044]}},{"type":"Feature","properties":{"k":"tree"},"geometry":{"type":"Point","coordinates":[151.211197,-33.86599]}},{"type":"Feature","properties":{"k":"tree"},"geometry":{"type":"Point","coordinates":[151.211008,-33.866236]}},{"type":"Feature","properties":{"k":"tree"},"geometry":{"type":"Point","coordinates":[151.211104,-33.866243]}},{"type":"Feature","properties":{"k":"tree"},"geometry":{"type":"Point","coordinates":[151.211129,-33.866147]}},{"type":"Feature","properties":{"k":"tree"},"geometry":{"type":"Point","coordinates":[151.211169,-33.866088]}},{"type":"Feature","properties":{"k":"tree"},"geometry":{"type":"Point","coordinates":[151.211226,-33.866037]}},{"type":"Feature","properties":{"k":"tree"},"geometry":{"type":"Point","coordinates":[151.211282,-33.866002]}},{"type":"Feature","properties":{"k":"tree"},"geometry":{"type":"Point","coordinates":[151.211313,-33.866059]}},{"type":"Feature","properties":{"k":"tree"},"geometry":{"type":"Point","coordinates":[151.211255,-33.86611]}},{"type":"Feature","properties":{"k":"tree"},"geometry":{"type":"Point","coordinates":[151.211206,-33.866154]}},{"type":"Feature","properties":{"k":"tree"},"geometry":{"type":"Point","coordinates":[151.211242,-33.866212]}},{"type":"Feature","properties":{"k":"tree"},"geometry":{"type":"Point","coordinates":[151.211293,-33.866169]}},{"type":"Feature","properties":{"k":"tree"},"geometry":{"type":"Point","coordinates":[151.211332,-33.866223]}},{"type":"Feature","properties":{"k":"tree"},"geometry":{"type":"Point","coordinates":[151.21141,-33.866235]}},{"type":"Feature","properties":{"k":"tree"},"geometry":{"type":"Point","coordinates":[151.21138,-33.866177]}},{"type":"Feature","properties":{"k":"tree"},"geometry":{"type":"Point","coordinates":[151.21135,-33.866122]}},{"type":"Feature","properties":{"k":"tree"},"geometry":{"type":"Point","coordinates":[151.210972,-33.866075]}},{"type":"Feature","properties":{"k":"tree"},"geometry":{"type":"Point","coordinates":[151.210931,-33.866112]}},{"type":"Feature","properties":{"k":"tree"},"geometry":{"type":"Point","coordinates":[151.210863,-33.866161]}},{"type":"Feature","properties":{"k":"tree"},"geometry":{"type":"Point","coordinates":[151.210822,-33.866212]}},{"type":"Feature","properties":{"k":"tree"},"geometry":{"type":"Point","coordinates":[151.211402,-33.865642]}},{"type":"Feature","properties":{"k":"tree"},"geometry":{"type":"Point","coordinates":[151.211423,-33.865602]}},{"type":"Feature","properties":{"k":"tree"},"geometry":{"type":"Point","coordinates":[151.211308,-33.86581]}},{"type":"Feature","properties":{"k":"tree"},"geometry":{"type":"Point","coordinates":[151.211448,-33.865559]}},{"type":"Feature","properties":{"k":"tree"},"geometry":{"type":"Point","coordinates":[151.211098,-33.865792]}},{"type":"Feature","properties":{"k":"tree"},"geometry":{"type":"Point","coordinates":[151.212824,-33.864817]}},{"type":"Feature","properties":{"k":"tree"},"geometry":{"type":"Point","coordinates":[151.212869,-33.864878]}},{"type":"Feature","properties":{"k":"tree"},"geometry":{"type":"Point","coordinates":[151.212812,-33.864914]}},{"type":"Feature","properties":{"k":"tree"},"geometry":{"type":"Point","coordinates":[151.212855,-33.864966]}},{"type":"Feature","properties":{"k":"tree"},"geometry":{"type":"Point","coordinates":[151.212806,-33.865019]}},{"type":"Feature","properties":{"k":"tree"},"geometry":{"type":"Point","coordinates":[151.212849,-33.86506]}},{"type":"Feature","properties":{"k":"tree"},"geometry":{"type":"Point","coordinates":[151.21284,-33.865157]}},{"type":"Feature","properties":{"k":"tree"},"geometry":{"type":"Point","coordinates":[151.212797,-33.865115]}},{"type":"Feature","properties":{"k":"tree"},"geometry":{"type":"Point","coordinates":[151.212822,-33.865246]}},{"type":"Feature","properties":{"k":"tree"},"geometry":{"type":"Point","coordinates":[151.21278,-33.865204]}},{"type":"Feature","properties":{"k":"tree"},"geometry":{"type":"Point","coordinates":[151.212812,-33.865333]}},{"type":"Feature","properties":{"k":"tree"},"geometry":{"type":"Point","coordinates":[151.212761,-33.865291]}},{"type":"Feature","properties":{"k":"tree"},"geometry":{"type":"Point","coordinates":[151.212844,-33.86542]}},{"type":"Feature","properties":{"k":"tree"},"geometry":{"type":"Point","coordinates":[151.21278,-33.86541]}},{"type":"Feature","properties":{"k":"tree"},"geometry":{"type":"Point","coordinates":[151.212921,-33.865486]}},{"type":"Feature","properties":{"k":"tree"},"geometry":{"type":"Point","coordinates":[151.212903,-33.86555]}},{"type":"Feature","properties":{"k":"tree"},"geometry":{"type":"Point","coordinates":[151.212995,-33.865528]}},{"type":"Feature","properties":{"k":"tree"},"geometry":{"type":"Point","coordinates":[151.213,-33.865593]}},{"type":"Feature","properties":{"k":"tree"},"geometry":{"type":"Point","coordinates":[151.213081,-33.865555]}},{"type":"Feature","properties":{"k":"tree"},"geometry":{"type":"Point","coordinates":[151.21326,-33.863452]}},{"type":"Feature","properties":{"k":"tree"},"geometry":{"type":"Point","coordinates":[151.213393,-33.863443]}},{"type":"Feature","properties":{"k":"tree"},"geometry":{"type":"Point","coordinates":[151.21354,-33.863436]}},{"type":"Feature","properties":{"k":"tree"},"geometry":{"type":"Point","coordinates":[151.214007,-33.863222]}},{"type":"Feature","properties":{"k":"tree"},"geometry":{"type":"Point","coordinates":[151.214029,-33.863147]}},{"type":"Feature","properties":{"k":"tree"},"geometry":{"type":"Point","coordinates":[151.213945,-33.863162]}},{"type":"Feature","properties":{"k":"tree"},"geometry":{"type":"Point","coordinates":[151.213905,-33.863239]}},{"type":"Feature","properties":{"k":"tree"},"geometry":{"type":"Point","coordinates":[151.213507,-33.859921]}},{"type":"Feature","properties":{"k":"tree"},"geometry":{"type":"Point","coordinates":[151.213497,-33.860011]}},{"type":"Feature","properties":{"k":"tree"},"geometry":{"type":"Point","coordinates":[151.213473,-33.860103]}},{"type":"Feature","properties":{"k":"tree"},"geometry":{"type":"Point","coordinates":[151.21404,-33.860389]}},{"type":"Feature","properties":{"k":"tree"},"geometry":{"type":"Point","coordinates":[151.214056,-33.860327]}},{"type":"Feature","properties":{"k":"tree"},"geometry":{"type":"Point","coordinates":[151.214068,-33.860242]}},{"type":"Feature","properties":{"k":"tree"},"geometry":{"type":"Point","coordinates":[151.214065,-33.860174]}},{"type":"Feature","properties":{"k":"tree"},"geometry":{"type":"Point","coordinates":[151.214058,-33.86022]}},{"type":"Feature","properties":{"k":"tree"},"geometry":{"type":"Point","coordinates":[151.214055,-33.860091]}},{"type":"Feature","properties":{"k":"tree"},"geometry":{"type":"Point","coordinates":[151.214079,-33.859983]}},{"type":"Feature","properties":{"k":"tree"},"geometry":{"type":"Point","coordinates":[151.214229,-33.860151]}},{"type":"Feature","properties":{"k":"tree"},"geometry":{"type":"Point","coordinates":[151.214167,-33.86035]}},{"type":"Feature","properties":{"k":"tree"},"geometry":{"type":"Point","coordinates":[151.214156,-33.859217]}},{"type":"Feature","properties":{"k":"tree"},"geometry":{"type":"Point","coordinates":[151.213851,-33.859248]}},{"type":"Feature","properties":{"k":"tree"},"geometry":{"type":"Point","coordinates":[151.21374,-33.859082]}},{"type":"Feature","properties":{"k":"tree"},"geometry":{"type":"Point","coordinates":[151.214202,-33.858982]}},{"type":"Feature","properties":{"k":"tree"},"geometry":{"type":"Point","coordinates":[151.214276,-33.859006]}},{"type":"Feature","properties":{"k":"tree"},"geometry":{"type":"Point","coordinates":[151.214297,-33.859034]}},{"type":"Feature","properties":{"k":"tree"},"geometry":{"type":"Point","coordinates":[151.214291,-33.859061]}},{"type":"Feature","properties":{"k":"tree"},"geometry":{"type":"Point","coordinates":[151.214379,-33.858989]}},{"type":"Feature","properties":{"k":"tree"},"geometry":{"type":"Point","coordinates":[151.214467,-33.859091]}},{"type":"Feature","properties":{"k":"tree"},"geometry":{"type":"Point","coordinates":[151.196647,-33.878484]}},{"type":"Feature","properties":{"k":"tree"},"geometry":{"type":"Point","coordinates":[151.196605,-33.878419]}},{"type":"Feature","properties":{"k":"tree"},"geometry":{"type":"Point","coordinates":[151.19654,-33.87832]}},{"type":"Feature","properties":{"k":"tree"},"geometry":{"type":"Point","coordinates":[151.196492,-33.87825]}},{"type":"Feature","properties":{"k":"tree"},"geometry":{"type":"Point","coordinates":[151.196457,-33.878168]}},{"type":"Feature","properties":{"k":"tree"},"geometry":{"type":"Point","coordinates":[151.196407,-33.878082]}},{"type":"Feature","properties":{"k":"tree"},"geometry":{"type":"Point","coordinates":[151.196384,-33.87803]}},{"type":"Feature","properties":{"k":"tree"},"geometry":{"type":"Point","coordinates":[151.19636,-33.877996]}},{"type":"Feature","properties":{"k":"tree"},"geometry":{"type":"Point","coordinates":[151.196319,-33.877917]}},{"type":"Feature","properties":{"k":"tree"},"geometry":{"type":"Point","coordinates":[151.196276,-33.877846]}},{"type":"Feature","properties":{"k":"tree"},"geometry":{"type":"Point","coordinates":[151.19623,-33.877779]}},{"type":"Feature","properties":{"k":"tree"},"geometry":{"type":"Point","coordinates":[151.196428,-33.877842]}},{"type":"Feature","properties":{"k":"tree"},"geometry":{"type":"Point","coordinates":[151.196579,-33.878126]}},{"type":"Feature","properties":{"k":"tree"},"geometry":{"type":"Point","coordinates":[151.196365,-33.877742]}},{"type":"Feature","properties":{"k":"tree"},"geometry":{"type":"Point","coordinates":[151.19633,-33.877681]}},{"type":"Feature","properties":{"k":"tree"},"geometry":{"type":"Point","coordinates":[151.196308,-33.877622]}},{"type":"Feature","properties":{"k":"tree"},"geometry":{"type":"Point","coordinates":[151.196259,-33.877561]}},{"type":"Feature","properties":{"k":"tree"},"geometry":{"type":"Point","coordinates":[151.19617,-33.877675]}},{"type":"Feature","properties":{"k":"tree"},"geometry":{"type":"Point","coordinates":[151.196018,-33.877401]}},{"type":"Feature","properties":{"k":"tree"},"geometry":{"type":"Point","coordinates":[151.196036,-33.877484]}},{"type":"Feature","properties":{"k":"tree"},"geometry":{"type":"Point","coordinates":[151.218572,-33.865023]}},{"type":"Feature","properties":{"k":"tree"},"geometry":{"type":"Point","coordinates":[151.217719,-33.867148]}},{"type":"Feature","properties":{"k":"tree"},"geometry":{"type":"Point","coordinates":[151.217798,-33.867052]}},{"type":"Feature","properties":{"k":"tree"},"geometry":{"type":"Point","coordinates":[151.217901,-33.866977]}},{"type":"Feature","properties":{"k":"tree"},"geometry":{"type":"Point","coordinates":[151.215409,-33.864232]}},{"type":"Feature","properties":{"k":"tree"},"geometry":{"type":"Point","coordinates":[151.215808,-33.863875]}},{"type":"Feature","properties":{"k":"tree"},"geometry":{"type":"Point","coordinates":[151.216084,-33.860811]}},{"type":"Feature","properties":{"k":"tree"},"geometry":{"type":"Point","coordinates":[151.219893,-33.863228]}},{"type":"Feature","properties":{"k":"tree"},"geometry":{"type":"Point","coordinates":[151.198337,-33.884012]}},{"type":"Feature","properties":{"k":"tree"},"geometry":{"type":"Point","coordinates":[151.198395,-33.883649]}},{"type":"Feature","properties":{"k":"tree"},"geometry":{"type":"Point","coordinates":[151.200499,-33.885219]}},{"type":"Feature","properties":{"k":"tree"},"geometry":{"type":"Point","coordinates":[151.200499,-33.885151]}},{"type":"Feature","properties":{"k":"tree"},"geometry":{"type":"Point","coordinates":[151.200486,-33.885087]}},{"type":"Feature","properties":{"k":"tree"},"geometry":{"type":"Point","coordinates":[151.20059,-33.88505]}},{"type":"Feature","properties":{"k":"tree"},"geometry":{"type":"Point","coordinates":[151.200594,-33.885111]}},{"type":"Feature","properties":{"k":"tree"},"geometry":{"type":"Point","coordinates":[151.200599,-33.885184]}},{"type":"Feature","properties":{"k":"tree"},"geometry":{"type":"Point","coordinates":[151.200603,-33.885243]}},{"type":"Feature","properties":{"k":"tree"},"geometry":{"type":"Point","coordinates":[151.200281,-33.885886]}},{"type":"Feature","properties":{"k":"tree"},"geometry":{"type":"Point","coordinates":[151.215872,-33.86735]}},{"type":"Feature","properties":{"k":"tree"},"geometry":{"type":"Point","coordinates":[151.216555,-33.866301]}},{"type":"Feature","properties":{"k":"tree"},"geometry":{"type":"Point","coordinates":[151.217016,-33.866078]}},{"type":"Feature","properties":{"k":"tree"},"geometry":{"type":"Point","coordinates":[151.196915,-33.887445]}},{"type":"Feature","properties":{"k":"tree"},"geometry":{"type":"Point","coordinates":[151.200449,-33.860344]}},{"type":"Feature","properties":{"k":"tree"},"geometry":{"type":"Point","coordinates":[151.200441,-33.86028]}},{"type":"Feature","properties":{"k":"tree"},"geometry":{"type":"Point","coordinates":[151.200435,-33.860224]}},{"type":"Feature","properties":{"k":"tree"},"geometry":{"type":"Point","coordinates":[151.200429,-33.860152]}},{"type":"Feature","properties":{"k":"tree"},"geometry":{"type":"Point","coordinates":[151.200426,-33.860092]}},{"type":"Feature","properties":{"k":"tree"},"geometry":{"type":"Point","coordinates":[151.200418,-33.860029]}},{"type":"Feature","properties":{"k":"tree"},"geometry":{"type":"Point","coordinates":[151.200433,-33.859953]}},{"type":"Feature","properties":{"k":"tree"},"geometry":{"type":"Point","coordinates":[151.200455,-33.859889]}},{"type":"Feature","properties":{"k":"tree"},"geometry":{"type":"Point","coordinates":[151.20049,-33.859832]}},{"type":"Feature","properties":{"k":"tree"},"geometry":{"type":"Point","coordinates":[151.200542,-33.859769]}},{"type":"Feature","properties":{"k":"tree"},"geometry":{"type":"Point","coordinates":[151.200601,-33.859718]}},{"type":"Feature","properties":{"k":"tree"},"geometry":{"type":"Point","coordinates":[151.200668,-33.859674]}},{"type":"Feature","properties":{"k":"tree"},"geometry":{"type":"Point","coordinates":[151.20074,-33.859645]}},{"type":"Feature","properties":{"k":"tree"},"geometry":{"type":"Point","coordinates":[151.200821,-33.859621]}},{"type":"Feature","properties":{"k":"tree"},"geometry":{"type":"Point","coordinates":[151.200941,-33.8596]}},{"type":"Feature","properties":{"k":"tree"},"geometry":{"type":"Point","coordinates":[151.201016,-33.859586]}},{"type":"Feature","properties":{"k":"tree"},"geometry":{"type":"Point","coordinates":[151.201091,-33.859571]}},{"type":"Feature","properties":{"k":"tree"},"geometry":{"type":"Point","coordinates":[151.201171,-33.859555]}},{"type":"Feature","properties":{"k":"tree"},"geometry":{"type":"Point","coordinates":[151.201244,-33.859541]}},{"type":"Feature","properties":{"k":"tree"},"geometry":{"type":"Point","coordinates":[151.20132,-33.859526]}},{"type":"Feature","properties":{"k":"tree"},"geometry":{"type":"Point","coordinates":[151.201398,-33.85951]}},{"type":"Feature","properties":{"k":"tree"},"geometry":{"type":"Point","coordinates":[151.201474,-33.859495]}},{"type":"Feature","properties":{"k":"tree"},"geometry":{"type":"Point","coordinates":[151.201071,-33.863898]}},{"type":"Feature","properties":{"k":"tree"},"geometry":{"type":"Point","coordinates":[151.200999,-33.863901]}},{"type":"Feature","properties":{"k":"tree"},"geometry":{"type":"Point","coordinates":[151.201006,-33.863955]}},{"type":"Feature","properties":{"k":"tree"},"geometry":{"type":"Point","coordinates":[151.201077,-33.863948]}},{"type":"Feature","properties":{"k":"tree"},"geometry":{"type":"Point","coordinates":[151.201083,-33.864004]}},{"type":"Feature","properties":{"k":"tree"},"geometry":{"type":"Point","coordinates":[151.201012,-33.864013]}},{"type":"Feature","properties":{"k":"tree"},"geometry":{"type":"Point","coordinates":[151.201019,-33.864068]}},{"type":"Feature","properties":{"k":"tree"},"geometry":{"type":"Point","coordinates":[151.20109,-33.864061]}},{"type":"Feature","properties":{"k":"tree"},"geometry":{"type":"Point","coordinates":[151.201096,-33.864114]}},{"type":"Feature","properties":{"k":"tree"},"geometry":{"type":"Point","coordinates":[151.201024,-33.864114]}},{"type":"Feature","properties":{"k":"tree"},"geometry":{"type":"Point","coordinates":[151.201031,-33.864174]}},{"type":"Feature","properties":{"k":"tree"},"geometry":{"type":"Point","coordinates":[151.201103,-33.864171]}},{"type":"Feature","properties":{"k":"tree"},"geometry":{"type":"Point","coordinates":[151.201109,-33.864222]}},{"type":"Feature","properties":{"k":"tree"},"geometry":{"type":"Point","coordinates":[151.201037,-33.864227]}},{"type":"Feature","properties":{"k":"tree"},"geometry":{"type":"Point","coordinates":[151.201115,-33.864274]}},{"type":"Feature","properties":{"k":"tree"},"geometry":{"type":"Point","coordinates":[151.201044,-33.864286]}},{"type":"Feature","properties":{"k":"tree"},"geometry":{"type":"Point","coordinates":[151.201049,-33.864331]}},{"type":"Feature","properties":{"k":"tree"},"geometry":{"type":"Point","coordinates":[151.201122,-33.864334]}},{"type":"Feature","properties":{"k":"tree"},"geometry":{"type":"Point","coordinates":[151.201128,-33.864383]}},{"type":"Feature","properties":{"k":"tree"},"geometry":{"type":"Point","coordinates":[151.201055,-33.864381]}},{"type":"Feature","properties":{"k":"tree"},"geometry":{"type":"Point","coordinates":[151.201062,-33.864441]}},{"type":"Feature","properties":{"k":"tree"},"geometry":{"type":"Point","coordinates":[151.201135,-33.864441]}},{"type":"Feature","properties":{"k":"tree"},"geometry":{"type":"Point","coordinates":[151.20114,-33.864486]}},{"type":"Feature","properties":{"k":"tree"},"geometry":{"type":"Point","coordinates":[151.201068,-33.864491]}},{"type":"Feature","properties":{"k":"tree"},"geometry":{"type":"Point","coordinates":[151.201074,-33.864546]}},{"type":"Feature","properties":{"k":"tree"},"geometry":{"type":"Point","coordinates":[151.201147,-33.86454]}},{"type":"Feature","properties":{"k":"tree"},"geometry":{"type":"Point","coordinates":[151.201173,-33.864731]}},{"type":"Feature","properties":{"k":"tree"},"geometry":{"type":"Point","coordinates":[151.201097,-33.864735]}},{"type":"Feature","properties":{"k":"tree"},"geometry":{"type":"Point","coordinates":[151.201103,-33.864795]}},{"type":"Feature","properties":{"k":"tree"},"geometry":{"type":"Point","coordinates":[151.201178,-33.864784]}},{"type":"Feature","properties":{"k":"tree"},"geometry":{"type":"Point","coordinates":[151.201184,-33.864839]}},{"type":"Feature","properties":{"k":"tree"},"geometry":{"type":"Point","coordinates":[151.201108,-33.864839]}},{"type":"Feature","properties":{"k":"tree"},"geometry":{"type":"Point","coordinates":[151.201114,-33.864898]}},{"type":"Feature","properties":{"k":"tree"},"geometry":{"type":"Point","coordinates":[151.20119,-33.864896]}},{"type":"Feature","properties":{"k":"tree"},"geometry":{"type":"Point","coordinates":[151.201196,-33.864951]}},{"type":"Feature","properties":{"k":"tree"},"geometry":{"type":"Point","coordinates":[151.20112,-33.864955]}},{"type":"Feature","properties":{"k":"tree"},"geometry":{"type":"Point","coordinates":[151.201125,-33.865007]}},{"type":"Feature","properties":{"k":"tree"},"geometry":{"type":"Point","coordinates":[151.201201,-33.865003]}},{"type":"Feature","properties":{"k":"tree"},"geometry":{"type":"Point","coordinates":[151.201207,-33.865057]}},{"type":"Feature","properties":{"k":"tree"},"geometry":{"type":"Point","coordinates":[151.20113,-33.86506]}},{"type":"Feature","properties":{"k":"tree"},"geometry":{"type":"Point","coordinates":[151.201136,-33.865116]}},{"type":"Feature","properties":{"k":"tree"},"geometry":{"type":"Point","coordinates":[151.201212,-33.865111]}},{"type":"Feature","properties":{"k":"tree"},"geometry":{"type":"Point","coordinates":[151.201218,-33.865164]}},{"type":"Feature","properties":{"k":"tree"},"geometry":{"type":"Point","coordinates":[151.201141,-33.865165]}},{"type":"Feature","properties":{"k":"tree"},"geometry":{"type":"Point","coordinates":[151.201147,-33.865219]}},{"type":"Feature","properties":{"k":"tree"},"geometry":{"type":"Point","coordinates":[151.201223,-33.865215]}},{"type":"Feature","properties":{"k":"tree"},"geometry":{"type":"Point","coordinates":[151.201229,-33.86527]}},{"type":"Feature","properties":{"k":"tree"},"geometry":{"type":"Point","coordinates":[151.201152,-33.865273]}},{"type":"Feature","properties":{"k":"tree"},"geometry":{"type":"Point","coordinates":[151.201158,-33.86533]}},{"type":"Feature","properties":{"k":"tree"},"geometry":{"type":"Point","coordinates":[151.201235,-33.865328]}},{"type":"Feature","properties":{"k":"tree"},"geometry":{"type":"Point","coordinates":[151.20124,-33.865375]}},{"type":"Feature","properties":{"k":"tree"},"geometry":{"type":"Point","coordinates":[151.201164,-33.865383]}},{"type":"Feature","properties":{"k":"tree"},"geometry":{"type":"Point","coordinates":[151.201169,-33.865434]}},{"type":"Feature","properties":{"k":"tree"},"geometry":{"type":"Point","coordinates":[151.201246,-33.865431]}},{"type":"Feature","properties":{"k":"tree"},"geometry":{"type":"Point","coordinates":[151.201268,-33.865596]}},{"type":"Feature","properties":{"k":"tree"},"geometry":{"type":"Point","coordinates":[151.201188,-33.865599]}},{"type":"Feature","properties":{"k":"tree"},"geometry":{"type":"Point","coordinates":[151.201195,-33.86566]}},{"type":"Feature","properties":{"k":"tree"},"geometry":{"type":"Point","coordinates":[151.201272,-33.865651]}},{"type":"Feature","properties":{"k":"tree"},"geometry":{"type":"Point","coordinates":[151.201276,-33.865705]}},{"type":"Feature","properties":{"k":"tree"},"geometry":{"type":"Point","coordinates":[151.201201,-33.865711]}},{"type":"Feature","properties":{"k":"tree"},"geometry":{"type":"Point","coordinates":[151.199242,-33.888597]}},{"type":"Feature","properties":{"k":"tree"},"geometry":{"type":"Point","coordinates":[151.216746,-33.881131]}},{"type":"Feature","properties":{"k":"tree"},"geometry":{"type":"Point","coordinates":[151.218876,-33.866131]}},{"type":"Feature","properties":{"k":"tree"},"geometry":{"type":"Point","coordinates":[151.213996,-33.86147]}},{"type":"Feature","properties":{"k":"tree"},"geometry":{"type":"Point","coordinates":[151.213437,-33.860391]}},{"type":"Feature","properties":{"k":"tree"},"geometry":{"type":"Point","coordinates":[151.213421,-33.86049]}},{"type":"Feature","properties":{"k":"tree"},"geometry":{"type":"Point","coordinates":[151.213467,-33.860256]}},{"type":"Feature","properties":{"k":"tree"},"geometry":{"type":"Point","coordinates":[151.2169,-33.868077]}},{"type":"Feature","properties":{"k":"tree"},"geometry":{"type":"Point","coordinates":[151.216792,-33.868187]}},{"type":"Feature","properties":{"k":"tree"},"geometry":{"type":"Point","coordinates":[151.206996,-33.869259]}},{"type":"Feature","properties":{"k":"tree"},"geometry":{"type":"Point","coordinates":[151.207002,-33.869412]}},{"type":"Feature","properties":{"k":"tree"},"geometry":{"type":"Point","coordinates":[151.206882,-33.869217]}},{"type":"Feature","properties":{"k":"tree"},"geometry":{"type":"Point","coordinates":[151.214611,-33.858534]}},{"type":"Feature","properties":{"k":"tree"},"geometry":{"type":"Point","coordinates":[151.203413,-33.885911]}},{"type":"Feature","properties":{"k":"tree"},"geometry":{"type":"Point","coordinates":[151.203096,-33.886238]}},{"type":"Feature","properties":{"k":"tree"},"geometry":{"type":"Point","coordinates":[151.202903,-33.88632]}},{"type":"Feature","properties":{"k":"tree"},"geometry":{"type":"Point","coordinates":[151.202867,-33.886358]}},{"type":"Feature","properties":{"k":"tree"},"geometry":{"type":"Point","coordinates":[151.202806,-33.886344]}},{"type":"Feature","properties":{"k":"tree"},"geometry":{"type":"Point","coordinates":[151.202775,-33.886301]}},{"type":"Feature","properties":{"k":"tree"},"geometry":{"type":"Point","coordinates":[151.202791,-33.886249]}},{"type":"Feature","properties":{"k":"tree"},"geometry":{"type":"Point","coordinates":[151.202822,-33.886211]}},{"type":"Feature","properties":{"k":"tree"},"geometry":{"type":"Point","coordinates":[151.202862,-33.886223]}},{"type":"Feature","properties":{"k":"tree"},"geometry":{"type":"Point","coordinates":[151.198833,-33.887037]}},{"type":"Feature","properties":{"k":"tree"},"geometry":{"type":"Point","coordinates":[151.198697,-33.886577]}},{"type":"Feature","properties":{"k":"tree"},"geometry":{"type":"Point","coordinates":[151.198816,-33.886744]}},{"type":"Feature","properties":{"k":"tree"},"geometry":{"type":"Point","coordinates":[151.19871,-33.886899]}},{"type":"Feature","properties":{"k":"tree"},"geometry":{"type":"Point","coordinates":[151.1988,-33.88653]}},{"type":"Feature","properties":{"k":"tree"},"geometry":{"type":"Point","coordinates":[151.198826,-33.886908]}},{"type":"Feature","properties":{"k":"tree"},"geometry":{"type":"Point","coordinates":[151.198811,-33.886612]}},{"type":"Feature","properties":{"k":"tree"},"geometry":{"type":"Point","coordinates":[151.198718,-33.887037]}},{"type":"Feature","properties":{"k":"tree"},"geometry":{"type":"Point","coordinates":[151.198831,-33.887015]}},{"type":"Feature","properties":{"k":"tree"},"geometry":{"type":"Point","coordinates":[151.198812,-33.88665]}},{"type":"Feature","properties":{"k":"tree"},"geometry":{"type":"Point","coordinates":[151.217062,-33.862673]}},{"type":"Feature","properties":{"k":"tree"},"geometry":{"type":"Point","coordinates":[151.217118,-33.862872]}},{"type":"Feature","properties":{"k":"tree"},"geometry":{"type":"Point","coordinates":[151.21708,-33.862804]}},{"type":"Feature","properties":{"k":"tree"},"geometry":{"type":"Point","coordinates":[151.217086,-33.862837]}},{"type":"Feature","properties":{"k":"tree"},"geometry":{"type":"Point","coordinates":[151.198392,-33.883631]}},{"type":"Feature","properties":{"k":"tree"},"geometry":{"type":"Point","coordinates":[151.198367,-33.884117]}},{"type":"Feature","properties":{"k":"tree"},"geometry":{"type":"Point","coordinates":[151.196663,-33.87257]}},{"type":"Feature","properties":{"k":"tree"},"geometry":{"type":"Point","coordinates":[151.196593,-33.872426]}},{"type":"Feature","properties":{"k":"tree"},"geometry":{"type":"Point","coordinates":[151.196563,-33.872362]}},{"type":"Feature","properties":{"k":"tree"},"geometry":{"type":"Point","coordinates":[151.196662,-33.872249]}},{"type":"Feature","properties":{"k":"tree"},"geometry":{"type":"Point","coordinates":[151.196626,-33.872186]}},{"type":"Feature","properties":{"k":"tree"},"geometry":{"type":"Point","coordinates":[151.19658,-33.872098]}},{"type":"Feature","properties":{"k":"tree"},"geometry":{"type":"Point","coordinates":[151.196458,-33.872157]}},{"type":"Feature","properties":{"k":"tree"},"geometry":{"type":"Point","coordinates":[151.211165,-33.869246]}},{"type":"Feature","properties":{"k":"tree"},"geometry":{"type":"Point","coordinates":[151.211272,-33.869259]}},{"type":"Feature","properties":{"k":"tree"},"geometry":{"type":"Point","coordinates":[151.211375,-33.869271]}},{"type":"Feature","properties":{"k":"tree"},"geometry":{"type":"Point","coordinates":[151.211479,-33.869286]}},{"type":"Feature","properties":{"k":"tree"},"geometry":{"type":"Point","coordinates":[151.210838,-33.869449]}},{"type":"Feature","properties":{"k":"tree"},"geometry":{"type":"Point","coordinates":[151.215214,-33.859076]}},{"type":"Feature","properties":{"k":"tree"},"geometry":{"type":"Point","coordinates":[151.215658,-33.859492]}},{"type":"Feature","properties":{"k":"tree"},"geometry":{"type":"Point","coordinates":[151.216011,-33.859573]}},{"type":"Feature","properties":{"k":"tree"},"geometry":{"type":"Point","coordinates":[151.215833,-33.859486]}},{"type":"Feature","properties":{"k":"tree"},"geometry":{"type":"Point","coordinates":[151.216232,-33.859665]}},{"type":"Feature","properties":{"k":"tree"},"geometry":{"type":"Point","coordinates":[151.215853,-33.859459]}},{"type":"Feature","properties":{"k":"tree"},"geometry":{"type":"Point","coordinates":[151.215067,-33.858949]}},{"type":"Feature","properties":{"k":"tree"},"geometry":{"type":"Point","coordinates":[151.215106,-33.858899]}},{"type":"Feature","properties":{"k":"tree"},"geometry":{"type":"Point","coordinates":[151.215758,-33.859437]}},{"type":"Feature","properties":{"k":"tree"},"geometry":{"type":"Point","coordinates":[151.215092,-33.858971]}},{"type":"Feature","properties":{"k":"tree"},"geometry":{"type":"Point","coordinates":[151.21562,-33.85952]}},{"type":"Feature","properties":{"k":"tree"},"geometry":{"type":"Point","coordinates":[151.215562,-33.859368]}},{"type":"Feature","properties":{"k":"tree"},"geometry":{"type":"Point","coordinates":[151.213216,-33.867982]}},{"type":"Feature","properties":{"k":"tree"},"geometry":{"type":"Point","coordinates":[151.213277,-33.867967]}},{"type":"Feature","properties":{"k":"tree"},"geometry":{"type":"Point","coordinates":[151.213337,-33.86795]}},{"type":"Feature","properties":{"k":"tree"},"geometry":{"type":"Point","coordinates":[151.213344,-33.86791]}},{"type":"Feature","properties":{"k":"tree"},"geometry":{"type":"Point","coordinates":[151.213397,-33.867892]}},{"type":"Feature","properties":{"k":"tree"},"geometry":{"type":"Point","coordinates":[151.213422,-33.867887]}},{"type":"Feature","properties":{"k":"tree"},"geometry":{"type":"Point","coordinates":[151.213146,-33.867998]}},{"type":"Feature","properties":{"k":"tree"},"geometry":{"type":"Point","coordinates":[151.213093,-33.867994]}},{"type":"Feature","properties":{"k":"tree"},"geometry":{"type":"Point","coordinates":[151.212556,-33.867713]}},{"type":"Feature","properties":{"k":"tree"},"geometry":{"type":"Point","coordinates":[151.2126,-33.867717]}},{"type":"Feature","properties":{"k":"tree"},"geometry":{"type":"Point","coordinates":[151.212653,-33.867722]}},{"type":"Feature","properties":{"k":"tree"},"geometry":{"type":"Point","coordinates":[151.212435,-33.867661]}},{"type":"Feature","properties":{"k":"tree"},"geometry":{"type":"Point","coordinates":[151.213198,-33.867001]}},{"type":"Feature","properties":{"k":"tree"},"geometry":{"type":"Point","coordinates":[151.213193,-33.867041]}},{"type":"Feature","properties":{"k":"tree"},"geometry":{"type":"Point","coordinates":[151.213189,-33.867075]}},{"type":"Feature","properties":{"k":"tree"},"geometry":{"type":"Point","coordinates":[151.207742,-33.873151]}},{"type":"Feature","properties":{"k":"tree"},"geometry":{"type":"Point","coordinates":[151.207872,-33.873014]}},{"type":"Feature","properties":{"k":"tree"},"geometry":{"type":"Point","coordinates":[151.207665,-33.873149]}},{"type":"Feature","properties":{"k":"tree"},"geometry":{"type":"Point","coordinates":[151.207469,-33.872954]}},{"type":"Feature","properties":{"k":"tree"},"geometry":{"type":"Point","coordinates":[151.207843,-33.873169]}},{"type":"Feature","properties":{"k":"tree"},"geometry":{"type":"Point","coordinates":[151.212991,-33.869451]}},{"type":"Feature","properties":{"k":"tree"},"geometry":{"type":"Point","coordinates":[151.203116,-33.873457]}},{"type":"Feature","properties":{"k":"tree"},"geometry":{"type":"Point","coordinates":[151.202928,-33.857401]}},{"type":"Feature","properties":{"k":"tree"},"geometry":{"type":"Point","coordinates":[151.203045,-33.857297]}},{"type":"Feature","properties":{"k":"tree"},"geometry":{"type":"Point","coordinates":[151.200738,-33.862907]}},{"type":"Feature","properties":{"k":"tree"},"geometry":{"type":"Point","coordinates":[151.200793,-33.862905]}},{"type":"Feature","properties":{"k":"tree"},"geometry":{"type":"Point","coordinates":[151.200787,-33.862851]}},{"type":"Feature","properties":{"k":"tree"},"geometry":{"type":"Point","coordinates":[151.200733,-33.862853]}},{"type":"Feature","properties":{"k":"tree"},"geometry":{"type":"Point","coordinates":[151.200776,-33.862746]}},{"type":"Feature","properties":{"k":"tree"},"geometry":{"type":"Point","coordinates":[151.200721,-33.862749]}},{"type":"Feature","properties":{"k":"tree"},"geometry":{"type":"Point","coordinates":[151.200727,-33.862803]}},{"type":"Feature","properties":{"k":"tree"},"geometry":{"type":"Point","coordinates":[151.200782,-33.8628]}},{"type":"Feature","properties":{"k":"tree"},"geometry":{"type":"Point","coordinates":[151.200765,-33.862637]}},{"type":"Feature","properties":{"k":"tree"},"geometry":{"type":"Point","coordinates":[151.20071,-33.86264]}},{"type":"Feature","properties":{"k":"tree"},"geometry":{"type":"Point","coordinates":[151.200716,-33.862694]}},{"type":"Feature","properties":{"k":"tree"},"geometry":{"type":"Point","coordinates":[151.200771,-33.862691]}},{"type":"Feature","properties":{"k":"tree"},"geometry":{"type":"Point","coordinates":[151.200739,-33.862425]}},{"type":"Feature","properties":{"k":"tree"},"geometry":{"type":"Point","coordinates":[151.200684,-33.862427]}},{"type":"Feature","properties":{"k":"tree"},"geometry":{"type":"Point","coordinates":[151.20069,-33.862481]}},{"type":"Feature","properties":{"k":"tree"},"geometry":{"type":"Point","coordinates":[151.200745,-33.862479]}},{"type":"Feature","properties":{"k":"tree"},"geometry":{"type":"Point","coordinates":[151.200704,-33.862585]}},{"type":"Feature","properties":{"k":"tree"},"geometry":{"type":"Point","coordinates":[151.200759,-33.862583]}},{"type":"Feature","properties":{"k":"tree"},"geometry":{"type":"Point","coordinates":[151.200726,-33.862313]}},{"type":"Feature","properties":{"k":"tree"},"geometry":{"type":"Point","coordinates":[151.200671,-33.862316]}},{"type":"Feature","properties":{"k":"tree"},"geometry":{"type":"Point","coordinates":[151.200677,-33.86237]}},{"type":"Feature","properties":{"k":"tree"},"geometry":{"type":"Point","coordinates":[151.200732,-33.862367]}},{"type":"Feature","properties":{"k":"tree"},"geometry":{"type":"Point","coordinates":[151.200717,-33.862206]}},{"type":"Feature","properties":{"k":"tree"},"geometry":{"type":"Point","coordinates":[151.200662,-33.862209]}},{"type":"Feature","properties":{"k":"tree"},"geometry":{"type":"Point","coordinates":[151.200668,-33.862263]}},{"type":"Feature","properties":{"k":"tree"},"geometry":{"type":"Point","coordinates":[151.200723,-33.86226]}},{"type":"Feature","properties":{"k":"tree"},"geometry":{"type":"Point","coordinates":[151.200655,-33.862155]}},{"type":"Feature","properties":{"k":"tree"},"geometry":{"type":"Point","coordinates":[151.20071,-33.862153]}},{"type":"Feature","properties":{"k":"tree"},"geometry":{"type":"Point","coordinates":[151.200695,-33.861992]}},{"type":"Feature","properties":{"k":"tree"},"geometry":{"type":"Point","coordinates":[151.20064,-33.861994]}},{"type":"Feature","properties":{"k":"tree"},"geometry":{"type":"Point","coordinates":[151.200646,-33.862048]}},{"type":"Feature","properties":{"k":"tree"},"geometry":{"type":"Point","coordinates":[151.2007,-33.862046]}},{"type":"Feature","properties":{"k":"tree"},"geometry":{"type":"Point","coordinates":[151.200666,-33.861773]}},{"type":"Feature","properties":{"k":"tree"},"geometry":{"type":"Point","coordinates":[151.200611,-33.861776]}},{"type":"Feature","properties":{"k":"tree"},"geometry":{"type":"Point","coordinates":[151.200616,-33.86183]}},{"type":"Feature","properties":{"k":"tree"},"geometry":{"type":"Point","coordinates":[151.200671,-33.861827]}},{"type":"Feature","properties":{"k":"tree"},"geometry":{"type":"Point","coordinates":[151.200683,-33.861882]}},{"type":"Feature","properties":{"k":"tree"},"geometry":{"type":"Point","coordinates":[151.200628,-33.861885]}},{"type":"Feature","properties":{"k":"tree"},"geometry":{"type":"Point","coordinates":[151.200634,-33.861939]}},{"type":"Feature","properties":{"k":"tree"},"geometry":{"type":"Point","coordinates":[151.200689,-33.861936]}},{"type":"Feature","properties":{"k":"tree"},"geometry":{"type":"Point","coordinates":[151.201421,-33.863629]}},{"type":"Feature","properties":{"k":"tree"},"geometry":{"type":"Point","coordinates":[151.201429,-33.8637]}},{"type":"Feature","properties":{"k":"tree"},"geometry":{"type":"Point","coordinates":[151.201439,-33.863781]}},{"type":"Feature","properties":{"k":"tree"},"geometry":{"type":"Point","coordinates":[151.201547,-33.863775]}},{"type":"Feature","properties":{"k":"tree"},"geometry":{"type":"Point","coordinates":[151.201552,-33.86385]}},{"type":"Feature","properties":{"k":"tree"},"geometry":{"type":"Point","coordinates":[151.201537,-33.863695]}},{"type":"Feature","properties":{"k":"tree"},"geometry":{"type":"Point","coordinates":[151.20153,-33.863624]}},{"type":"Feature","properties":{"k":"tree"},"geometry":{"type":"Point","coordinates":[151.201414,-33.863545]}},{"type":"Feature","properties":{"k":"tree"},"geometry":{"type":"Point","coordinates":[151.206127,-33.863167]}},{"type":"Feature","properties":{"k":"tree"},"geometry":{"type":"Point","coordinates":[151.201801,-33.88546]}},{"type":"Feature","properties":{"k":"tree"},"geometry":{"type":"Point","coordinates":[151.201589,-33.884402]}},{"type":"Feature","properties":{"k":"tree"},"geometry":{"type":"Point","coordinates":[151.201601,-33.884447]}},{"type":"Feature","properties":{"k":"tree"},"geometry":{"type":"Point","coordinates":[151.201579,-33.884365]}},{"type":"Feature","properties":{"k":"tree"},"geometry":{"type":"Point","coordinates":[151.205621,-33.872316]}},{"type":"Feature","properties":{"k":"tree"},"geometry":{"type":"Point","coordinates":[151.205619,-33.872361]}},{"type":"Feature","properties":{"k":"tree"},"geometry":{"type":"Point","coordinates":[151.219763,-33.887026]}},{"type":"Feature","properties":{"k":"tree"},"geometry":{"type":"Point","coordinates":[151.219825,-33.88718]}},{"type":"Feature","properties":{"k":"tree"},"geometry":{"type":"Point","coordinates":[151.212842,-33.892362]}},{"type":"Feature","properties":{"k":"tree"},"geometry":{"type":"Point","coordinates":[151.212835,-33.892398]}},{"type":"Feature","properties":{"k":"tree"},"geometry":{"type":"Point","coordinates":[151.212828,-33.892434]}},{"type":"Feature","properties":{"k":"tree"},"geometry":{"type":"Point","coordinates":[151.212822,-33.892467]}},{"type":"Feature","properties":{"k":"tree"},"geometry":{"type":"Point","coordinates":[151.212817,-33.892496]}},{"type":"Feature","properties":{"k":"tree"},"geometry":{"type":"Point","coordinates":[151.212836,-33.892518]}},{"type":"Feature","properties":{"k":"tree"},"geometry":{"type":"Point","coordinates":[151.212885,-33.892525]}},{"type":"Feature","properties":{"k":"tree"},"geometry":{"type":"Point","coordinates":[151.212931,-33.892532]}},{"type":"Feature","properties":{"k":"tree"},"geometry":{"type":"Point","coordinates":[151.212971,-33.892538]}},{"type":"Feature","properties":{"k":"tree"},"geometry":{"type":"Point","coordinates":[151.213015,-33.892544]}},{"type":"Feature","properties":{"k":"tree"},"geometry":{"type":"Point","coordinates":[151.213055,-33.89255]}},{"type":"Feature","properties":{"k":"tree"},"geometry":{"type":"Point","coordinates":[151.2131,-33.892556]}},{"type":"Feature","properties":{"k":"tree"},"geometry":{"type":"Point","coordinates":[151.213138,-33.892562]}},{"type":"Feature","properties":{"k":"tree"},"geometry":{"type":"Point","coordinates":[151.213188,-33.892569]}},{"type":"Feature","properties":{"k":"tree"},"geometry":{"type":"Point","coordinates":[151.213211,-33.892556]}},{"type":"Feature","properties":{"k":"tree"},"geometry":{"type":"Point","coordinates":[151.213243,-33.892523]}},{"type":"Feature","properties":{"k":"tree"},"geometry":{"type":"Point","coordinates":[151.213251,-33.892482]}},{"type":"Feature","properties":{"k":"tree"},"geometry":{"type":"Point","coordinates":[151.213256,-33.892456]}},{"type":"Feature","properties":{"k":"tree"},"geometry":{"type":"Point","coordinates":[151.213263,-33.892426]}},{"type":"Feature","properties":{"k":"tree"},"geometry":{"type":"Point","coordinates":[151.213239,-33.892381]}},{"type":"Feature","properties":{"k":"tree"},"geometry":{"type":"Point","coordinates":[151.210155,-33.857346]}},{"type":"Feature","properties":{"k":"tree"},"geometry":{"type":"Point","coordinates":[151.210161,-33.857306]}},{"type":"Feature","properties":{"k":"tree"},"geometry":{"type":"Point","coordinates":[151.210178,-33.857264]}},{"type":"Feature","properties":{"k":"tree"},"geometry":{"type":"Point","coordinates":[151.210095,-33.857321]}},{"type":"Feature","properties":{"k":"tree"},"geometry":{"type":"Point","coordinates":[151.210235,-33.857329]}},{"type":"Feature","properties":{"k":"tree"},"geometry":{"type":"Point","coordinates":[151.210241,-33.85725]}},{"type":"Feature","properties":{"k":"tree"},"geometry":{"type":"Point","coordinates":[151.209922,-33.858852]}},{"type":"Feature","properties":{"k":"tree"},"geometry":{"type":"Point","coordinates":[151.209919,-33.858873]}},{"type":"Feature","properties":{"k":"tree"},"geometry":{"type":"Point","coordinates":[151.209915,-33.858896]}},{"type":"Feature","properties":{"k":"tree"},"geometry":{"type":"Point","coordinates":[151.209909,-33.858925]}},{"type":"Feature","properties":{"k":"tree"},"geometry":{"type":"Point","coordinates":[151.209906,-33.858941]}},{"type":"Feature","properties":{"k":"tree"},"geometry":{"type":"Point","coordinates":[151.209905,-33.858964]}},{"type":"Feature","properties":{"k":"tree"},"geometry":{"type":"Point","coordinates":[151.209957,-33.858978]}},{"type":"Feature","properties":{"k":"tree"},"geometry":{"type":"Point","coordinates":[151.209994,-33.858987]}},{"type":"Feature","properties":{"k":"tree"},"geometry":{"type":"Point","coordinates":[151.210019,-33.858974]}},{"type":"Feature","properties":{"k":"tree"},"geometry":{"type":"Point","coordinates":[151.210038,-33.858907]}},{"type":"Feature","properties":{"k":"tree"},"geometry":{"type":"Point","coordinates":[151.210041,-33.858887]}},{"type":"Feature","properties":{"k":"tree"},"geometry":{"type":"Point","coordinates":[151.210046,-33.858869]}},{"type":"Feature","properties":{"k":"tree"},"geometry":{"type":"Point","coordinates":[151.206639,-33.887443]}},{"type":"Feature","properties":{"k":"tree"},"geometry":{"type":"Point","coordinates":[151.206556,-33.887818]}},{"type":"Feature","properties":{"k":"tree"},"geometry":{"type":"Point","coordinates":[151.20646,-33.888288]}},{"type":"Feature","properties":{"k":"tree"},"geometry":{"type":"Point","coordinates":[151.206664,-33.887321]}},{"type":"Feature","properties":{"k":"tree"},"geometry":{"type":"Point","coordinates":[151.206527,-33.887965]}},{"type":"Feature","properties":{"k":"tree"},"geometry":{"type":"Point","coordinates":[151.206738,-33.886949]}},{"type":"Feature","properties":{"k":"tree"},"geometry":{"type":"Point","coordinates":[151.2065,-33.888092]}},{"type":"Feature","properties":{"k":"tree"},"geometry":{"type":"Point","coordinates":[151.206919,-33.886094]}},{"type":"Feature","properties":{"k":"tree"},"geometry":{"type":"Point","coordinates":[151.206708,-33.887109]}},{"type":"Feature","properties":{"k":"tree"},"geometry":{"type":"Point","coordinates":[151.206599,-33.88762]}},{"type":"Feature","properties":{"k":"tree"},"geometry":{"type":"Point","coordinates":[151.20685,-33.886407]}},{"type":"Feature","properties":{"k":"tree"},"geometry":{"type":"Point","coordinates":[151.206686,-33.887215]}},{"type":"Feature","properties":{"k":"tree"},"geometry":{"type":"Point","coordinates":[151.206766,-33.886813]}},{"type":"Feature","properties":{"k":"tree"},"geometry":{"type":"Point","coordinates":[151.206898,-33.886188]}},{"type":"Feature","properties":{"k":"tree"},"geometry":{"type":"Point","coordinates":[151.208939,-33.886754]}},{"type":"Feature","properties":{"k":"tree"},"geometry":{"type":"Point","coordinates":[151.213915,-33.871073]}},{"type":"Feature","properties":{"k":"tree"},"geometry":{"type":"Point","coordinates":[151.213906,-33.871156]}},{"type":"Feature","properties":{"k":"tree"},"geometry":{"type":"Point","coordinates":[151.212925,-33.87345]}},{"type":"Feature","properties":{"k":"tree"},"geometry":{"type":"Point","coordinates":[151.212971,-33.873455]}},{"type":"Feature","properties":{"k":"tree"},"geometry":{"type":"Point","coordinates":[151.212967,-33.873484]}},{"type":"Feature","properties":{"k":"tree"},"geometry":{"type":"Point","coordinates":[151.212918,-33.873488]}},{"type":"Feature","properties":{"k":"tree"},"geometry":{"type":"Point","coordinates":[151.21307,-33.873613]}},{"type":"Feature","properties":{"k":"tree"},"geometry":{"type":"Point","coordinates":[151.213171,-33.87363]}},{"type":"Feature","properties":{"k":"tree"},"geometry":{"type":"Point","coordinates":[151.213242,-33.873642]}},{"type":"Feature","properties":{"k":"tree"},"geometry":{"type":"Point","coordinates":[151.213205,-33.873636]}},{"type":"Feature","properties":{"k":"tree"},"geometry":{"type":"Point","coordinates":[151.206354,-33.878001]}},{"type":"Feature","properties":{"k":"tree"},"geometry":{"type":"Point","coordinates":[151.206175,-33.877967]}},{"type":"Feature","properties":{"k":"tree"},"geometry":{"type":"Point","coordinates":[151.206023,-33.877932]}},{"type":"Feature","properties":{"k":"tree"},"geometry":{"type":"Point","coordinates":[151.204966,-33.877702]}},{"type":"Feature","properties":{"k":"tree"},"geometry":{"type":"Point","coordinates":[151.205115,-33.877722]}},{"type":"Feature","properties":{"k":"tree"},"geometry":{"type":"Point","coordinates":[151.205288,-33.87775]}},{"type":"Feature","properties":{"k":"tree"},"geometry":{"type":"Point","coordinates":[151.20443,-33.877656]}},{"type":"Feature","properties":{"k":"tree"},"geometry":{"type":"Point","coordinates":[151.20409,-33.877654]}},{"type":"Feature","properties":{"k":"tree"},"geometry":{"type":"Point","coordinates":[151.203388,-33.877549]}},{"type":"Feature","properties":{"k":"tree"},"geometry":{"type":"Point","coordinates":[151.20318,-33.877765]}},{"type":"Feature","properties":{"k":"tree"},"geometry":{"type":"Point","coordinates":[151.204455,-33.868061]}},{"type":"Feature","properties":{"k":"tree"},"geometry":{"type":"Point","coordinates":[151.204594,-33.868172]}},{"type":"Feature","properties":{"k":"tree"},"geometry":{"type":"Point","coordinates":[151.201796,-33.876634]}},{"type":"Feature","properties":{"k":"tree"},"geometry":{"type":"Point","coordinates":[151.201786,-33.876706]}},{"type":"Feature","properties":{"k":"tree"},"geometry":{"type":"Point","coordinates":[151.201786,-33.876744]}},{"type":"Feature","properties":{"k":"tree"},"geometry":{"type":"Point","coordinates":[151.201775,-33.876789]}},{"type":"Feature","properties":{"k":"tree"},"geometry":{"type":"Point","coordinates":[151.201826,-33.876769]}},{"type":"Feature","properties":{"k":"tree"},"geometry":{"type":"Point","coordinates":[151.202081,-33.874845]}},{"type":"Feature","properties":{"k":"tree"},"geometry":{"type":"Point","coordinates":[151.20196,-33.874756]}},{"type":"Feature","properties":{"k":"tree"},"geometry":{"type":"Point","coordinates":[151.201913,-33.87472]}},{"type":"Feature","properties":{"k":"tree"},"geometry":{"type":"Point","coordinates":[151.201824,-33.874657]}},{"type":"Feature","properties":{"k":"tree"},"geometry":{"type":"Point","coordinates":[151.201725,-33.874581]}},{"type":"Feature","properties":{"k":"tree"},"geometry":{"type":"Point","coordinates":[151.201623,-33.874503]}},{"type":"Feature","properties":{"k":"tree"},"geometry":{"type":"Point","coordinates":[151.201573,-33.874469]}},{"type":"Feature","properties":{"k":"tree"},"geometry":{"type":"Point","coordinates":[151.200477,-33.860596]}},{"type":"Feature","properties":{"k":"tree"},"geometry":{"type":"Point","coordinates":[151.200484,-33.860656]}},{"type":"Feature","properties":{"k":"tree"},"geometry":{"type":"Point","coordinates":[151.200502,-33.860781]}},{"type":"Feature","properties":{"k":"tree"},"geometry":{"type":"Point","coordinates":[151.200494,-33.86072]}},{"type":"Feature","properties":{"k":"tree"},"geometry":{"type":"Point","coordinates":[151.200513,-33.860908]}},{"type":"Feature","properties":{"k":"tree"},"geometry":{"type":"Point","coordinates":[151.200506,-33.860848]}},{"type":"Feature","properties":{"k":"tree"},"geometry":{"type":"Point","coordinates":[151.200526,-33.861034]}},{"type":"Feature","properties":{"k":"tree"},"geometry":{"type":"Point","coordinates":[151.200518,-33.860974]}},{"type":"Feature","properties":{"k":"tree"},"geometry":{"type":"Point","coordinates":[151.200541,-33.86116]}},{"type":"Feature","properties":{"k":"tree"},"geometry":{"type":"Point","coordinates":[151.200534,-33.8611]}},{"type":"Feature","properties":{"k":"tree"},"geometry":{"type":"Point","coordinates":[151.200554,-33.861285]}},{"type":"Feature","properties":{"k":"tree"},"geometry":{"type":"Point","coordinates":[151.200547,-33.861224]}},{"type":"Feature","properties":{"k":"tree"},"geometry":{"type":"Point","coordinates":[151.200561,-33.861347]}},{"type":"Feature","properties":{"k":"tree"},"geometry":{"type":"Point","coordinates":[151.200543,-33.860086]}},{"type":"Feature","properties":{"k":"tree"},"geometry":{"type":"Point","coordinates":[151.200543,-33.860031]}},{"type":"Feature","properties":{"k":"tree"},"geometry":{"type":"Point","coordinates":[151.200541,-33.859982]}},{"type":"Feature","properties":{"k":"tree"},"geometry":{"type":"Point","coordinates":[151.200561,-33.859928]}},{"type":"Feature","properties":{"k":"tree"},"geometry":{"type":"Point","coordinates":[151.200648,-33.861598]}},{"type":"Feature","properties":{"k":"tree"},"geometry":{"type":"Point","coordinates":[151.200647,-33.861654]}},{"type":"Feature","properties":{"k":"tree"},"geometry":{"type":"Point","coordinates":[151.2006,-33.861657]}},{"type":"Feature","properties":{"k":"tree"},"geometry":{"type":"Point","coordinates":[151.200719,-33.861649]}},{"type":"Feature","properties":{"k":"tree"},"geometry":{"type":"Point","coordinates":[151.200711,-33.861597]}},{"type":"Feature","properties":{"k":"tree"},"geometry":{"type":"Point","coordinates":[151.200703,-33.861531]}},{"type":"Feature","properties":{"k":"tree"},"geometry":{"type":"Point","coordinates":[151.200694,-33.861472]}},{"type":"Feature","properties":{"k":"tree"},"geometry":{"type":"Point","coordinates":[151.20069,-33.861407]}},{"type":"Feature","properties":{"k":"tree"},"geometry":{"type":"Point","coordinates":[151.20068,-33.861341]}},{"type":"Feature","properties":{"k":"tree"},"geometry":{"type":"Point","coordinates":[151.200676,-33.86128]}},{"type":"Feature","properties":{"k":"tree"},"geometry":{"type":"Point","coordinates":[151.200619,-33.861285]}},{"type":"Feature","properties":{"k":"tree"},"geometry":{"type":"Point","coordinates":[151.200618,-33.861354]}},{"type":"Feature","properties":{"k":"tree"},"geometry":{"type":"Point","coordinates":[151.200623,-33.861414]}},{"type":"Feature","properties":{"k":"tree"},"geometry":{"type":"Point","coordinates":[151.200638,-33.861544]}},{"type":"Feature","properties":{"k":"tree"},"geometry":{"type":"Point","coordinates":[151.200632,-33.861479]}},{"type":"Feature","properties":{"k":"tree"},"geometry":{"type":"Point","coordinates":[151.200601,-33.861224]}},{"type":"Feature","properties":{"k":"tree"},"geometry":{"type":"Point","coordinates":[151.200664,-33.861213]}},{"type":"Feature","properties":{"k":"tree"},"geometry":{"type":"Point","coordinates":[151.200658,-33.861154]}},{"type":"Feature","properties":{"k":"tree"},"geometry":{"type":"Point","coordinates":[151.200594,-33.861164]}},{"type":"Feature","properties":{"k":"tree"},"geometry":{"type":"Point","coordinates":[151.200651,-33.861088]}},{"type":"Feature","properties":{"k":"tree"},"geometry":{"type":"Point","coordinates":[151.200588,-33.861098]}},{"type":"Feature","properties":{"k":"tree"},"geometry":{"type":"Point","coordinates":[151.200644,-33.861025]}},{"type":"Feature","properties":{"k":"tree"},"geometry":{"type":"Point","coordinates":[151.200581,-33.861035]}},{"type":"Feature","properties":{"k":"tree"},"geometry":{"type":"Point","coordinates":[151.200639,-33.860963]}},{"type":"Feature","properties":{"k":"tree"},"geometry":{"type":"Point","coordinates":[151.200575,-33.860973]}},{"type":"Feature","properties":{"k":"tree"},"geometry":{"type":"Point","coordinates":[151.200633,-33.860901]}},{"type":"Feature","properties":{"k":"tree"},"geometry":{"type":"Point","coordinates":[151.20057,-33.860912]}},{"type":"Feature","properties":{"k":"tree"},"geometry":{"type":"Point","coordinates":[151.200626,-33.860836]}},{"type":"Feature","properties":{"k":"tree"},"geometry":{"type":"Point","coordinates":[151.200562,-33.860847]}},{"type":"Feature","properties":{"k":"tree"},"geometry":{"type":"Point","coordinates":[151.200617,-33.860774]}},{"type":"Feature","properties":{"k":"tree"},"geometry":{"type":"Point","coordinates":[151.200554,-33.860785]}},{"type":"Feature","properties":{"k":"tree"},"geometry":{"type":"Point","coordinates":[151.200609,-33.860711]}},{"type":"Feature","properties":{"k":"tree"},"geometry":{"type":"Point","coordinates":[151.200546,-33.860722]}},{"type":"Feature","properties":{"k":"tree"},"geometry":{"type":"Point","coordinates":[151.200604,-33.86065]}},{"type":"Feature","properties":{"k":"tree"},"geometry":{"type":"Point","coordinates":[151.20054,-33.86066]}},{"type":"Feature","properties":{"k":"tree"},"geometry":{"type":"Point","coordinates":[151.200593,-33.860584]}},{"type":"Feature","properties":{"k":"tree"},"geometry":{"type":"Point","coordinates":[151.200529,-33.860594]}},{"type":"Feature","properties":{"k":"tree"},"geometry":{"type":"Point","coordinates":[151.200589,-33.86052]}},{"type":"Feature","properties":{"k":"tree"},"geometry":{"type":"Point","coordinates":[151.200525,-33.860531]}},{"type":"Feature","properties":{"k":"tree"},"geometry":{"type":"Point","coordinates":[151.200581,-33.860458]}},{"type":"Feature","properties":{"k":"tree"},"geometry":{"type":"Point","coordinates":[151.200517,-33.860468]}},{"type":"Feature","properties":{"k":"tree"},"geometry":{"type":"Point","coordinates":[151.200574,-33.860397]}},{"type":"Feature","properties":{"k":"tree"},"geometry":{"type":"Point","coordinates":[151.200511,-33.860408]}},{"type":"Feature","properties":{"k":"tree"},"geometry":{"type":"Point","coordinates":[151.200565,-33.860335]}},{"type":"Feature","properties":{"k":"tree"},"geometry":{"type":"Point","coordinates":[151.200502,-33.860346]}},{"type":"Feature","properties":{"k":"tree"},"geometry":{"type":"Point","coordinates":[151.200568,-33.86027]}},{"type":"Feature","properties":{"k":"tree"},"geometry":{"type":"Point","coordinates":[151.200505,-33.860281]}},{"type":"Feature","properties":{"k":"tree"},"geometry":{"type":"Point","coordinates":[151.200556,-33.860206]}},{"type":"Feature","properties":{"k":"tree"},"geometry":{"type":"Point","coordinates":[151.200492,-33.860217]}},{"type":"Feature","properties":{"k":"tree"},"geometry":{"type":"Point","coordinates":[151.200549,-33.860148]}},{"type":"Feature","properties":{"k":"tree"},"geometry":{"type":"Point","coordinates":[151.200486,-33.860159]}},{"type":"Feature","properties":{"k":"tree"},"geometry":{"type":"Point","coordinates":[151.20048,-33.860091]}},{"type":"Feature","properties":{"k":"tree"},"geometry":{"type":"Point","coordinates":[151.200479,-33.860036]}},{"type":"Feature","properties":{"k":"tree"},"geometry":{"type":"Point","coordinates":[151.200484,-33.859967]}},{"type":"Feature","properties":{"k":"tree"},"geometry":{"type":"Point","coordinates":[151.200503,-33.859905]}},{"type":"Feature","properties":{"k":"tree"},"geometry":{"type":"Point","coordinates":[151.20054,-33.859845]}},{"type":"Feature","properties":{"k":"tree"},"geometry":{"type":"Point","coordinates":[151.200579,-33.859795]}},{"type":"Feature","properties":{"k":"tree"},"geometry":{"type":"Point","coordinates":[151.200633,-33.859746]}},{"type":"Feature","properties":{"k":"tree"},"geometry":{"type":"Point","coordinates":[151.200698,-33.859722]}},{"type":"Feature","properties":{"k":"tree"},"geometry":{"type":"Point","coordinates":[151.200765,-33.859683]}},{"type":"Feature","properties":{"k":"tree"},"geometry":{"type":"Point","coordinates":[151.200832,-33.85967]}},{"type":"Feature","properties":{"k":"tree"},"geometry":{"type":"Point","coordinates":[151.200958,-33.859641]}},{"type":"Feature","properties":{"k":"tree"},"geometry":{"type":"Point","coordinates":[151.201026,-33.859625]}},{"type":"Feature","properties":{"k":"tree"},"geometry":{"type":"Point","coordinates":[151.201103,-33.859611]}},{"type":"Feature","properties":{"k":"tree"},"geometry":{"type":"Point","coordinates":[151.201179,-33.859598]}},{"type":"Feature","properties":{"k":"tree"},"geometry":{"type":"Point","coordinates":[151.201254,-33.859586]}},{"type":"Feature","properties":{"k":"tree"},"geometry":{"type":"Point","coordinates":[151.201322,-33.85957]}},{"type":"Feature","properties":{"k":"tree"},"geometry":{"type":"Point","coordinates":[151.201401,-33.859558]}},{"type":"Feature","properties":{"k":"tree"},"geometry":{"type":"Point","coordinates":[151.201472,-33.859543]}},{"type":"Feature","properties":{"k":"tree"},"geometry":{"type":"Point","coordinates":[151.203185,-33.877836]}},{"type":"Feature","properties":{"k":"tree"},"geometry":{"type":"Point","coordinates":[151.203188,-33.877909]}},{"type":"Feature","properties":{"k":"tree"},"geometry":{"type":"Point","coordinates":[151.203205,-33.87797]}},{"type":"Feature","properties":{"k":"tree"},"geometry":{"type":"Point","coordinates":[151.203113,-33.877877]}},{"type":"Feature","properties":{"k":"tree"},"geometry":{"type":"Point","coordinates":[151.203034,-33.877866]}},{"type":"Feature","properties":{"k":"tree"},"geometry":{"type":"Point","coordinates":[151.202964,-33.877857]}},{"type":"Feature","properties":{"k":"tree"},"geometry":{"type":"Point","coordinates":[151.202875,-33.877843]}},{"type":"Feature","properties":{"k":"tree"},"geometry":{"type":"Point","coordinates":[151.202796,-33.877833]}},{"type":"Feature","properties":{"k":"tree"},"geometry":{"type":"Point","coordinates":[151.202728,-33.877825]}},{"type":"Feature","properties":{"k":"tree"},"geometry":{"type":"Point","coordinates":[151.202649,-33.877812]}},{"type":"Feature","properties":{"k":"tree"},"geometry":{"type":"Point","coordinates":[151.202571,-33.877804]}},{"type":"Feature","properties":{"k":"tree"},"geometry":{"type":"Point","coordinates":[151.20249,-33.877799]}},{"type":"Feature","properties":{"k":"tree"},"geometry":{"type":"Point","coordinates":[151.20254,-33.877658]}},{"type":"Feature","properties":{"k":"tree"},"geometry":{"type":"Point","coordinates":[151.202584,-33.877653]}},{"type":"Feature","properties":{"k":"tree"},"geometry":{"type":"Point","coordinates":[151.202637,-33.877644]}},{"type":"Feature","properties":{"k":"tree"},"geometry":{"type":"Point","coordinates":[151.202684,-33.877649]}},{"type":"Feature","properties":{"k":"tree"},"geometry":{"type":"Point","coordinates":[151.202821,-33.877638]}},{"type":"Feature","properties":{"k":"tree"},"geometry":{"type":"Point","coordinates":[151.20298,-33.87766]}},{"type":"Feature","properties":{"k":"tree"},"geometry":{"type":"Point","coordinates":[151.203891,-33.870725]}},{"type":"Feature","properties":{"k":"tree"},"geometry":{"type":"Point","coordinates":[151.203868,-33.870539]}},{"type":"Feature","properties":{"k":"tree"},"geometry":{"type":"Point","coordinates":[151.20385,-33.870268]}},{"type":"Feature","properties":{"k":"tree"},"geometry":{"type":"Point","coordinates":[151.203719,-33.869239]}},{"type":"Feature","properties":{"k":"tree"},"geometry":{"type":"Point","coordinates":[151.203714,-33.869163]}},{"type":"Feature","properties":{"k":"tree"},"geometry":{"type":"Point","coordinates":[151.203712,-33.869099]}},{"type":"Feature","properties":{"k":"tree"},"geometry":{"type":"Point","coordinates":[151.20361,-33.869319]}},{"type":"Feature","properties":{"k":"tree"},"geometry":{"type":"Point","coordinates":[151.203493,-33.868494]}},{"type":"Feature","properties":{"k":"tree"},"geometry":{"type":"Point","coordinates":[151.203491,-33.868231]}},{"type":"Feature","properties":{"k":"tree"},"geometry":{"type":"Point","coordinates":[151.203475,-33.868118]}},{"type":"Feature","properties":{"k":"tree"},"geometry":{"type":"Point","coordinates":[151.203303,-33.867977]}},{"type":"Feature","properties":{"k":"tree"},"geometry":{"type":"Point","coordinates":[151.203242,-33.868002]}},{"type":"Feature","properties":{"k":"tree"},"geometry":{"type":"Point","coordinates":[151.203418,-33.867701]}},{"type":"Feature","properties":{"k":"tree"},"geometry":{"type":"Point","coordinates":[151.203406,-33.867563]}},{"type":"Feature","properties":{"k":"tree"},"geometry":{"type":"Point","coordinates":[151.203391,-33.867472]}},{"type":"Feature","properties":{"k":"tree"},"geometry":{"type":"Point","coordinates":[151.203367,-33.867203]}},{"type":"Feature","properties":{"k":"tree"},"geometry":{"type":"Point","coordinates":[151.196728,-33.880499]}},{"type":"Feature","properties":{"k":"tree"},"geometry":{"type":"Point","coordinates":[151.196687,-33.880431]}},{"type":"Feature","properties":{"k":"tree"},"geometry":{"type":"Point","coordinates":[151.216711,-33.873712]}},{"type":"Feature","properties":{"k":"tree"},"geometry":{"type":"Point","coordinates":[151.217551,-33.873429]}},{"type":"Feature","properties":{"k":"tree"},"geometry":{"type":"Point","coordinates":[151.217519,-33.873569]}},{"type":"Feature","properties":{"k":"tree"},"geometry":{"type":"Point","coordinates":[151.217502,-33.873638]}},{"type":"Feature","properties":{"k":"tree"},"geometry":{"type":"Point","coordinates":[151.217432,-33.873952]}},{"type":"Feature","properties":{"k":"tree"},"geometry":{"type":"Point","coordinates":[151.217423,-33.874035]}},{"type":"Feature","properties":{"k":"tree"},"geometry":{"type":"Point","coordinates":[151.19608,-33.867465]}},{"type":"Feature","properties":{"k":"tree"},"geometry":{"type":"Point","coordinates":[151.208676,-33.853669]}},{"type":"Feature","properties":{"k":"tree"},"geometry":{"type":"Point","coordinates":[151.21404,-33.878874]}},{"type":"Feature","properties":{"k":"tree"},"geometry":{"type":"Point","coordinates":[151.211846,-33.87717]}},{"type":"Feature","properties":{"k":"tree"},"geometry":{"type":"Point","coordinates":[151.211877,-33.877107]}},{"type":"Feature","properties":{"k":"tree"},"geometry":{"type":"Point","coordinates":[151.216824,-33.88308]}},{"type":"Feature","properties":{"k":"park"},"geometry":{"type":"Polygon","coordinates":[[[151.220892,-33.879371],[151.220194,-33.879978],[151.219644,-33.879887],[151.219662,-33.87987],[151.219999,-33.879216],[151.220886,-33.879357],[151.220894,-33.87936],[151.220896,-33.879366],[151.220892,-33.879371]]]}},{"type":"Feature","properties":{"k":"park"},"geometry":{"type":"Polygon","coordinates":[[[151.213465,-33.872763],[151.213632,-33.872005],[151.2143,-33.872083],[151.214754,-33.871713],[151.21531,-33.8719],[151.21533,-33.871928],[151.214917,-33.872438],[151.214667,-33.872896],[151.213465,-33.872763]]]}},{"type":"Feature","properties":{"k":"park"},"geometry":{"type":"Polygon","coordinates":[[[151.201968,-33.876422],[151.20201,-33.876422],[151.202012,-33.87636],[151.202014,-33.876345],[151.202021,-33.87633],[151.202032,-33.876317],[151.202046,-33.876309],[151.202062,-33.876302],[151.202083,-33.876298],[151.20212,-33.876295],[151.202155,-33.876293],[151.202175,-33.876288],[151.20219,-33.87628],[151.202204,-33.876271],[151.202214,-33.876259],[151.202221,-33.876248],[151.202235,-33.876224],[151.202249,-33.876206],[151.202266,-33.87619],[151.202289,-33.876177],[151.202316,-33.876169],[151.202336,-33.876163],[151.202355,-33.876156],[151.202369,-33.876146],[151.202379,-33.876133],[151.202385,-33.876119],[151.202392,-33.876095],[151.2024,-33.876072],[151.202406,-33.876049],[151.202414,-33.876037],[151.202426,-33.876023],[151.202442,-33.876009],[151.20247,-33.875999],[151.202498,-33.875997],[151.202515,-33.875999],[151.202521,-33.875972],[151.202552,-33.875969],[151.20286,-33.876025],[151.20296,-33.876043],[151.203001,-33.876051],[151.203203,-33.876087],[151.203224,-33.876091],[151.203267,-33.876099],[151.203176,-33.876674],[151.203157,-33.876754],[151.203128,-33.876826],[151.203091,-33.876881],[151.203048,-33.876922],[151.202992,-33.876955],[151.202918,-33.876981],[151.202851,-33.876995],[151.202796,-33.876996],[151.202761,-33.876993],[151.202724,-33.876985],[151.202687,-33.876968],[151.20258,-33.876968],[151.202579,-33.876996],[151.202023,-33.87699],[151.202022,-33.876995],[151.201958,-33.876993],[151.201961,-33.876809],[151.201965,-33.876591],[151.201968,-33.876422]]]}},{"type":"Feature","properties":{"k":"park"},"geometry":{"type":"Polygon","coordinates":[[[151.202897,-33.888332],[151.203119,-33.888231],[151.203186,-33.888116],[151.203321,-33.88817],[151.203467,-33.887953],[151.203993,-33.887602],[151.204515,-33.887254],[151.205394,-33.886714],[151.205919,-33.88637],[151.206465,-33.885983],[151.206513,-33.886005],[151.206542,-33.885985],[151.206611,-33.886052],[151.206731,-33.886064],[151.206703,-33.886209],[151.206527,-33.887033],[151.206393,-33.887676],[151.206193,-33.888584],[151.206177,-33.888663],[151.205938,-33.88863],[151.205923,-33.888706],[151.20575,-33.888609],[151.205643,-33.888586],[151.205365,-33.889461],[151.20534,-33.889457],[151.202735,-33.889131],[151.202887,-33.888354],[151.202897,-33.888332]]]}},{"type":"Feature","properties":{"k":"park"},"geometry":{"type":"Polygon","coordinates":[[[151.212262,-33.883057],[151.212352,-33.882767],[151.212584,-33.882813],[151.212931,-33.882882],[151.212945,-33.882835],[151.213092,-33.88286],[151.213038,-33.883097],[151.213017,-33.88319],[151.21291,-33.883171],[151.212275,-33.88306],[151.212262,-33.883057]]]}},{"type":"Feature","properties":{"k":"park"},"geometry":{"type":"Polygon","coordinates":[[[151.206533,-33.881672],[151.207019,-33.881049],[151.207073,-33.880973],[151.207119,-33.880897],[151.207152,-33.880828],[151.207242,-33.880528],[151.207258,-33.880458],[151.20726,-33.880409],[151.207257,-33.880354],[151.207276,-33.880319],[151.207333,-33.880287],[151.20743,-33.880283],[151.20751,-33.880297],[151.208277,-33.880448],[151.208285,-33.880486],[151.208287,-33.880524],[151.208279,-33.880565],[151.208267,-33.880615],[151.207955,-33.881776],[151.207924,-33.881858],[151.207835,-33.882028],[151.20771,-33.882195],[151.2076,-33.882299],[151.207409,-33.882198],[151.207324,-33.882092],[151.20685,-33.881837],[151.206533,-33.881672]]]}},{"type":"Feature","properties":{"k":"park"},"geometry":{"type":"Polygon","coordinates":[[[151.209846,-33.86343],[151.209738,-33.863281],[151.209997,-33.863058],[151.210118,-33.862952],[151.210203,-33.862981],[151.210269,-33.862926],[151.210304,-33.862949],[151.210283,-33.863129],[151.210263,-33.863298],[151.210253,-33.86338],[151.210249,-33.863393],[151.210232,-33.863399],[151.209993,-33.863421],[151.209846,-33.86343]]]}},{"type":"Feature","properties":{"k":"park"},"geometry":{"type":"Polygon","coordinates":[[[151.205559,-33.863497],[151.205571,-33.863478],[151.205934,-33.86348],[151.206208,-33.863492],[151.206236,-33.863517],[151.206245,-33.863555],[151.206219,-33.863636],[151.206097,-33.863753],[151.205704,-33.86407],[151.205662,-33.864104],[151.205631,-33.864091],[151.205603,-33.863875],[151.205559,-33.863497]]]}},{"type":"Feature","properties":{"k":"park"},"geometry":{"type":"Polygon","coordinates":[[[151.209489,-33.86048],[151.209479,-33.860557],[151.209475,-33.86059],[151.209469,-33.860636],[151.209463,-33.86068],[151.20946,-33.860711],[151.20946,-33.860752],[151.209461,-33.860825],[151.209469,-33.860885],[151.20948,-33.86092],[151.209504,-33.860985],[151.209521,-33.861016],[151.209565,-33.861072],[151.209603,-33.861103],[151.209646,-33.861132],[151.209639,-33.861192],[151.20929,-33.861162],[151.208619,-33.86111],[151.208633,-33.861032],[151.208707,-33.860616],[151.20871,-33.860608],[151.208715,-33.860602],[151.20873,-33.860597],[151.208759,-33.860597],[151.208766,-33.860545],[151.208774,-33.860474],[151.208753,-33.860473],[151.208759,-33.860426],[151.209167,-33.860456],[151.209191,-33.860458],[151.209336,-33.860469],[151.209374,-33.860472],[151.209403,-33.860474],[151.209489,-33.86048]]]}},{"type":"Feature","properties":{"k":"park"},"geometry":{"type":"Polygon","coordinates":[[[151.206169,-33.86691],[151.206161,-33.86693],[151.206162,-33.866945],[151.206155,-33.866962],[151.206136,-33.86697],[151.206113,-33.866966],[151.206098,-33.866954],[151.206016,-33.866955],[151.205986,-33.866927],[151.205794,-33.865171],[151.206315,-33.86517],[151.20633,-33.865174],[151.20634,-33.865182],[151.206346,-33.865191],[151.20635,-33.865203],[151.206169,-33.86691]]]}},{"type":"Feature","properties":{"k":"park"},"geometry":{"type":"Polygon","coordinates":[[[151.217861,-33.892485],[151.217004,-33.892056],[151.217195,-33.891306],[151.217457,-33.890766],[151.217652,-33.890258],[151.218102,-33.888131],[151.218187,-33.88692],[151.218179,-33.886386],[151.218711,-33.886595],[151.218842,-33.886729],[151.219201,-33.887549],[151.219385,-33.88795],[151.219713,-33.88871],[151.220083,-33.889636],[151.220547,-33.891151],[151.219619,-33.891612],[151.218809,-33.892014],[151.217861,-33.892485]]]}},{"type":"Feature","properties":{"k":"park"},"geometry":{"type":"Polygon","coordinates":[[[151.197757,-33.868108],[151.197804,-33.868601],[151.197518,-33.8686],[151.19743,-33.868598],[151.19729,-33.868572],[151.19712,-33.868519],[151.196939,-33.868452],[151.196748,-33.868352],[151.19657,-33.868236],[151.196454,-33.868138],[151.196326,-33.868026],[151.196202,-33.86789],[151.196104,-33.86775],[151.196246,-33.867694],[151.197757,-33.868108]]]}},{"type":"Feature","properties":{"k":"park"},"geometry":{"type":"Polygon","coordinates":[[[151.204741,-33.883002],[151.205113,-33.882693],[151.205134,-33.882679],[151.205158,-33.882672],[151.205187,-33.88267],[151.205212,-33.882674],[151.205236,-33.882684],[151.205358,-33.882757],[151.205082,-33.883098],[151.205048,-33.883131],[151.205002,-33.88315],[151.204842,-33.883169],[151.204801,-33.883167],[151.204766,-33.883158],[151.204743,-33.883145],[151.204719,-33.88311],[151.204711,-33.88308],[151.204713,-33.883052],[151.204723,-33.883026],[151.204741,-33.883002]]]}},{"type":"Feature","properties":{"k":"park"},"geometry":{"type":"Polygon","coordinates":[[[151.219024,-33.868296],[151.218994,-33.868265],[151.218981,-33.86824],[151.218975,-33.868205],[151.218978,-33.868174],[151.21899,-33.868147],[151.21901,-33.868121],[151.219,-33.86811],[151.218944,-33.868108],[151.218957,-33.867857],[151.218988,-33.867858],[151.219032,-33.867488],[151.219067,-33.867163],[151.219076,-33.867125],[151.219096,-33.867085],[151.219121,-33.867047],[151.219152,-33.867014],[151.21919,-33.866978],[151.219244,-33.866929],[151.219239,-33.866884],[151.219213,-33.866885],[151.219381,-33.866704],[151.219393,-33.866723],[151.219403,-33.866759],[151.219411,-33.866796],[151.219416,-33.866833],[151.219416,-33.866871],[151.219412,-33.866905],[151.219402,-33.86695],[151.219391,-33.866992],[151.219369,-33.86704],[151.219342,-33.867084],[151.219319,-33.86712],[151.219297,-33.867162],[151.219283,-33.867201],[151.21927,-33.867239],[151.219257,-33.867286],[151.219249,-33.867326],[151.219244,-33.867372],[151.219238,-33.867423],[151.219233,-33.86747],[151.219207,-33.867694],[151.2192,-33.867743],[151.219191,-33.867783],[151.219179,-33.867821],[151.219166,-33.86786],[151.219138,-33.867946],[151.219089,-33.867935],[151.21909,-33.867971],[151.219089,-33.868],[151.219083,-33.868028],[151.21907,-33.868063],[151.219058,-33.868095],[151.219043,-33.868129],[151.219057,-33.868149],[151.219065,-33.868163],[151.219071,-33.868178],[151.219076,-33.868198],[151.21908,-33.868215],[151.219087,-33.868231],[151.219101,-33.868251],[151.219043,-33.868285],[151.219024,-33.868296]]]}},{"type":"Feature","properties":{"k":"park"},"geometry":{"type":"Polygon","coordinates":[[[151.205293,-33.860117],[151.204996,-33.860027],[151.204803,-33.860036],[151.204762,-33.859924],[151.204774,-33.859923],[151.204834,-33.859924],[151.204874,-33.859922],[151.204905,-33.859905],[151.205128,-33.859751],[151.205127,-33.859365],[151.204854,-33.859207],[151.204698,-33.859209],[151.204653,-33.859209],[151.204355,-33.859397],[151.204343,-33.859756],[151.204567,-33.859919],[151.204679,-33.859924],[151.204567,-33.860031],[151.204636,-33.860082],[151.204483,-33.860176],[151.204333,-33.860283],[151.204252,-33.860381],[151.204208,-33.860458],[151.204172,-33.860607],[151.204165,-33.860682],[151.204133,-33.860726],[151.20413,-33.86064],[151.204085,-33.860196],[151.204035,-33.859715],[151.204039,-33.859621],[151.204086,-33.859234],[151.204103,-33.859095],[151.204135,-33.859036],[151.20418,-33.858977],[151.204237,-33.858925],[151.204474,-33.858749],[151.204488,-33.858737],[151.204506,-33.858729],[151.204533,-33.858723],[151.204596,-33.858736],[151.204971,-33.858821],[151.20517,-33.85886],[151.205461,-33.858901],[151.205635,-33.858923],[151.205687,-33.85894],[151.205726,-33.858971],[151.205878,-33.859018],[151.205886,-33.859104],[151.205839,-33.859276],[151.205734,-33.859502],[151.205686,-33.859601],[151.205658,-33.859653],[151.205477,-33.859856],[151.205391,-33.859963],[151.20534,-33.860076],[151.205322,-33.860106],[151.205293,-33.860117]]]}},{"type":"Feature","properties":{"k":"park"},"geometry":{"type":"Polygon","coordinates":[[[151.214857,-33.892265],[151.215246,-33.892318],[151.215224,-33.892429],[151.214835,-33.892375],[151.214857,-33.892265]]]}},{"type":"Feature","properties":{"k":"grass"},"geometry":{"type":"Polygon","coordinates":[[[151.216834,-33.88088],[151.216793,-33.881025],[151.216816,-33.881137],[151.216908,-33.881125],[151.216858,-33.880876],[151.216834,-33.88088]]]}},{"type":"Feature","properties":{"k":"grass"},"geometry":{"type":"Polygon","coordinates":[[[151.217793,-33.880829],[151.217804,-33.880819],[151.217798,-33.880769],[151.217789,-33.88073],[151.217771,-33.880692],[151.217741,-33.880645],[151.217705,-33.880599],[151.217674,-33.88057],[151.217632,-33.880537],[151.21759,-33.880511],[151.217521,-33.880479],[151.217474,-33.880463],[151.217383,-33.880452],[151.217262,-33.880456],[151.217221,-33.880464],[151.217196,-33.880465],[151.217209,-33.880516],[151.217228,-33.880551],[151.217253,-33.880583],[151.217793,-33.880829]]]}},{"type":"Feature","properties":{"k":"grass"},"geometry":{"type":"Polygon","coordinates":[[[151.217252,-33.880108],[151.217228,-33.880156],[151.217213,-33.880208],[151.217202,-33.880253],[151.217198,-33.880299],[151.217198,-33.880376],[151.217291,-33.880371],[151.217297,-33.880366],[151.217298,-33.880306],[151.2173,-33.880275],[151.217325,-33.880177],[151.217327,-33.88016],[151.217322,-33.880146],[151.217315,-33.880139],[151.217252,-33.880108]]]}},{"type":"Feature","properties":{"k":"grass"},"geometry":{"type":"Polygon","coordinates":[[[151.203703,-33.865665],[151.203687,-33.865517],[151.203791,-33.865509],[151.203808,-33.865657],[151.203703,-33.865665]]]}},{"type":"Feature","properties":{"k":"park"},"geometry":{"type":"Polygon","coordinates":[[[151.198352,-33.881125],[151.198627,-33.881017],[151.198541,-33.880867],[151.198562,-33.880859],[151.198446,-33.880657],[151.198505,-33.880634],[151.19853,-33.880678],[151.198717,-33.880604],[151.198767,-33.880689],[151.199014,-33.880592],[151.199314,-33.881134],[151.19854,-33.881445],[151.198352,-33.881125]]]}},{"type":"Feature","properties":{"k":"park"},"geometry":{"type":"Polygon","coordinates":[[[151.195211,-33.875678],[151.195996,-33.875369],[151.19614,-33.875621],[151.195354,-33.87593],[151.195211,-33.875678]]]}},{"type":"Feature","properties":{"k":"park"},"geometry":{"type":"Polygon","coordinates":[[[151.212499,-33.873401],[151.212495,-33.873429],[151.212484,-33.873456],[151.212467,-33.87348],[151.212443,-33.873501],[151.212415,-33.873518],[151.212384,-33.873529],[151.212351,-33.873535],[151.212316,-33.873535],[151.212279,-33.873528],[151.211828,-33.873459],[151.21147,-33.8734],[151.211314,-33.873376],[151.210242,-33.873208],[151.210191,-33.873196],[151.210152,-33.873173],[151.21012,-33.873143],[151.210101,-33.873105],[151.210098,-33.873089],[151.210095,-33.873057],[151.210088,-33.873044],[151.210083,-33.87303],[151.210081,-33.873018],[151.210083,-33.873001],[151.21009,-33.872986],[151.210106,-33.872963],[151.210113,-33.872894],[151.210133,-33.872895],[151.210142,-33.872804],[151.210102,-33.872802],[151.21021,-33.871972],[151.210341,-33.870909],[151.210343,-33.8709],[151.210349,-33.870893],[151.210361,-33.870887],[151.210373,-33.870886],[151.210396,-33.870888],[151.210404,-33.87084],[151.210412,-33.870811],[151.210418,-33.87078],[151.21042,-33.870766],[151.210432,-33.870653],[151.210381,-33.870648],[151.210394,-33.87047],[151.210414,-33.870401],[151.210444,-33.870342],[151.210487,-33.870283],[151.210556,-33.870217],[151.210638,-33.870158],[151.210719,-33.87011],[151.210814,-33.870064],[151.210928,-33.870015],[151.211026,-33.869986],[151.211132,-33.869958],[151.211267,-33.869938],[151.211398,-33.869929],[151.211499,-33.869932],[151.212084,-33.870006],[151.21216,-33.870019],[151.212268,-33.870045],[151.212353,-33.870075],[151.21244,-33.870117],[151.212506,-33.870163],[151.212553,-33.870215],[151.212747,-33.87046],[151.212776,-33.870523],[151.212797,-33.87057],[151.212809,-33.870616],[151.212825,-33.870687],[151.21283,-33.870764],[151.212824,-33.870846],[151.212821,-33.870876],[151.212819,-33.870885],[151.212813,-33.870891],[151.212808,-33.870896],[151.212806,-33.870915],[151.212761,-33.871256],[151.212759,-33.87127],[151.212813,-33.871274],[151.212699,-33.872132],[151.212579,-33.873047],[151.212549,-33.873044],[151.212499,-33.873401]]]}},{"type":"Feature","properties":{"k":"park"},"geometry":{"type":"Polygon","coordinates":[[[151.21231,-33.873823],[151.212324,-33.873844],[151.212323,-33.873865],[151.212312,-33.873883],[151.21234,-33.873895],[151.212364,-33.873905],[151.212391,-33.873905],[151.212431,-33.873952],[151.212313,-33.874896],[151.212307,-33.874963],[151.212191,-33.875895],[151.212187,-33.875952],[151.212129,-33.876424],[151.212097,-33.876499],[151.212041,-33.87653],[151.212011,-33.876534],[151.211987,-33.876537],[151.21198,-33.876556],[151.211963,-33.876582],[151.211921,-33.876606],[151.211934,-33.87665],[151.211921,-33.876701],[151.211899,-33.876726],[151.211854,-33.87675],[151.211792,-33.876753],[151.21155,-33.87675],[151.21092,-33.876742],[151.210779,-33.876738],[151.21063,-33.876735],[151.210025,-33.876729],[151.210024,-33.876709],[151.210016,-33.876676],[151.210004,-33.876652],[151.209988,-33.87663],[151.209999,-33.876605],[151.210007,-33.876578],[151.210007,-33.876552],[151.210003,-33.876531],[151.209995,-33.876509],[151.209986,-33.876493],[151.209959,-33.876467],[151.209934,-33.876443],[151.209875,-33.876422],[151.209864,-33.876407],[151.209846,-33.876393],[151.209823,-33.876384],[151.209788,-33.876373],[151.209774,-33.876371],[151.209754,-33.87637],[151.209734,-33.876371],[151.209711,-33.876376],[151.209689,-33.876384],[151.209669,-33.876398],[151.209656,-33.876357],[151.20975,-33.875619],[151.209753,-33.875596],[151.209759,-33.875564],[151.209856,-33.874834],[151.209877,-33.874671],[151.209892,-33.874504],[151.210007,-33.873538],[151.210026,-33.873507],[151.210032,-33.873497],[151.21007,-33.87348],[151.210111,-33.873476],[151.21019,-33.87348],[151.210243,-33.87349],[151.210385,-33.873514],[151.211263,-33.873652],[151.212235,-33.8738],[151.21231,-33.873823]]]}},{"type":"Feature","properties":{"k":"park"},"geometry":{"type":"Polygon","coordinates":[[[151.197128,-33.891867],[151.197202,-33.891877],[151.197247,-33.891634],[151.197173,-33.891625],[151.197128,-33.891867]]]}},{"type":"Feature","properties":{"k":"park"},"geometry":{"type":"Polygon","coordinates":[[[151.205922,-33.85732],[151.205834,-33.857402],[151.205767,-33.857351],[151.205619,-33.857355],[151.205518,-33.857355],[151.205513,-33.857529],[151.205486,-33.857525],[151.205466,-33.857518],[151.205454,-33.857508],[151.205443,-33.857494],[151.205445,-33.857357],[151.205447,-33.857288],[151.205455,-33.857247],[151.20547,-33.857205],[151.205491,-33.857169],[151.205519,-33.857143],[151.20555,-33.857114],[151.205584,-33.85709],[151.205635,-33.857057],[151.205711,-33.857126],[151.205824,-33.857231],[151.205922,-33.85732]]]}},{"type":"Feature","properties":{"k":"park"},"geometry":{"type":"Polygon","coordinates":[[[151.20362,-33.858328],[151.20366,-33.85829],[151.20389,-33.858288],[151.203904,-33.858298],[151.203908,-33.858315],[151.203906,-33.858334],[151.203863,-33.858364],[151.20366,-33.858337],[151.20362,-33.858328]]]}},{"type":"Feature","properties":{"k":"park"},"geometry":{"type":"Polygon","coordinates":[[[151.204921,-33.858462],[151.205117,-33.858477],[151.205142,-33.858465],[151.205158,-33.858454],[151.205172,-33.858424],[151.205178,-33.858393],[151.205172,-33.858363],[151.205147,-33.858343],[151.205101,-33.858328],[151.204991,-33.858319],[151.20466,-33.858294],[151.204424,-33.858302],[151.204159,-33.858311],[151.204095,-33.858316],[151.204093,-33.858356],[151.204921,-33.858462]]]}},{"type":"Feature","properties":{"k":"park"},"geometry":{"type":"Polygon","coordinates":[[[151.206541,-33.856354],[151.207043,-33.85597],[151.207066,-33.856018],[151.207067,-33.856059],[151.207052,-33.856099],[151.207016,-33.856136],[151.206778,-33.856317],[151.206733,-33.856344],[151.206678,-33.856357],[151.206541,-33.856354]]]}},{"type":"Feature","properties":{"k":"park"},"geometry":{"type":"Polygon","coordinates":[[[151.202454,-33.858281],[151.202457,-33.85825],[151.202469,-33.858143],[151.20258,-33.858059],[151.202456,-33.858],[151.202437,-33.857999],[151.202415,-33.858011],[151.202397,-33.858029],[151.202343,-33.858037],[151.202276,-33.858029],[151.202278,-33.858014],[151.201908,-33.85812],[151.201903,-33.858111],[151.201863,-33.858013],[151.201762,-33.858008],[151.201745,-33.858164],[151.201878,-33.858228],[151.202003,-33.858289],[151.202013,-33.858312],[151.202048,-33.858302],[151.202092,-33.858287],[151.202218,-33.858247],[151.202241,-33.858257],[151.202301,-33.858283],[151.202454,-33.858281]]]}},{"type":"Feature","properties":{"k":"park"},"geometry":{"type":"Polygon","coordinates":[[[151.20212,-33.856554],[151.202112,-33.856535],[151.201938,-33.856478],[151.201896,-33.856481],[151.201833,-33.85649],[151.201803,-33.856494],[151.201764,-33.856504],[151.201726,-33.856517],[151.20171,-33.856525],[151.201686,-33.85654],[151.201677,-33.856548],[151.201657,-33.856565],[151.201648,-33.856574],[151.201632,-33.856592],[151.201623,-33.856605],[151.20161,-33.856624],[151.201605,-33.856636],[151.201596,-33.856659],[151.201591,-33.85667],[151.201585,-33.856691],[151.201583,-33.856703],[151.201582,-33.856708],[151.201577,-33.856731],[151.201576,-33.856744],[151.201564,-33.856828],[151.201554,-33.857017],[151.201551,-33.857084],[151.20155,-33.857095],[151.20161,-33.857096],[151.201634,-33.857097],[151.201797,-33.857099],[151.201784,-33.857086],[151.201762,-33.857064],[151.201753,-33.857046],[151.20175,-33.857033],[151.20175,-33.857022],[151.201757,-33.857011],[151.201767,-33.856998],[151.201778,-33.856986],[151.201797,-33.856977],[151.201818,-33.856968],[151.201838,-33.856967],[151.201865,-33.856969],[151.201884,-33.85698],[151.201926,-33.857037],[151.201923,-33.856946],[151.201928,-33.8569],[151.201942,-33.856858],[151.201978,-33.856803],[151.202017,-33.856803],[151.202042,-33.856783],[151.202081,-33.856811],[151.202097,-33.856798],[151.202172,-33.85674],[151.202185,-33.85673],[151.202163,-33.856708],[151.202144,-33.856689],[151.202138,-33.856682],[151.202166,-33.856676],[151.20212,-33.856554]]]}},{"type":"Feature","properties":{"k":"park"},"geometry":{"type":"Polygon","coordinates":[[[151.204526,-33.858561],[151.204938,-33.858707],[151.205088,-33.858737],[151.205425,-33.858778],[151.205652,-33.858795],[151.205757,-33.858783],[151.205949,-33.858775],[151.206001,-33.858767],[151.20574,-33.858717],[151.205331,-33.858664],[151.204971,-33.858626],[151.204702,-33.858594],[151.204526,-33.858561]]]}},{"type":"Feature","properties":{"k":"park"},"geometry":{"type":"Polygon","coordinates":[[[151.212432,-33.88845],[151.21181,-33.889266],[151.211496,-33.889093],[151.211372,-33.889036],[151.211269,-33.889002],[151.211128,-33.888974],[151.210929,-33.888943],[151.211616,-33.888048],[151.211828,-33.888149],[151.212233,-33.888343],[151.212315,-33.88839],[151.212432,-33.88845]]]}},{"type":"Feature","properties":{"k":"park"},"geometry":{"type":"Polygon","coordinates":[[[151.196746,-33.888781],[151.19671,-33.888829],[151.196895,-33.888915],[151.196974,-33.88895],[151.197007,-33.888899],[151.196746,-33.888781]]]}},{"type":"Feature","properties":{"k":"park"},"geometry":{"type":"Polygon","coordinates":[[[151.199756,-33.887742],[151.199578,-33.887715],[151.199572,-33.887752],[151.199547,-33.887909],[151.199535,-33.887976],[151.199701,-33.88799],[151.199756,-33.887742]]]}},{"type":"Feature","properties":{"k":"park"},"geometry":{"type":"Polygon","coordinates":[[[151.198451,-33.889463],[151.198373,-33.889579],[151.19831,-33.889674],[151.198208,-33.889826],[151.198174,-33.889877],[151.198084,-33.890011],[151.198237,-33.890082],[151.198327,-33.889948],[151.198462,-33.889745],[151.198604,-33.889533],[151.198451,-33.889463]]]}},{"type":"Feature","properties":{"k":"park"},"geometry":{"type":"Polygon","coordinates":[[[151.198293,-33.890892],[151.19781,-33.890824],[151.197858,-33.890768],[151.198205,-33.890331],[151.198358,-33.890376],[151.198347,-33.890395],[151.198487,-33.890444],[151.198293,-33.890892]]]}},{"type":"Feature","properties":{"k":"park"},"geometry":{"type":"Polygon","coordinates":[[[151.195771,-33.88091],[151.195827,-33.880907],[151.195936,-33.880902],[151.19606,-33.881089],[151.196001,-33.881095],[151.19593,-33.881166],[151.195919,-33.881242],[151.195883,-33.881246],[151.195857,-33.881248],[151.195814,-33.881253],[151.195776,-33.880954],[151.195771,-33.88091]]]}},{"type":"Feature","properties":{"k":"park"},"geometry":{"type":"Polygon","coordinates":[[[151.198292,-33.87974],[151.198441,-33.879683],[151.198524,-33.87983],[151.198375,-33.879889],[151.198292,-33.87974]]]}},{"type":"Feature","properties":{"k":"wood"},"geometry":{"type":"Polygon","coordinates":[[[151.200961,-33.879223],[151.201039,-33.879265],[151.201877,-33.881025],[151.201815,-33.881046],[151.201794,-33.881054],[151.201691,-33.880832],[151.201576,-33.880599],[151.201483,-33.8804],[151.201412,-33.880384],[151.201342,-33.880242],[151.201386,-33.880224],[151.201341,-33.880131],[151.20129,-33.88011],[151.201203,-33.879932],[151.201147,-33.879802],[151.201173,-33.879794],[151.201149,-33.879744],[151.201143,-33.879731],[151.200934,-33.879226],[151.200961,-33.879223]]]}},{"type":"Feature","properties":{"k":"park"},"geometry":{"type":"Polygon","coordinates":[[[151.195371,-33.865618],[151.196334,-33.86575],[151.196449,-33.865866],[151.196465,-33.866006],[151.196415,-33.866111],[151.196355,-33.866157],[151.196313,-33.866195],[151.196221,-33.866226],[151.196162,-33.866229],[151.195295,-33.865987],[151.195371,-33.865618]]]}},{"type":"Feature","properties":{"k":"park"},"geometry":{"type":"Polygon","coordinates":[[[151.196559,-33.864137],[151.197065,-33.863653],[151.197089,-33.863665],[151.197386,-33.863807],[151.197371,-33.86385],[151.197491,-33.863882],[151.197503,-33.863885],[151.197515,-33.863888],[151.197362,-33.86426],[151.197271,-33.864234],[151.197054,-33.864173],[151.196987,-33.864338],[151.196559,-33.864137]]]}},{"type":"Feature","properties":{"k":"park"},"geometry":{"type":"Polygon","coordinates":[[[151.196546,-33.887006],[151.196465,-33.887184],[151.196391,-33.887351],[151.196409,-33.887356],[151.196686,-33.887431],[151.196775,-33.887455],[151.196849,-33.887264],[151.196926,-33.887065],[151.196652,-33.886986],[151.196633,-33.887029],[151.196546,-33.887006]]]}},{"type":"Feature","properties":{"k":"park"},"geometry":{"type":"Polygon","coordinates":[[[151.196171,-33.88676],[151.196193,-33.886797],[151.196222,-33.886804],[151.19626,-33.886712],[151.1962,-33.886694],[151.196171,-33.88676]]]}},{"type":"Feature","properties":{"k":"grass"},"geometry":{"type":"Polygon","coordinates":[[[151.201207,-33.874939],[151.201252,-33.87492],[151.201431,-33.875197],[151.201441,-33.875212],[151.201352,-33.875254],[151.201331,-33.875255],[151.201285,-33.875222],[151.201285,-33.87511],[151.201285,-33.875057],[151.201266,-33.875028],[151.201227,-33.874971],[151.201207,-33.874939]]]}},{"type":"Feature","properties":{"k":"park"},"geometry":{"type":"Polygon","coordinates":[[[151.201918,-33.87613],[151.201992,-33.876099],[151.202064,-33.876064],[151.202119,-33.876021],[151.202156,-33.875987],[151.2022,-33.875928],[151.202221,-33.875898],[151.202233,-33.875881],[151.202239,-33.875861],[151.20227,-33.875772],[151.202274,-33.875639],[151.202235,-33.87552],[151.20216,-33.875413],[151.20211,-33.875355],[151.202008,-33.875289],[151.201842,-33.875236],[151.20168,-33.875228],[151.201497,-33.87527],[151.201377,-33.875335],[151.201284,-33.875412],[151.201224,-33.875507],[151.201185,-33.875584],[151.201166,-33.875717],[151.201187,-33.875824],[151.201237,-33.875925],[151.201324,-33.876019],[151.201415,-33.876083],[151.201532,-33.876132],[151.201659,-33.876157],[151.201748,-33.876156],[151.201806,-33.876154],[151.201875,-33.876142],[151.201918,-33.87613]]]}},{"type":"Feature","properties":{"k":"park"},"geometry":{"type":"Polygon","coordinates":[[[151.210289,-33.855811],[151.210397,-33.855775],[151.210466,-33.855732],[151.210535,-33.855657],[151.21056,-33.8556],[151.210569,-33.855541],[151.210564,-33.855493],[151.210546,-33.855451],[151.210486,-33.855351],[151.210348,-33.855138],[151.21033,-33.855125],[151.210309,-33.855126],[151.210272,-33.855141],[151.210237,-33.855142],[151.210225,-33.855179],[151.21021,-33.855218],[151.210179,-33.855294],[151.210136,-33.85536],[151.210089,-33.855421],[151.210015,-33.855489],[151.210049,-33.855514],[151.210158,-33.85558],[151.210205,-33.855631],[151.210237,-33.855677],[151.210243,-33.855732],[151.210239,-33.855779],[151.21025,-33.855803],[151.210265,-33.85581],[151.210289,-33.855811]]]}},{"type":"Feature","properties":{"k":"grass"},"geometry":{"type":"Polygon","coordinates":[[[151.199523,-33.885637],[151.200134,-33.885617],[151.200153,-33.885928],[151.199529,-33.885956],[151.199523,-33.885637]]]}},{"type":"Feature","properties":{"k":"grass"},"geometry":{"type":"Polygon","coordinates":[[[151.200235,-33.885615],[151.200245,-33.885848],[151.200659,-33.885833],[151.200646,-33.885531],[151.20026,-33.885543],[151.200267,-33.885614],[151.200235,-33.885615]]]}},{"type":"Feature","properties":{"k":"park"},"geometry":{"type":"Polygon","coordinates":[[[151.214732,-33.892909],[151.214969,-33.892941],[151.214895,-33.893314],[151.214658,-33.893281],[151.214732,-33.892909]]]}},{"type":"Feature","properties":{"k":"park"},"geometry":{"type":"Polygon","coordinates":[[[151.212712,-33.880802],[151.21262,-33.88079],[151.212336,-33.880765],[151.212248,-33.880762],[151.212264,-33.880516],[151.212388,-33.880475],[151.212509,-33.880499],[151.212782,-33.880551],[151.212848,-33.880567],[151.212847,-33.880612],[151.212712,-33.880802]]]}},{"type":"Feature","properties":{"k":"park"},"geometry":{"type":"Polygon","coordinates":[[[151.211453,-33.893316],[151.211285,-33.893297],[151.211249,-33.893246],[151.211322,-33.892857],[151.211362,-33.892831],[151.211469,-33.892846],[151.212207,-33.892956],[151.212194,-33.89303],[151.211897,-33.892996],[151.211843,-33.89299],[151.211806,-33.893147],[151.211494,-33.893097],[151.211453,-33.893316]]]}},{"type":"Feature","properties":{"k":"park"},"geometry":{"type":"Polygon","coordinates":[[[151.201917,-33.874872],[151.201864,-33.875119],[151.20194,-33.875137],[151.202009,-33.87516],[151.202078,-33.875189],[151.202131,-33.875216],[151.202181,-33.875246],[151.202302,-33.875141],[151.201928,-33.874866],[151.201917,-33.874872]]]}},{"type":"Feature","properties":{"k":"park"},"geometry":{"type":"Polygon","coordinates":[[[151.202385,-33.875262],[151.20236,-33.875223],[151.2023,-33.875276],[151.202279,-33.875295],[151.202347,-33.875368],[151.202398,-33.875458],[151.20242,-33.875526],[151.202427,-33.875565],[151.202516,-33.875577],[151.202522,-33.875538],[151.202518,-33.875498],[151.202511,-33.875461],[151.202503,-33.875424],[151.202491,-33.875389],[151.202477,-33.875353],[151.202456,-33.875316],[151.202409,-33.875245],[151.202385,-33.875262]]]}},{"type":"Feature","properties":{"k":"park"},"geometry":{"type":"Polygon","coordinates":[[[151.215281,-33.864003],[151.215292,-33.86361],[151.215301,-33.863592],[151.215316,-33.863579],[151.215334,-33.86357],[151.215356,-33.863568],[151.215382,-33.863575],[151.215406,-33.86359],[151.215507,-33.863721],[151.215499,-33.863928],[151.215523,-33.863933],[151.215544,-33.863939],[151.21556,-33.863949],[151.215572,-33.863963],[151.215582,-33.863988],[151.215585,-33.864001],[151.215585,-33.864013],[151.215582,-33.864028],[151.215577,-33.864042],[151.215558,-33.864067],[151.215527,-33.864081],[151.215493,-33.864091],[151.215488,-33.86429],[151.215376,-33.864422],[151.215363,-33.864431],[151.215347,-33.864436],[151.21532,-33.864436],[151.215298,-33.864429],[151.215279,-33.864413],[151.215272,-33.864392],[151.215281,-33.864003]]]}},{"type":"Feature","properties":{"k":"park"},"geometry":{"type":"Polygon","coordinates":[[[151.204592,-33.859684],[151.204741,-33.859682],[151.204743,-33.859785],[151.204741,-33.859807],[151.204735,-33.859825],[151.204726,-33.85984],[151.204711,-33.85986],[151.204693,-33.859868],[151.204672,-33.859872],[151.20465,-33.859867],[151.204633,-33.859859],[151.204617,-33.859845],[151.204606,-33.85983],[151.204599,-33.859809],[151.204595,-33.859786],[151.204592,-33.859684]]]}},{"type":"Feature","properties":{"k":"park"},"geometry":{"type":"Polygon","coordinates":[[[151.204829,-33.859494],[151.20484,-33.859489],[151.204853,-33.859486],[151.204867,-33.859486],[151.204875,-33.859487],[151.204882,-33.859489],[151.204891,-33.859494],[151.204895,-33.859501],[151.204897,-33.859509],[151.204905,-33.859905],[151.204874,-33.859922],[151.204834,-33.859924],[151.204837,-33.859786],[151.20479,-33.859785],[151.204777,-33.859785],[151.204782,-33.859537],[151.204783,-33.859529],[151.20479,-33.859521],[151.204829,-33.859494]]]}},{"type":"Feature","properties":{"k":"grass"},"geometry":{"type":"Polygon","coordinates":[[[151.20823,-33.855722],[151.20773,-33.856203],[151.207672,-33.856262],[151.207804,-33.856352],[151.208036,-33.856457],[151.208778,-33.855604],[151.209558,-33.855482],[151.209681,-33.855428],[151.209764,-33.855396],[151.209828,-33.855359],[151.20987,-33.85533],[151.209904,-33.8553],[151.209944,-33.855268],[151.209963,-33.855232],[151.209989,-33.855194],[151.209995,-33.855141],[151.209994,-33.855089],[151.209917,-33.85508],[151.209329,-33.854828],[151.209165,-33.854888],[151.208556,-33.854803],[151.208329,-33.85551],[151.208309,-33.855565],[151.208297,-33.855619],[151.208515,-33.855708],[151.208468,-33.855814],[151.20823,-33.855722]]]}},{"type":"Feature","properties":{"k":"wood"},"geometry":{"type":"Polygon","coordinates":[[[151.202408,-33.876278],[151.202343,-33.87631],[151.202315,-33.87634],[151.202254,-33.876382],[151.202159,-33.876399],[151.202094,-33.876448],[151.202044,-33.87645],[151.202038,-33.876478],[151.202031,-33.876504],[151.202019,-33.876524],[151.202021,-33.876532],[151.202007,-33.876569],[151.201997,-33.876571],[151.201983,-33.87657],[151.201958,-33.876566],[151.201945,-33.87656],[151.201947,-33.876528],[151.201951,-33.876483],[151.201973,-33.876462],[151.202013,-33.876422],[151.202063,-33.876404],[151.202111,-33.876376],[151.202176,-33.876337],[151.202228,-33.8763],[151.202289,-33.876255],[151.202326,-33.876216],[151.202378,-33.876159],[151.202426,-33.876098],[151.202473,-33.876033],[151.202492,-33.875992],[151.202524,-33.875975],[151.202587,-33.875978],[151.202638,-33.87599],[151.202691,-33.87599],[151.202743,-33.876001],[151.202799,-33.876008],[151.202854,-33.87602],[151.202921,-33.876025],[151.202934,-33.876041],[151.202908,-33.876062],[151.202848,-33.876086],[151.202795,-33.876118],[151.202732,-33.876109],[151.202688,-33.8761],[151.202653,-33.876096],[151.202635,-33.876115],[151.202607,-33.876097],[151.202567,-33.876096],[151.202518,-33.876119],[151.202503,-33.876149],[151.202503,-33.876176],[151.202487,-33.876213],[151.20246,-33.876246],[151.202408,-33.876278]]]}},{"type":"Feature","properties":{"k":"wood"},"geometry":{"type":"Polygon","coordinates":[[[151.203241,-33.876132],[151.203219,-33.876117],[151.203179,-33.876088],[151.203139,-33.876077],[151.2032,-33.876059],[151.203306,-33.876074],[151.203305,-33.876167],[151.203247,-33.876411],[151.20319,-33.876768],[151.203148,-33.876891],[151.203117,-33.876936],[151.203056,-33.876975],[151.203005,-33.876993],[151.20292,-33.876996],[151.20279,-33.876979],[151.202728,-33.876963],[151.20272,-33.876918],[151.202739,-33.876878],[151.202792,-33.876878],[151.202823,-33.876857],[151.202849,-33.87684],[151.202879,-33.876857],[151.202928,-33.876866],[151.202988,-33.876863],[151.203026,-33.876846],[151.20305,-33.876818],[151.203021,-33.876701],[151.20305,-33.876694],[151.203074,-33.876669],[151.203108,-33.876655],[151.203135,-33.876639],[151.203148,-33.876612],[151.203151,-33.876564],[151.203145,-33.876539],[151.203161,-33.876455],[151.203198,-33.876396],[151.203235,-33.876248],[151.203241,-33.876132]]]}},{"type":"Feature","properties":{"k":"wood"},"geometry":{"type":"Polygon","coordinates":[[[151.202846,-33.876134],[151.202812,-33.876157],[151.202784,-33.876183],[151.202784,-33.876207],[151.202798,-33.876218],[151.202831,-33.876224],[151.20287,-33.876214],[151.202904,-33.87619],[151.202949,-33.876173],[151.202992,-33.87616],[151.203019,-33.876167],[151.203043,-33.876171],[151.203065,-33.876198],[151.203068,-33.876232],[151.203122,-33.876247],[151.203112,-33.876282],[151.203082,-33.876312],[151.20304,-33.876329],[151.202992,-33.876342],[151.20293,-33.876352],[151.202894,-33.876356],[151.202902,-33.876366],[151.202903,-33.876377],[151.202913,-33.876398],[151.20292,-33.876438],[151.202888,-33.876446],[151.202892,-33.876473],[151.202901,-33.876506],[151.202912,-33.876506],[151.202916,-33.87652],[151.202931,-33.876526],[151.20294,-33.87652],[151.20295,-33.876517],[151.202961,-33.876514],[151.202997,-33.876499],[151.203036,-33.876487],[151.203076,-33.87649],[151.203145,-33.876539],[151.203161,-33.876455],[151.203198,-33.876396],[151.203235,-33.876248],[151.203241,-33.876132],[151.203197,-33.876132],[151.203161,-33.876133],[151.203117,-33.876113],[151.203065,-33.876102],[151.203009,-33.876092],[151.202956,-33.876086],[151.202908,-33.876099],[151.202846,-33.876134]]]}},{"type":"Feature","properties":{"k":"wood"},"geometry":{"type":"Polygon","coordinates":[[[151.202848,-33.876666],[151.202862,-33.876683],[151.202878,-33.876683],[151.202864,-33.876719],[151.202879,-33.876736],[151.202937,-33.876717],[151.20296,-33.876698],[151.202971,-33.876699],[151.202999,-33.876699],[151.203021,-33.876701],[151.20305,-33.876818],[151.203026,-33.876846],[151.202988,-33.876863],[151.202928,-33.876866],[151.202879,-33.876857],[151.202849,-33.87684],[151.20282,-33.876803],[151.202795,-33.876779],[151.202752,-33.876772],[151.202762,-33.87675],[151.202771,-33.876742],[151.202781,-33.876727],[151.202796,-33.876726],[151.202807,-33.876713],[151.202816,-33.876689],[151.202839,-33.876674],[151.202848,-33.876666]]]}},{"type":"Feature","properties":{"k":"wood"},"geometry":{"type":"Polygon","coordinates":[[[151.201938,-33.876719],[151.201938,-33.876692],[151.201959,-33.876676],[151.201981,-33.87667],[151.201981,-33.876694],[151.201986,-33.876723],[151.201997,-33.876756],[151.202011,-33.876764],[151.202011,-33.87678],[151.202008,-33.876813],[151.202008,-33.876846],[151.202011,-33.876894],[151.202014,-33.87693],[151.202015,-33.87696],[151.201998,-33.876984],[151.201971,-33.876993],[151.201941,-33.876979],[151.201938,-33.87693],[151.201946,-33.87688],[151.201944,-33.87683],[151.201938,-33.876795],[151.201947,-33.876759],[151.201938,-33.876719]]]}},{"type":"Feature","properties":{"k":"park"},"geometry":{"type":"Polygon","coordinates":[[[151.213792,-33.870549],[151.213795,-33.870379],[151.213851,-33.870323],[151.213924,-33.870258],[151.214344,-33.869958],[151.21495,-33.869588],[151.215164,-33.869486],[151.215608,-33.869213],[151.216075,-33.868952],[151.216419,-33.86876],[151.216901,-33.868318],[151.21736,-33.867826],[151.217903,-33.867182],[151.218169,-33.867341],[151.218134,-33.867449],[151.218122,-33.867556],[151.218133,-33.867643],[151.21816,-33.867787],[151.218211,-33.867934],[151.218277,-33.868065],[151.218298,-33.868107],[151.218372,-33.868231],[151.2183,-33.86847],[151.218234,-33.868586],[151.218125,-33.868675],[151.217904,-33.868751],[151.218031,-33.869019],[151.218062,-33.869133],[151.218086,-33.869302],[151.218079,-33.869532],[151.217927,-33.869897],[151.217835,-33.870078],[151.217534,-33.870331],[151.217159,-33.86983],[151.216933,-33.869606],[151.216909,-33.869623],[151.216807,-33.869696],[151.216782,-33.869715],[151.216806,-33.869742],[151.216606,-33.869917],[151.217141,-33.870341],[151.217119,-33.87036],[151.216637,-33.870776],[151.216606,-33.870802],[151.216593,-33.870814],[151.216578,-33.870826],[151.216558,-33.870844],[151.215997,-33.871333],[151.21551,-33.871755],[151.215478,-33.871782],[151.215463,-33.871771],[151.215367,-33.871734],[151.215134,-33.871667],[151.214909,-33.871566],[151.215039,-33.871448],[151.214974,-33.871395],[151.21485,-33.871502],[151.21472,-33.871225],[151.21447,-33.87092],[151.213792,-33.870549]]]}},{"type":"Feature","properties":{"k":"park"},"geometry":{"type":"Polygon","coordinates":[[[151.208958,-33.85557],[151.209577,-33.855466],[151.209764,-33.855396],[151.209828,-33.855359],[151.20987,-33.85533],[151.209904,-33.8553],[151.209944,-33.855268],[151.209963,-33.855232],[151.209989,-33.855194],[151.209995,-33.855141],[151.209994,-33.855089],[151.209973,-33.855031],[151.209949,-33.854984],[151.209685,-33.854397],[151.209662,-33.854353],[151.208825,-33.853999],[151.208783,-33.853993],[151.208727,-33.853994],[151.208682,-33.854005],[151.208632,-33.854021],[151.208618,-33.854031],[151.208566,-33.854279],[151.208652,-33.85441],[151.20853,-33.854893],[151.208311,-33.855604],[151.208313,-33.85563],[151.208277,-33.855688],[151.207712,-33.856235],[151.207713,-33.856246],[151.207721,-33.856254],[151.208211,-33.856451],[151.208244,-33.856509],[151.208462,-33.856154],[151.208763,-33.855677],[151.208958,-33.85557]]]}},{"type":"Feature","properties":{"k":"park"},"geometry":{"type":"Polygon","coordinates":[[[151.200084,-33.886131],[151.200073,-33.886228],[151.200156,-33.886234],[151.200166,-33.886137],[151.200084,-33.886131]]]}},{"type":"Feature","properties":{"k":"park"},"geometry":{"type":"Polygon","coordinates":[[[151.203487,-33.890174],[151.203339,-33.890153],[151.203157,-33.890128],[151.203155,-33.890128],[151.202846,-33.890085],[151.202742,-33.890071],[151.202774,-33.889909],[151.203519,-33.890015],[151.203487,-33.890174]]]}},{"type":"Feature","properties":{"k":"park"},"geometry":{"type":"Polygon","coordinates":[[[151.214415,-33.885253],[151.214243,-33.886156],[151.213975,-33.88612],[151.214147,-33.885218],[151.214415,-33.885253]]]}},{"type":"Feature","properties":{"k":"park"},"geometry":{"type":"Polygon","coordinates":[[[151.199166,-33.892721],[151.199108,-33.892695],[151.199055,-33.892676],[151.199003,-33.892657],[151.198966,-33.892669],[151.198658,-33.892771],[151.198634,-33.892774],[151.198637,-33.892752],[151.19864,-33.892738],[151.198622,-33.892736],[151.198605,-33.892735],[151.198566,-33.892731],[151.198559,-33.892733],[151.198535,-33.892836],[151.198588,-33.892842],[151.198579,-33.892903],[151.198323,-33.894415],[151.198279,-33.894583],[151.198484,-33.894135],[151.199039,-33.892955],[151.199166,-33.892721]]]}},{"type":"Feature","properties":{"k":"park"},"geometry":{"type":"Polygon","coordinates":[[[151.21746,-33.876204],[151.217557,-33.876221],[151.217596,-33.876282],[151.217549,-33.8765],[151.217271,-33.876456],[151.217309,-33.876292],[151.217434,-33.876312],[151.21746,-33.876204]]]}},{"type":"Feature","properties":{"k":"grass"},"geometry":{"type":"Polygon","coordinates":[[[151.200232,-33.885075],[151.200384,-33.88507],[151.200397,-33.885312],[151.200245,-33.885317],[151.200232,-33.885075]]]}},{"type":"Feature","properties":{"k":"park"},"geometry":{"type":"Polygon","coordinates":[[[151.217192,-33.89235],[151.217233,-33.89236],[151.21752,-33.89254],[151.217819,-33.892732],[151.218302,-33.893036],[151.218626,-33.893256],[151.219091,-33.893606],[151.219577,-33.893955],[151.220044,-33.894325],[151.220492,-33.894706],[151.220766,-33.894975],[151.221108,-33.895224],[151.221372,-33.895323],[151.221451,-33.895896],[151.221497,-33.895896],[151.22152,-33.896036],[151.22153,-33.896113],[151.221346,-33.896165],[151.220831,-33.896201],[151.220513,-33.896182],[151.220229,-33.896304],[151.220016,-33.896218],[151.219334,-33.89562],[151.218669,-33.895825],[151.218401,-33.895878],[151.217999,-33.895862],[151.217446,-33.895397],[151.216598,-33.895579],[151.216301,-33.896389],[151.216168,-33.896347],[151.216523,-33.8949],[151.216694,-33.894501],[151.216811,-33.893891],[151.21685,-33.893703],[151.216882,-33.893519],[151.216913,-33.893252],[151.216952,-33.893156],[151.21695,-33.89289],[151.216963,-33.892733],[151.216984,-33.892511],[151.216995,-33.892409],[151.217008,-33.892389],[151.217032,-33.892374],[151.217066,-33.892358],[151.217112,-33.892349],[151.217151,-33.892347],[151.217192,-33.89235]]]}},{"type":"Feature","properties":{"k":"park"},"geometry":{"type":"Polygon","coordinates":[[[151.2224,-33.895149],[151.222085,-33.895111],[151.222081,-33.895076],[151.222084,-33.895047],[151.221986,-33.894375],[151.221986,-33.894336],[151.221992,-33.894307],[151.222,-33.894267],[151.222011,-33.894235],[151.222013,-33.894207],[151.222005,-33.894146],[151.22203,-33.894143],[151.221846,-33.893086],[151.221812,-33.893089],[151.221803,-33.893041],[151.221789,-33.893042],[151.221766,-33.892919],[151.22185,-33.892921],[151.221964,-33.892914],[151.221958,-33.892851],[151.221833,-33.892857],[151.221715,-33.892855],[151.221674,-33.892855],[151.221661,-33.892791],[151.22165,-33.892793],[151.221581,-33.89248],[151.221569,-33.892434],[151.221593,-33.89243],[151.221483,-33.891949],[151.221373,-33.891469],[151.221344,-33.891392],[151.221317,-33.89132],[151.221277,-33.891265],[151.221274,-33.891252],[151.221271,-33.8912],[151.221241,-33.891204],[151.221224,-33.891128],[151.221926,-33.891025],[151.221983,-33.891005],[151.222043,-33.890943],[151.22206,-33.890906],[151.222066,-33.89087],[151.222062,-33.890833],[151.222043,-33.890786],[151.221994,-33.890736],[151.221174,-33.890425],[151.221087,-33.890377],[151.221013,-33.890341],[151.220971,-33.890306],[151.220941,-33.890269],[151.220917,-33.890219],[151.22087,-33.890066],[151.220846,-33.88997],[151.220835,-33.889936],[151.220844,-33.889909],[151.220845,-33.889894],[151.220844,-33.889877],[151.22071,-33.889494],[151.220575,-33.889129],[151.220343,-33.888492],[151.220237,-33.888236],[151.220028,-33.887775],[151.219741,-33.887132],[151.219669,-33.887001],[151.21963,-33.886955],[151.219588,-33.886919],[151.219542,-33.886888],[151.219409,-33.886806],[151.219415,-33.886795],[151.221127,-33.886935],[151.222271,-33.887146],[151.222036,-33.887692],[151.221997,-33.887998],[151.222147,-33.888361],[151.222661,-33.888704],[151.22297,-33.888927],[151.223117,-33.8891],[151.2232,-33.88927],[151.223263,-33.889611],[151.223289,-33.889826],[151.223356,-33.890596],[151.223359,-33.890623],[151.2234,-33.891212],[151.223562,-33.892798],[151.223572,-33.892906],[151.223607,-33.893287],[151.223626,-33.893855],[151.22364,-33.894011],[151.223679,-33.894433],[151.223716,-33.894836],[151.223738,-33.895083],[151.223764,-33.895374],[151.223786,-33.895612],[151.223064,-33.895345],[151.222708,-33.895227],[151.2224,-33.895149]]]}},{"type":"Feature","properties":{"k":"park"},"geometry":{"type":"Polygon","coordinates":[[[151.199613,-33.883296],[151.199766,-33.883551],[151.199793,-33.883541],[151.199808,-33.883526],[151.199938,-33.883474],[151.200044,-33.883431],[151.200176,-33.883378],[151.200268,-33.88334],[151.20037,-33.883299],[151.200393,-33.88329],[151.200443,-33.883373],[151.200482,-33.883438],[151.200505,-33.883478],[151.200736,-33.883388],[151.200707,-33.883338],[151.200771,-33.883313],[151.200752,-33.88328],[151.20079,-33.883265],[151.20078,-33.883246],[151.201067,-33.883132],[151.200842,-33.882745],[151.200508,-33.88288],[151.200529,-33.882914],[151.199613,-33.883296]]]}},{"type":"Feature","properties":{"k":"grass"},"geometry":{"type":"Polygon","coordinates":[[[151.212528,-33.869096],[151.212643,-33.869107],[151.212669,-33.868913],[151.212555,-33.868903],[151.212528,-33.869096]]]}},{"type":"Feature","properties":{"k":"grass"},"geometry":{"type":"Polygon","coordinates":[[[151.209267,-33.859768],[151.209195,-33.860427],[151.209399,-33.860442],[151.209471,-33.859783],[151.209267,-33.859768]]]}},{"type":"Feature","properties":{"k":"park"},"geometry":{"type":"Polygon","coordinates":[[[151.202454,-33.858281],[151.202457,-33.85825],[151.202469,-33.858143],[151.20258,-33.858059],[151.2026,-33.858064],[151.202677,-33.858105],[151.202707,-33.85812],[151.202732,-33.858133],[151.202811,-33.858182],[151.202881,-33.858236],[151.202929,-33.858266],[151.202928,-33.858278],[151.202925,-33.85829],[151.202917,-33.858304],[151.202906,-33.858311],[151.202804,-33.858402],[151.202736,-33.858463],[151.202722,-33.858463],[151.202713,-33.858463],[151.202709,-33.858391],[151.202644,-33.858363],[151.20261,-33.858348],[151.202559,-33.858326],[151.202546,-33.858321],[151.202534,-33.858316],[151.20249,-33.858297],[151.202454,-33.858281]]]}},{"type":"Feature","properties":{"k":"grass"},"geometry":{"type":"Polygon","coordinates":[[[151.219921,-33.871587],[151.219909,-33.87158],[151.219894,-33.871571],[151.219868,-33.871568],[151.21984,-33.871576],[151.219823,-33.871592],[151.219812,-33.871623],[151.219779,-33.871778],[151.219802,-33.871792],[151.219817,-33.871792],[151.219844,-33.871774],[151.219879,-33.87175],[151.21991,-33.871715],[151.21992,-33.87168],[151.219931,-33.871629],[151.21993,-33.8716],[151.219921,-33.871587]]]}},{"type":"Feature","properties":{"k":"grass"},"geometry":{"type":"Polygon","coordinates":[[[151.219995,-33.870584],[151.220171,-33.870609],[151.220141,-33.870756],[151.219964,-33.870731],[151.219995,-33.870584]]]}},{"type":"Feature","properties":{"k":"grass"},"geometry":{"type":"Polygon","coordinates":[[[151.220103,-33.870944],[151.219976,-33.870925],[151.21993,-33.871131],[151.220058,-33.871151],[151.220103,-33.870944]]]}},{"type":"Feature","properties":{"k":"grass"},"geometry":{"type":"Polygon","coordinates":[[[151.219912,-33.8718],[151.21986,-33.871827],[151.219819,-33.871859],[151.219779,-33.871938],[151.219772,-33.871987],[151.219794,-33.872056],[151.219831,-33.8721],[151.219854,-33.872111],[151.219931,-33.871802],[151.219912,-33.8718]]]}},{"type":"Feature","properties":{"k":"park"},"geometry":{"type":"Polygon","coordinates":[[[151.195711,-33.887118],[151.196201,-33.887256],[151.196197,-33.887269],[151.195702,-33.887129],[151.195711,-33.887118]]]}},{"type":"Feature","properties":{"k":"park"},"geometry":{"type":"Polygon","coordinates":[[[151.195764,-33.887047],[151.196247,-33.887187],[151.196258,-33.887161],[151.195771,-33.88703],[151.195764,-33.887047]]]}},{"type":"Feature","properties":{"k":"park"},"geometry":{"type":"Polygon","coordinates":[[[151.197295,-33.885995],[151.197266,-33.88601],[151.19706,-33.885968],[151.197074,-33.885933],[151.197324,-33.885922],[151.197295,-33.885995]]]}},{"type":"Feature","properties":{"k":"park"},"geometry":{"type":"Polygon","coordinates":[[[151.210635,-33.877606],[151.210648,-33.877463],[151.210272,-33.877439],[151.210247,-33.877718],[151.210244,-33.877753],[151.210243,-33.877765],[151.210393,-33.877774],[151.210409,-33.877592],[151.210635,-33.877606]]]}},{"type":"Feature","properties":{"k":"park"},"geometry":{"type":"Polygon","coordinates":[[[151.196103,-33.859677],[151.196091,-33.859598],[151.196143,-33.859595],[151.196127,-33.859423],[151.196075,-33.859426],[151.19607,-33.85936],[151.196111,-33.859358],[151.196132,-33.859356],[151.196151,-33.859351],[151.196161,-33.859346],[151.19617,-33.859339],[151.196179,-33.859333],[151.196186,-33.859327],[151.196197,-33.859311],[151.196205,-33.859294],[151.196212,-33.859269],[151.196215,-33.859244],[151.196216,-33.85922],[151.196213,-33.859195],[151.196208,-33.859181],[151.196204,-33.859167],[151.196199,-33.859152],[151.196191,-33.859138],[151.196184,-33.859125],[151.196175,-33.859111],[151.196168,-33.859102],[151.196165,-33.859099],[151.196153,-33.859087],[151.19614,-33.859077],[151.196127,-33.859069],[151.196114,-33.859064],[151.196099,-33.859061],[151.19607,-33.85906],[151.196041,-33.859061],[151.196035,-33.859003],[151.195576,-33.859017],[151.195556,-33.858802],[151.195762,-33.858798],[151.195729,-33.858495],[151.195795,-33.858491],[151.195755,-33.858154],[151.195539,-33.857717],[151.195827,-33.857679],[151.195873,-33.857654],[151.195875,-33.857613],[151.195871,-33.857547],[151.195861,-33.857531],[151.195859,-33.857514],[151.195867,-33.857466],[151.195983,-33.857437],[151.196008,-33.857491],[151.196031,-33.857547],[151.19603,-33.85757],[151.19607,-33.85766],[151.196082,-33.85766],[151.196109,-33.857739],[151.196138,-33.857828],[151.196154,-33.857888],[151.19619,-33.858034],[151.196246,-33.858153],[151.196268,-33.858213],[151.196414,-33.858621],[151.196461,-33.858768],[151.196519,-33.858971],[151.196581,-33.85918],[151.196576,-33.859256],[151.196579,-33.859375],[151.196577,-33.859541],[151.196568,-33.859575],[151.196556,-33.859608],[151.196527,-33.859673],[151.1965,-33.85976],[151.196475,-33.859819],[151.1964,-33.859954],[151.196342,-33.859989],[151.196258,-33.860012],[151.196154,-33.860035],[151.196108,-33.86004],[151.196108,-33.860038],[151.196009,-33.860045],[151.195799,-33.859914],[151.195698,-33.85983],[151.195727,-33.859799],[151.195697,-33.85978],[151.195668,-33.859811],[151.195519,-33.859719],[151.195724,-33.859708],[151.19597,-33.859695],[151.196047,-33.859685],[151.196071,-33.859682],[151.196103,-33.859677]]]}},{"type":"Feature","properties":{"k":"park"},"geometry":{"type":"Polygon","coordinates":[[[151.213996,-33.864899],[151.213729,-33.864141],[151.213846,-33.864113],[151.213835,-33.86408],[151.213831,-33.864059],[151.213853,-33.864057],[151.213956,-33.864072],[151.214008,-33.864097],[151.213998,-33.864122],[151.214003,-33.864124],[151.214057,-33.864139],[151.21405,-33.864158],[151.214114,-33.864177],[151.214108,-33.864202],[151.214113,-33.864237],[151.214132,-33.864275],[151.214168,-33.864319],[151.2142,-33.864364],[151.214137,-33.864384],[151.214144,-33.864406],[151.214024,-33.864438],[151.214082,-33.864531],[151.214132,-33.864671],[151.214143,-33.864784],[151.214187,-33.864905],[151.214036,-33.864941],[151.213996,-33.864899]]]}},{"type":"Feature","properties":{"k":"park"},"geometry":{"type":"Polygon","coordinates":[[[151.210278,-33.862571],[151.210253,-33.862732],[151.21033,-33.862747],[151.210376,-33.862422],[151.210414,-33.862153],[151.210424,-33.862084],[151.21043,-33.862044],[151.210167,-33.862021],[151.210143,-33.862179],[151.210111,-33.862404],[151.210278,-33.862571]]]}},{"type":"Feature","properties":{"k":"grass"},"geometry":{"type":"Polygon","coordinates":[[[151.205011,-33.861874],[151.204865,-33.862263],[151.204561,-33.86302],[151.204403,-33.862962],[151.204451,-33.862811],[151.204577,-33.862585],[151.204741,-33.862289],[151.204859,-33.862097],[151.204978,-33.861866],[151.205011,-33.861874]]]}},{"type":"Feature","properties":{"k":"grass"},"geometry":{"type":"Polygon","coordinates":[[[151.203914,-33.862704],[151.203937,-33.862907],[151.203951,-33.862903],[151.203952,-33.862883],[151.203959,-33.862844],[151.20398,-33.862803],[151.204018,-33.862753],[151.203958,-33.86273],[151.203922,-33.862702],[151.203914,-33.862704]]]}},{"type":"Feature","properties":{"k":"park"},"geometry":{"type":"Polygon","coordinates":[[[151.200431,-33.892783],[151.200341,-33.892958],[151.200483,-33.892989],[151.200519,-33.892811],[151.200463,-33.892794],[151.200431,-33.892783]]]}},{"type":"Feature","properties":{"k":"park"},"geometry":{"type":"Polygon","coordinates":[[[151.200564,-33.89253],[151.200456,-33.892747],[151.200523,-33.892775],[151.200538,-33.892762],[151.200593,-33.892522],[151.200571,-33.892516],[151.200564,-33.89253]]]}},{"type":"Feature","properties":{"k":"grass"},"geometry":{"type":"Polygon","coordinates":[[[151.203889,-33.884291],[151.203682,-33.884621],[151.203815,-33.884679],[151.204022,-33.884348],[151.203889,-33.884291]]]}},{"type":"Feature","properties":{"k":"park"},"geometry":{"type":"Polygon","coordinates":[[[151.200836,-33.878751],[151.200904,-33.878869],[151.200931,-33.87902],[151.200861,-33.879008],[151.200788,-33.878956],[151.200727,-33.878889],[151.200669,-33.878814],[151.200836,-33.878751]]]}},{"type":"Feature","properties":{"k":"park"},"geometry":{"type":"Polygon","coordinates":[[[151.206841,-33.890366],[151.206847,-33.890349],[151.206859,-33.890334],[151.206877,-33.890323],[151.206898,-33.890318],[151.206919,-33.890318],[151.206939,-33.890325],[151.206955,-33.890336],[151.206966,-33.890351],[151.206971,-33.890368],[151.206969,-33.890385],[151.206961,-33.890401],[151.206946,-33.890414],[151.206928,-33.890423],[151.206907,-33.890426],[151.206885,-33.890423],[151.206866,-33.890414],[151.206851,-33.890401],[151.206843,-33.890384],[151.206841,-33.890366]]]}},{"type":"Feature","properties":{"k":"park"},"geometry":{"type":"Polygon","coordinates":[[[151.206391,-33.858054],[151.206359,-33.858046],[151.206325,-33.858038],[151.206313,-33.858035],[151.206393,-33.857825],[151.206408,-33.857829],[151.206423,-33.857833],[151.206539,-33.857864],[151.206391,-33.858054]]]}},{"type":"Feature","properties":{"k":"park"},"geometry":{"type":"Polygon","coordinates":[[[151.213125,-33.86249],[151.213071,-33.862879],[151.21305,-33.863013],[151.213086,-33.863055],[151.213148,-33.863075],[151.213212,-33.863051],[151.213256,-33.862989],[151.213318,-33.862911],[151.213368,-33.862808],[151.213424,-33.862692],[151.213462,-33.862581],[151.213491,-33.86248],[151.213513,-33.862363],[151.213483,-33.862157],[151.213451,-33.862074],[151.213353,-33.861915],[151.21327,-33.861852],[151.213205,-33.861812],[151.213125,-33.86249]]]}},{"type":"Feature","properties":{"k":"grass"},"geometry":{"type":"Polygon","coordinates":[[[151.214595,-33.864396],[151.214337,-33.86419],[151.214314,-33.86421],[151.214571,-33.864416],[151.214595,-33.864396]]]}},{"type":"Feature","properties":{"k":"wood"},"geometry":{"type":"Polygon","coordinates":[[[151.216482,-33.864624],[151.216371,-33.864653],[151.216304,-33.864695],[151.216285,-33.864715],[151.216129,-33.865073],[151.216114,-33.86509],[151.216087,-33.865103],[151.215945,-33.865065],[151.21591,-33.864999],[151.215926,-33.864934],[151.216048,-33.864807],[151.216193,-33.864512],[151.216209,-33.864492],[151.216233,-33.864482],[151.216269,-33.86448],[151.216294,-33.864487],[151.216482,-33.864624]]]}},{"type":"Feature","properties":{"k":"wood"},"geometry":{"type":"Polygon","coordinates":[[[151.216035,-33.865487],[151.216137,-33.865209],[151.216151,-33.865193],[151.216169,-33.865193],[151.216913,-33.865433],[151.216912,-33.86553],[151.216842,-33.865716],[151.216728,-33.865696],[151.216605,-33.865683],[151.216035,-33.865487]]]}},{"type":"Feature","properties":{"k":"wood"},"geometry":{"type":"Polygon","coordinates":[[[151.215656,-33.865037],[151.215764,-33.86508],[151.216043,-33.865159],[151.216059,-33.865186],[151.216004,-33.865319],[151.215951,-33.865444],[151.21588,-33.86551],[151.21583,-33.865495],[151.215847,-33.865454],[151.215768,-33.865433],[151.215748,-33.865489],[151.215733,-33.865485],[151.21568,-33.865629],[151.215651,-33.865712],[151.215563,-33.866156],[151.215434,-33.866119],[151.215453,-33.866003],[151.21536,-33.865959],[151.215397,-33.865919],[151.215421,-33.865851],[151.215415,-33.865808],[151.215404,-33.865767],[151.215377,-33.86572],[151.215343,-33.865676],[151.215282,-33.865633],[151.215656,-33.865037]]]}},{"type":"Feature","properties":{"k":"park"},"geometry":{"type":"Polygon","coordinates":[[[151.209135,-33.859228],[151.209265,-33.859252],[151.209293,-33.859255],[151.209322,-33.859252],[151.209352,-33.859246],[151.209378,-33.859236],[151.209401,-33.859218],[151.20942,-33.859186],[151.209433,-33.85915],[151.209442,-33.859115],[151.20945,-33.859077],[151.20922,-33.859022],[151.209141,-33.858979],[151.209013,-33.858936],[151.208954,-33.859091],[151.208945,-33.859125],[151.208948,-33.85915],[151.208957,-33.859172],[151.208974,-33.859189],[151.209001,-33.859203],[151.209135,-33.859228]]]}},{"type":"Feature","properties":{"k":"park"},"geometry":{"type":"Polygon","coordinates":[[[151.198455,-33.884153],[151.198461,-33.884175],[151.198463,-33.884202],[151.198429,-33.884207],[151.198368,-33.884205],[151.198293,-33.884202],[151.198307,-33.883838],[151.198328,-33.883837],[151.198455,-33.884153]]]}},{"type":"Feature","properties":{"k":"park"},"geometry":{"type":"Polygon","coordinates":[[[151.202935,-33.872255],[151.202972,-33.872287],[151.203015,-33.872314],[151.203062,-33.872335],[151.203113,-33.87235],[151.203166,-33.872358],[151.203219,-33.87236],[151.203273,-33.872354],[151.203324,-33.872342],[151.203373,-33.872324],[151.203418,-33.872299],[151.203458,-33.872269],[151.203492,-33.872235],[151.203519,-33.872196],[151.203538,-33.872155],[151.20355,-33.872111],[151.203553,-33.872067],[151.203549,-33.872022],[151.203536,-33.871979],[151.203515,-33.871938],[151.203484,-33.871896],[151.203445,-33.87186],[151.203399,-33.871829],[151.203348,-33.871806],[151.203293,-33.871789],[151.203235,-33.871781],[151.203177,-33.871781],[151.203119,-33.871789],[151.203063,-33.871804],[151.203029,-33.871832],[151.203012,-33.871828],[151.202981,-33.87185],[151.202926,-33.871894],[151.202895,-33.871935],[151.202881,-33.871975],[151.202869,-33.872033],[151.202855,-33.872076],[151.202861,-33.872124],[151.202876,-33.872171],[151.202901,-33.872215],[151.202935,-33.872255]]]}},{"type":"Feature","properties":{"k":"park"},"geometry":{"type":"Polygon","coordinates":[[[151.218114,-33.8661],[151.218317,-33.866147],[151.218379,-33.866086],[151.218559,-33.865839],[151.218869,-33.865445],[151.218802,-33.865351],[151.218696,-33.865312],[151.218437,-33.865336],[151.218386,-33.865443],[151.218309,-33.865599],[151.218228,-33.865797],[151.218134,-33.866034],[151.218114,-33.8661]]]}},{"type":"Feature","properties":{"k":"park"},"geometry":{"type":"Polygon","coordinates":[[[151.211351,-33.88123],[151.211363,-33.881241],[151.211379,-33.881256],[151.211588,-33.881264],[151.211605,-33.881253],[151.211621,-33.881242],[151.211632,-33.880997],[151.211634,-33.880957],[151.211361,-33.880947],[151.211359,-33.880989],[151.211351,-33.88123]]]}},{"type":"Feature","properties":{"k":"park"},"geometry":{"type":"Polygon","coordinates":[[[151.212089,-33.880145],[151.212103,-33.880175],[151.212111,-33.880207],[151.212105,-33.88023],[151.212089,-33.880233],[151.212055,-33.880223],[151.21149,-33.879915],[151.211205,-33.879775],[151.211206,-33.879717],[151.211768,-33.879462],[151.211882,-33.878906],[151.211916,-33.87889],[151.212779,-33.879303],[151.212673,-33.879472],[151.212617,-33.879469],[151.212571,-33.87949],[151.212486,-33.879454],[151.212359,-33.879377],[151.212292,-33.879534],[151.212267,-33.879658],[151.212254,-33.879655],[151.212209,-33.879837],[151.212191,-33.879922],[151.212179,-33.880006],[151.212176,-33.880026],[151.212169,-33.880076],[151.212154,-33.880114],[151.212089,-33.880145]]]}},{"type":"Feature","properties":{"k":"park"},"geometry":{"type":"Polygon","coordinates":[[[151.218505,-33.872063],[151.218597,-33.871634],[151.218343,-33.871593],[151.218375,-33.871435],[151.21822,-33.871414],[151.218104,-33.871996],[151.218322,-33.872033],[151.218505,-33.872063]]]}},{"type":"Feature","properties":{"k":"park"},"geometry":{"type":"Polygon","coordinates":[[[151.219434,-33.873137],[151.219487,-33.872905],[151.219162,-33.872854],[151.219158,-33.872867],[151.219113,-33.873064],[151.21911,-33.873086],[151.219434,-33.873137]]]}},{"type":"Feature","properties":{"k":"grass"},"geometry":{"type":"Polygon","coordinates":[[[151.198245,-33.869724],[151.198228,-33.869812],[151.198227,-33.869826],[151.198228,-33.869838],[151.198232,-33.869849],[151.19824,-33.869858],[151.198248,-33.869867],[151.198259,-33.869875],[151.198271,-33.869881],[151.198425,-33.869934],[151.198436,-33.869937],[151.198447,-33.869938],[151.198459,-33.869937],[151.19847,-33.869934],[151.198481,-33.86993],[151.198491,-33.869924],[151.198501,-33.869917],[151.19851,-33.869908],[151.198515,-33.869899],[151.198519,-33.86989],[151.198522,-33.869881],[151.198522,-33.869875],[151.198522,-33.869866],[151.198519,-33.869858],[151.198515,-33.869849],[151.198501,-33.869831],[151.198486,-33.869816],[151.198342,-33.869699],[151.198333,-33.869693],[151.198324,-33.869689],[151.198315,-33.869686],[151.198305,-33.869685],[151.198295,-33.869684],[151.198286,-33.869685],[151.198278,-33.869687],[151.198271,-33.869689],[151.198264,-33.869693],[151.198259,-33.869698],[151.198253,-33.869704],[151.19825,-33.869712],[151.198245,-33.869724]]]}},{"type":"Feature","properties":{"k":"grass"},"geometry":{"type":"Polygon","coordinates":[[[151.200964,-33.856707],[151.200977,-33.856688],[151.201001,-33.856664],[151.201021,-33.856649],[151.201048,-33.856639],[151.201083,-33.856633],[151.201117,-33.856635],[151.201166,-33.85665],[151.20121,-33.856666],[151.201254,-33.856687],[151.201295,-33.856708],[151.201332,-33.856734],[151.201376,-33.856769],[151.201407,-33.856823],[151.201414,-33.856887],[151.201406,-33.856968],[151.201408,-33.85703],[151.201386,-33.857048],[151.201361,-33.857062],[151.201332,-33.857063],[151.201286,-33.85705],[151.201193,-33.857026],[151.201142,-33.85702],[151.201134,-33.856995],[151.201128,-33.856974],[151.20111,-33.856938],[151.201095,-33.85691],[151.201075,-33.856883],[151.201047,-33.856846],[151.201021,-33.856821],[151.200999,-33.856802],[151.200957,-33.85678],[151.20095,-33.856732],[151.200964,-33.856707]]]}},{"type":"Feature","properties":{"k":"grass"},"geometry":{"type":"Polygon","coordinates":[[[151.213758,-33.878581],[151.213764,-33.878567],[151.213774,-33.878556],[151.213788,-33.878548],[151.213805,-33.878545],[151.213821,-33.878545],[151.213838,-33.878551],[151.213852,-33.878561],[151.213861,-33.878574],[151.213864,-33.878589],[151.213861,-33.878604],[151.213852,-33.878617],[151.213839,-33.878627],[151.213821,-33.878632],[151.213803,-33.878633],[151.213786,-33.878628],[151.213772,-33.87862],[151.213763,-33.878608],[151.213758,-33.878595],[151.213758,-33.878581]]]}},{"type":"Feature","properties":{"k":"park"},"geometry":{"type":"Polygon","coordinates":[[[151.214566,-33.889506],[151.214573,-33.889482],[151.214299,-33.889376],[151.214278,-33.889374],[151.214264,-33.889384],[151.214254,-33.889406],[151.214067,-33.890063],[151.214109,-33.890044],[151.214158,-33.890016],[151.214188,-33.889994],[151.214208,-33.889968],[151.214335,-33.889477],[151.214566,-33.889506]]]}},{"type":"Feature","properties":{"k":"park"},"geometry":{"type":"Polygon","coordinates":[[[151.20785,-33.858408],[151.207998,-33.858272],[151.207994,-33.858261],[151.208055,-33.858193],[151.208075,-33.858193],[151.20811,-33.858154],[151.208165,-33.858172],[151.208151,-33.858205],[151.208148,-33.858211],[151.208158,-33.858214],[151.208164,-33.858228],[151.208128,-33.858279],[151.208115,-33.858317],[151.208095,-33.858349],[151.208083,-33.858347],[151.208063,-33.858385],[151.208066,-33.858397],[151.208061,-33.858404],[151.208034,-33.858399],[151.208011,-33.858449],[151.207866,-33.858412],[151.20785,-33.858408]]]}},{"type":"Feature","properties":{"k":"grass"},"geometry":{"type":"Polygon","coordinates":[[[151.208671,-33.854749],[151.208673,-33.854661],[151.208617,-33.854661],[151.208617,-33.854637],[151.208672,-33.854637],[151.208675,-33.854553],[151.208626,-33.854552],[151.208581,-33.854741],[151.208671,-33.854749]]]}},{"type":"Feature","properties":{"k":"grass"},"geometry":{"type":"Polygon","coordinates":[[[151.209662,-33.854353],[151.209606,-33.854463],[151.209618,-33.854481],[151.209469,-33.854736],[151.209438,-33.854741],[151.208902,-33.854507],[151.208891,-33.854486],[151.20901,-33.85426],[151.209046,-33.854247],[151.209092,-33.854267],[151.209139,-33.854162],[151.20907,-33.854127],[151.208825,-33.853999],[151.208783,-33.853993],[151.208727,-33.853994],[151.208682,-33.854005],[151.208632,-33.854021],[151.208618,-33.854031],[151.208597,-33.854049],[151.208568,-33.854075],[151.208544,-33.854116],[151.208572,-33.854119],[151.208557,-33.85416],[151.208577,-33.854159],[151.20861,-33.85416],[151.208717,-33.854287],[151.208745,-33.854376],[151.208775,-33.854439],[151.208843,-33.854532],[151.208884,-33.854571],[151.208918,-33.854589],[151.209912,-33.855017],[151.209949,-33.854984],[151.209685,-33.854397],[151.209662,-33.854353]]]}},{"type":"Feature","properties":{"k":"park"},"geometry":{"type":"Polygon","coordinates":[[[151.215966,-33.886763],[151.216082,-33.886562],[151.215886,-33.886474],[151.215879,-33.886501],[151.215853,-33.886541],[151.215571,-33.886423],[151.21554,-33.88657],[151.215807,-33.886693],[151.215827,-33.886696],[151.215966,-33.886763]]]}},{"type":"Feature","properties":{"k":"park"},"geometry":{"type":"Polygon","coordinates":[[[151.201767,-33.889457],[151.201786,-33.889366],[151.201798,-33.889333],[151.201818,-33.889304],[151.201847,-33.889276],[151.201883,-33.889256],[151.201908,-33.889252],[151.201923,-33.889255],[151.201933,-33.889264],[151.201934,-33.889278],[151.20193,-33.889288],[151.201861,-33.889375],[151.201797,-33.889454],[151.201784,-33.88947],[151.201774,-33.889471],[151.201768,-33.889467],[151.201767,-33.889457]]]}},{"type":"Feature","properties":{"k":"park"},"geometry":{"type":"Polygon","coordinates":[[[151.201476,-33.889458],[151.201486,-33.889404],[151.201484,-33.88935],[151.201476,-33.889312],[151.201463,-33.889272],[151.201439,-33.889229],[151.201323,-33.889369],[151.201395,-33.889411],[151.201476,-33.889458]]]}},{"type":"Feature","properties":{"k":"scrub"},"geometry":{"type":"Polygon","coordinates":[[[151.20062,-33.891111],[151.20066,-33.891122],[151.200699,-33.891145],[151.200739,-33.89118],[151.200771,-33.891223],[151.200785,-33.891279],[151.200869,-33.890939],[151.200879,-33.890909],[151.200849,-33.890904],[151.200799,-33.890963],[151.200737,-33.891025],[151.200682,-33.891069],[151.20062,-33.891111]]]}},{"type":"Feature","properties":{"k":"park"},"geometry":{"type":"Polygon","coordinates":[[[151.200412,-33.891275],[151.200726,-33.891321],[151.200716,-33.891269],[151.200698,-33.891239],[151.200673,-33.891213],[151.200635,-33.891195],[151.200602,-33.891191],[151.200542,-33.891198],[151.200477,-33.891219],[151.200439,-33.891244],[151.200412,-33.891275]]]}},{"type":"Feature","properties":{"k":"park"},"geometry":{"type":"Polygon","coordinates":[[[151.19991,-33.891848],[151.199922,-33.89182],[151.199982,-33.891839],[151.199992,-33.891848],[151.199999,-33.891861],[151.199979,-33.89187],[151.19991,-33.891848]]]}},{"type":"Feature","properties":{"k":"park"},"geometry":{"type":"Polygon","coordinates":[[[151.200399,-33.891903],[151.200416,-33.891946],[151.200494,-33.891957],[151.200509,-33.891942],[151.200483,-33.891924],[151.200454,-33.891911],[151.200399,-33.891903]]]}},{"type":"Feature","properties":{"k":"park"},"geometry":{"type":"Polygon","coordinates":[[[151.211096,-33.8797],[151.211103,-33.879715],[151.211105,-33.879728],[151.211102,-33.879742],[151.211088,-33.879765],[151.211066,-33.879742],[151.211063,-33.879736],[151.211063,-33.879727],[151.211067,-33.879719],[151.211096,-33.8797]]]}},{"type":"Feature","properties":{"k":"park"},"geometry":{"type":"Polygon","coordinates":[[[151.210974,-33.879595],[151.211003,-33.879599],[151.211036,-33.879611],[151.211062,-33.879625],[151.211092,-33.879647],[151.211028,-33.879674],[151.211017,-33.879675],[151.211005,-33.879671],[151.210994,-33.879661],[151.210983,-33.879644],[151.210975,-33.87962],[151.210974,-33.879595]]]}},{"type":"Feature","properties":{"k":"park"},"geometry":{"type":"Polygon","coordinates":[[[151.211361,-33.880201],[151.211367,-33.880085],[151.211462,-33.880133],[151.211475,-33.880144],[151.211481,-33.880157],[151.211481,-33.880173],[151.211476,-33.880187],[151.211467,-33.880197],[151.21145,-33.880205],[151.211361,-33.880201]]]}},{"type":"Feature","properties":{"k":"park"},"geometry":{"type":"Polygon","coordinates":[[[151.211695,-33.880301],[151.211716,-33.880316],[151.211746,-33.880342],[151.211757,-33.880359],[151.211763,-33.880372],[151.21178,-33.880354],[151.211781,-33.880309],[151.211731,-33.880288],[151.211695,-33.880301]]]}},{"type":"Feature","properties":{"k":"park"},"geometry":{"type":"Polygon","coordinates":[[[151.211809,-33.880381],[151.211812,-33.880338],[151.211822,-33.88033],[151.212006,-33.880386],[151.212006,-33.880392],[151.211809,-33.880381]]]}},{"type":"Feature","properties":{"k":"park"},"geometry":{"type":"Polygon","coordinates":[[[151.212062,-33.880381],[151.212065,-33.880369],[151.212072,-33.880367],[151.212171,-33.880395],[151.212175,-33.8804],[151.212173,-33.880406],[151.212062,-33.880381]]]}},{"type":"Feature","properties":{"k":"grass"},"geometry":{"type":"Polygon","coordinates":[[[151.217426,-33.876152],[151.217423,-33.876165],[151.217553,-33.876188],[151.217554,-33.87618],[151.217489,-33.876162],[151.217426,-33.876152]]]}},{"type":"Feature","properties":{"k":"park"},"geometry":{"type":"Polygon","coordinates":[[[151.217632,-33.876221],[151.217632,-33.876229],[151.217659,-33.876283],[151.217652,-33.876328],[151.217672,-33.87633],[151.217676,-33.876296],[151.217674,-33.876274],[151.217662,-33.876254],[151.217639,-33.876225],[151.217632,-33.876221]]]}},{"type":"Feature","properties":{"k":"park"},"geometry":{"type":"Polygon","coordinates":[[[151.214085,-33.87544],[151.214071,-33.875509],[151.214085,-33.875511],[151.214101,-33.875442],[151.214085,-33.87544]]]}},{"type":"Feature","properties":{"k":"park"},"geometry":{"type":"Polygon","coordinates":[[[151.214242,-33.875388],[151.214233,-33.875434],[151.214232,-33.875468],[151.214247,-33.875467],[151.214246,-33.875437],[151.214255,-33.87539],[151.214242,-33.875388]]]}},{"type":"Feature","properties":{"k":"park"},"geometry":{"type":"Polygon","coordinates":[[[151.214251,-33.875528],[151.214274,-33.875553],[151.214301,-33.875573],[151.214337,-33.875587],[151.214393,-33.875601],[151.214396,-33.875587],[151.214342,-33.875575],[151.21431,-33.875561],[151.214281,-33.875541],[151.214266,-33.875521],[151.214251,-33.875528]]]}},{"type":"Feature","properties":{"k":"park"},"geometry":{"type":"Polygon","coordinates":[[[151.216887,-33.879903],[151.216917,-33.879721],[151.21693,-33.879723],[151.216937,-33.879909],[151.216914,-33.879908],[151.216887,-33.879903]]]}},{"type":"Feature","properties":{"k":"park"},"geometry":{"type":"Polygon","coordinates":[[[151.196934,-33.876932],[151.196126,-33.877262],[151.195995,-33.877034],[151.196813,-33.876721],[151.196934,-33.876932]]]}},{"type":"Feature","properties":{"k":"park"},"geometry":{"type":"Polygon","coordinates":[[[151.196966,-33.876829],[151.197321,-33.876676],[151.197282,-33.87661],[151.197239,-33.876537],[151.196883,-33.876683],[151.196966,-33.876829]]]}},{"type":"Feature","properties":{"k":"park"},"geometry":{"type":"Polygon","coordinates":[[[151.196571,-33.875776],[151.196656,-33.875742],[151.196762,-33.875701],[151.196821,-33.875805],[151.196629,-33.875879],[151.196571,-33.875776]]]}},{"type":"Feature","properties":{"k":"park"},"geometry":{"type":"Polygon","coordinates":[[[151.195765,-33.876637],[151.195949,-33.876562],[151.196002,-33.876653],[151.195818,-33.876727],[151.195765,-33.876637]]]}},{"type":"Feature","properties":{"k":"park"},"geometry":{"type":"Polygon","coordinates":[[[151.197746,-33.890462],[151.19758,-33.890609],[151.197487,-33.890701],[151.197433,-33.890767],[151.197663,-33.890797],[151.197887,-33.890536],[151.197746,-33.890462]]]}},{"type":"Feature","properties":{"k":"park"},"geometry":{"type":"Polygon","coordinates":[[[151.201842,-33.865893],[151.201837,-33.865896],[151.201837,-33.865902],[151.201912,-33.865908],[151.202002,-33.865893],[151.202039,-33.865908],[151.202064,-33.865902],[151.202068,-33.865896],[151.202061,-33.865881],[151.202019,-33.865873],[151.202001,-33.865872],[151.20195,-33.865881],[151.201939,-33.865886],[151.201842,-33.865893]]]}},{"type":"Feature","properties":{"k":"park"},"geometry":{"type":"Polygon","coordinates":[[[151.202074,-33.86583],[151.202053,-33.865841],[151.202056,-33.865853],[151.202145,-33.865877],[151.202196,-33.865872],[151.202202,-33.865861],[151.202199,-33.865847],[151.202169,-33.865819],[151.202171,-33.8658],[151.202163,-33.865786],[151.202152,-33.865786],[151.202123,-33.865802],[151.202111,-33.865819],[151.202074,-33.86583]]]}},{"type":"Feature","properties":{"k":"grass"},"geometry":{"type":"Polygon","coordinates":[[[151.201395,-33.865566],[151.201324,-33.865572],[151.20135,-33.865806],[151.201421,-33.865801],[151.201417,-33.865764],[151.201403,-33.865744],[151.201395,-33.865725],[151.20139,-33.865705],[151.201387,-33.865682],[151.201386,-33.865663],[151.201387,-33.86564],[151.201392,-33.865623],[151.2014,-33.86561],[151.201395,-33.865566]]]}},{"type":"Feature","properties":{"k":"park"},"geometry":{"type":"Polygon","coordinates":[[[151.201149,-33.875537],[151.201108,-33.875419],[151.201055,-33.875264],[151.201235,-33.875391],[151.201203,-33.875431],[151.201191,-33.875452],[151.201171,-33.875486],[151.201149,-33.875537]]]}},{"type":"Feature","properties":{"k":"park"},"geometry":{"type":"Polygon","coordinates":[[[151.201032,-33.875198],[151.201066,-33.875116],[151.201,-33.875072],[151.200989,-33.875075],[151.201032,-33.875198]]]}},{"type":"Feature","properties":{"k":"park"},"geometry":{"type":"Polygon","coordinates":[[[151.201038,-33.875217],[151.201077,-33.875124],[151.201236,-33.875223],[151.201235,-33.875369],[151.201047,-33.875241],[151.201038,-33.875217]]]}},{"type":"Feature","properties":{"k":"grass"},"geometry":{"type":"Polygon","coordinates":[[[151.20036,-33.855951],[151.200464,-33.855854],[151.2005,-33.855856],[151.200454,-33.855974],[151.20045,-33.856095],[151.200416,-33.856251],[151.200398,-33.856462],[151.200436,-33.856664],[151.200356,-33.856605],[151.200323,-33.856483],[151.200307,-33.856334],[151.200294,-33.856124],[151.20036,-33.855951]]]}},{"type":"Feature","properties":{"k":"grass"},"geometry":{"type":"Polygon","coordinates":[[[151.200583,-33.856016],[151.200598,-33.855913],[151.200634,-33.855849],[151.200686,-33.855793],[151.200817,-33.855711],[151.200842,-33.855755],[151.200897,-33.855835],[151.200945,-33.855886],[151.20101,-33.855929],[151.201103,-33.855975],[151.201177,-33.856002],[151.201175,-33.856012],[151.20122,-33.856026],[151.201278,-33.856063],[151.201302,-33.856076],[151.201403,-33.856101],[151.201433,-33.856095],[151.201466,-33.856089],[151.2017,-33.856157],[151.201696,-33.856171],[151.201737,-33.856189],[151.201769,-33.856208],[151.201792,-33.856227],[151.201806,-33.856249],[151.20182,-33.856271],[151.201837,-33.856264],[151.201844,-33.856279],[151.201845,-33.856293],[151.20184,-33.856306],[151.201828,-33.856317],[151.201822,-33.856311],[151.201813,-33.856319],[151.20179,-33.85633],[151.201785,-33.856322],[151.201744,-33.856329],[151.201697,-33.856329],[151.201625,-33.856312],[151.201622,-33.856329],[151.201391,-33.856288],[151.201187,-33.856262],[151.201049,-33.856254],[151.200958,-33.856266],[151.200863,-33.856291],[151.200719,-33.856095],[151.200583,-33.856016]]]}},{"type":"Feature","properties":{"k":"grass"},"geometry":{"type":"Polygon","coordinates":[[[151.20112,-33.856583],[151.20098,-33.856539],[151.200906,-33.856505],[151.200912,-33.856492],[151.200922,-33.856471],[151.200923,-33.856431],[151.200914,-33.856387],[151.2009,-33.85633],[151.200935,-33.856316],[151.201015,-33.8563],[151.201021,-33.856286],[151.201113,-33.856288],[151.201145,-33.856309],[151.201193,-33.856323],[151.201262,-33.856324],[151.201285,-33.856316],[151.201323,-33.856323],[151.201329,-33.856307],[151.201642,-33.856364],[151.201655,-33.856377],[151.20166,-33.856387],[151.201647,-33.856387],[151.201642,-33.8564],[151.201594,-33.856426],[151.201539,-33.856467],[151.201494,-33.856519],[151.201457,-33.856575],[151.20143,-33.856625],[151.201415,-33.856678],[151.201414,-33.856691],[151.201434,-33.856693],[151.20143,-33.856726],[151.201422,-33.856735],[151.201411,-33.856737],[151.2014,-33.856731],[151.201334,-33.856678],[151.201241,-33.856627],[151.20112,-33.856583]]]}},{"type":"Feature","properties":{"k":"grass"},"geometry":{"type":"Polygon","coordinates":[[[151.200889,-33.855682],[151.200888,-33.855714],[151.200894,-33.855753],[151.200916,-33.855799],[151.200949,-33.855845],[151.201011,-33.855895],[151.201098,-33.85594],[151.201185,-33.855975],[151.20131,-33.856015],[151.201656,-33.856108],[151.201661,-33.856095],[151.201725,-33.856117],[151.201767,-33.856136],[151.20182,-33.856169],[151.201881,-33.85615],[151.201921,-33.85614],[151.201935,-33.856125],[151.201966,-33.856105],[151.202005,-33.856098],[151.202014,-33.856082],[151.201959,-33.856054],[151.201889,-33.856017],[151.20185,-33.855992],[151.201811,-33.855967],[151.201735,-33.855911],[151.201683,-33.855852],[151.20164,-33.85579],[151.201614,-33.855737],[151.201583,-33.855708],[151.201598,-33.855695],[151.201536,-33.855675],[151.201481,-33.85567],[151.201421,-33.855678],[151.201319,-33.85571],[151.201254,-33.855721],[151.201175,-33.855724],[151.2011,-33.855717],[151.201013,-33.855693],[151.200954,-33.855683],[151.200889,-33.855682]]]}},{"type":"Feature","properties":{"k":"wood"},"geometry":{"type":"Polygon","coordinates":[[[151.200676,-33.858349],[151.200731,-33.85838],[151.200772,-33.858413],[151.20082,-33.858454],[151.200866,-33.858516],[151.200912,-33.858572],[151.200986,-33.858607],[151.201026,-33.858618],[151.201063,-33.858625],[151.201116,-33.85864],[151.201154,-33.858644],[151.201201,-33.858644],[151.201238,-33.858633],[151.201225,-33.858599],[151.201254,-33.858591],[151.201288,-33.858581],[151.201301,-33.858614],[151.201335,-33.8586],[151.201487,-33.858543],[151.20149,-33.858353],[151.201518,-33.858355],[151.201519,-33.858333],[151.201479,-33.858332],[151.201444,-33.858333],[151.201393,-33.858353],[151.201355,-33.858374],[151.201324,-33.858395],[151.201282,-33.858443],[151.20126,-33.858465],[151.201221,-33.858482],[151.201168,-33.858492],[151.201094,-33.858478],[151.201061,-33.858452],[151.20101,-33.858397],[151.200953,-33.858329],[151.200904,-33.858286],[151.200848,-33.858251],[151.200804,-33.858295],[151.200751,-33.858265],[151.200724,-33.858297],[151.200676,-33.858277],[151.200643,-33.858332],[151.200676,-33.858349]]]}},{"type":"Feature","properties":{"k":"grass"},"geometry":{"type":"Polygon","coordinates":[[[151.202213,-33.878288],[151.202422,-33.878238],[151.202448,-33.878439],[151.202276,-33.878477],[151.202213,-33.878288]]]}},{"type":"Feature","properties":{"k":"park"},"geometry":{"type":"Polygon","coordinates":[[[151.217042,-33.890064],[151.21706,-33.889976],[151.215103,-33.889688],[151.215074,-33.889804],[151.215331,-33.889851],[151.215417,-33.889887],[151.215471,-33.889919],[151.215586,-33.889962],[151.216476,-33.890097],[151.21671,-33.890066],[151.21672,-33.890018],[151.217042,-33.890064]]]}},{"type":"Feature","properties":{"k":"park"},"geometry":{"type":"Polygon","coordinates":[[[151.21317,-33.887507],[151.213173,-33.887489],[151.213183,-33.887474],[151.213199,-33.887461],[151.213218,-33.887454],[151.213239,-33.887452],[151.21326,-33.887456],[151.213278,-33.887466],[151.213292,-33.88748],[151.213299,-33.887496],[151.2133,-33.887514],[151.213293,-33.887531],[151.21328,-33.887545],[151.213262,-33.887555],[151.213241,-33.88756],[151.21322,-33.887559],[151.2132,-33.887552],[151.213184,-33.88754],[151.213174,-33.887524],[151.21317,-33.887507]]]}},{"type":"Feature","properties":{"k":"park"},"geometry":{"type":"Polygon","coordinates":[[[151.213386,-33.887434],[151.213407,-33.887432],[151.213429,-33.887437],[151.213447,-33.887447],[151.213461,-33.887462],[151.213467,-33.88748],[151.213466,-33.887499],[151.213457,-33.887516],[151.213441,-33.887529],[151.213418,-33.887538],[151.213401,-33.88754],[151.21338,-33.887537],[151.213362,-33.887529],[151.213348,-33.887516],[151.21334,-33.8875],[151.213337,-33.887483],[151.213342,-33.887467],[151.213352,-33.887453],[151.213367,-33.88744],[151.213386,-33.887434]]]}},{"type":"Feature","properties":{"k":"grass"},"geometry":{"type":"Polygon","coordinates":[[[151.212654,-33.870967],[151.212353,-33.871005],[151.212337,-33.871012],[151.21233,-33.871022],[151.212333,-33.871036],[151.212348,-33.871045],[151.212647,-33.871162],[151.212653,-33.87114],[151.212689,-33.871133],[151.212728,-33.87113],[151.212743,-33.871009],[151.212696,-33.870995],[151.212654,-33.870967]]]}},{"type":"Feature","properties":{"k":"park"},"geometry":{"type":"Polygon","coordinates":[[[151.201799,-33.879451],[151.201828,-33.879455],[151.201834,-33.879425],[151.202062,-33.879459],[151.202067,-33.879473],[151.202057,-33.879472],[151.202046,-33.879474],[151.202036,-33.879479],[151.202027,-33.879486],[151.202022,-33.879493],[151.202019,-33.879501],[151.202018,-33.879509],[151.20202,-33.879518],[151.202024,-33.879526],[151.202031,-33.879532],[151.202042,-33.879539],[151.202056,-33.879542],[151.202105,-33.879691],[151.202138,-33.879683],[151.202148,-33.879714],[151.202085,-33.879728],[151.202017,-33.879745],[151.201946,-33.879762],[151.201897,-33.879773],[151.201887,-33.879739],[151.201876,-33.879707],[151.201941,-33.879691],[151.201884,-33.87953],[151.201822,-33.879545],[151.20181,-33.879509],[151.201795,-33.879467],[151.201799,-33.879451]]]}},{"type":"Feature","properties":{"k":"park"},"geometry":{"type":"Polygon","coordinates":[[[151.202028,-33.879929],[151.202217,-33.879885],[151.202225,-33.879883],[151.202247,-33.879948],[151.202218,-33.879955],[151.20223,-33.879988],[151.202258,-33.879981],[151.202317,-33.880157],[151.202039,-33.88005],[151.201997,-33.879936],[151.202028,-33.879929]]]}},{"type":"Feature","properties":{"k":"park"},"geometry":{"type":"Polygon","coordinates":[[[151.200955,-33.875973],[151.200973,-33.87607],[151.201001,-33.876156],[151.201055,-33.876217],[151.201029,-33.876026],[151.200955,-33.875973]]]}},{"type":"Feature","properties":{"k":"grass"},"geometry":{"type":"Polygon","coordinates":[[[151.20095,-33.875631],[151.200874,-33.875684],[151.20089,-33.875753],[151.200898,-33.87585],[151.200955,-33.875973],[151.201029,-33.876026],[151.20099,-33.875748],[151.20095,-33.875631]]]}},{"type":"Feature","properties":{"k":"grass"},"geometry":{"type":"Polygon","coordinates":[[[151.200874,-33.875684],[151.200844,-33.87576],[151.200852,-33.875784],[151.200833,-33.875854],[151.200922,-33.875994],[151.20094,-33.876069],[151.200973,-33.87607],[151.200955,-33.875973],[151.200898,-33.87585],[151.20089,-33.875753],[151.200874,-33.875684]]]}},{"type":"Feature","properties":{"k":"park"},"geometry":{"type":"Polygon","coordinates":[[[151.20094,-33.876069],[151.200792,-33.875845],[151.200786,-33.87582],[151.200829,-33.875806],[151.20084,-33.875742],[151.200844,-33.87576],[151.200852,-33.875784],[151.200833,-33.875854],[151.200922,-33.875994],[151.20094,-33.876069]]]}},{"type":"Feature","properties":{"k":"park"},"geometry":{"type":"Polygon","coordinates":[[[151.200762,-33.87539],[151.200894,-33.875534],[151.200908,-33.875575],[151.20094,-33.875599],[151.20095,-33.875631],[151.200874,-33.875684],[151.200844,-33.87576],[151.200759,-33.87542],[151.200757,-33.875357],[151.200756,-33.87534],[151.200762,-33.87539]]]}},{"type":"Feature","properties":{"k":"park"},"geometry":{"type":"Polygon","coordinates":[[[151.200756,-33.87534],[151.200758,-33.875323],[151.200718,-33.875311],[151.200789,-33.875678],[151.200812,-33.875683],[151.200833,-33.875714],[151.200759,-33.87542],[151.200757,-33.875357],[151.200756,-33.87534]]]}},{"type":"Feature","properties":{"k":"park"},"geometry":{"type":"Polygon","coordinates":[[[151.200854,-33.875341],[151.200815,-33.875344],[151.200825,-33.875428],[151.200908,-33.875516],[151.200854,-33.875341]]]}},{"type":"Feature","properties":{"k":"park"},"geometry":{"type":"Polygon","coordinates":[[[151.200778,-33.875345],[151.200779,-33.875378],[151.200819,-33.875422],[151.200808,-33.875342],[151.200778,-33.875345]]]}},{"type":"Feature","properties":{"k":"park"},"geometry":{"type":"Polygon","coordinates":[[[151.200776,-33.875309],[151.200716,-33.875292],[151.200624,-33.874803],[151.200634,-33.8748],[151.200729,-33.875027],[151.2008,-33.875196],[151.200823,-33.875263],[151.200801,-33.875264],[151.200793,-33.875299],[151.200776,-33.875309]]]}},{"type":"Feature","properties":{"k":"park"},"geometry":{"type":"Polygon","coordinates":[[[151.200579,-33.874563],[151.200624,-33.874803],[151.200634,-33.8748],[151.200729,-33.875027],[151.200741,-33.875024],[151.200651,-33.874765],[151.200615,-33.874664],[151.200579,-33.874563]]]}},{"type":"Feature","properties":{"k":"park"},"geometry":{"type":"Polygon","coordinates":[[[151.200329,-33.873951],[151.200275,-33.874082],[151.20027,-33.874095],[151.200416,-33.87408],[151.200378,-33.873949],[151.200329,-33.873951]]]}},{"type":"Feature","properties":{"k":"grass"},"geometry":{"type":"Polygon","coordinates":[[[151.200172,-33.873571],[151.200099,-33.873545],[151.199941,-33.873614],[151.199898,-33.87364],[151.199941,-33.873712],[151.200127,-33.873667],[151.200172,-33.873571]]]}},{"type":"Feature","properties":{"k":"park"},"geometry":{"type":"Polygon","coordinates":[[[151.200192,-33.873607],[151.200168,-33.873653],[151.20007,-33.873902],[151.200141,-33.874011],[151.200204,-33.873982],[151.200307,-33.873739],[151.200256,-33.873633],[151.200192,-33.873607]]]}},{"type":"Feature","properties":{"k":"park"},"geometry":{"type":"Polygon","coordinates":[[[151.198806,-33.873004],[151.198919,-33.87304],[151.198983,-33.873033],[151.198899,-33.872982],[151.198806,-33.873004]]]}},{"type":"Feature","properties":{"k":"park"},"geometry":{"type":"Polygon","coordinates":[[[151.199306,-33.872908],[151.199156,-33.872973],[151.199147,-33.872958],[151.199175,-33.872932],[151.199259,-33.872895],[151.199281,-33.872897],[151.199306,-33.872908]]]}},{"type":"Feature","properties":{"k":"park"},"geometry":{"type":"Polygon","coordinates":[[[151.200409,-33.883093],[151.200395,-33.883072],[151.200387,-33.883058],[151.200416,-33.883045],[151.200435,-33.883047],[151.200454,-33.883059],[151.200449,-33.883063],[151.200416,-33.883088],[151.200409,-33.883093]]]}},{"type":"Feature","properties":{"k":"park"},"geometry":{"type":"Polygon","coordinates":[[[151.200822,-33.883059],[151.200775,-33.883023],[151.20082,-33.883009],[151.200846,-33.88305],[151.200822,-33.883059]]]}},{"type":"Feature","properties":{"k":"grass"},"geometry":{"type":"Polygon","coordinates":[[[151.201473,-33.880547],[151.201434,-33.880576],[151.201534,-33.880781],[151.201586,-33.880775],[151.201549,-33.880701],[151.201473,-33.880547]]]}},{"type":"Feature","properties":{"k":"grass"},"geometry":{"type":"Polygon","coordinates":[[[151.201016,-33.879774],[151.201056,-33.879864],[151.201086,-33.879845],[151.201054,-33.879774],[151.201016,-33.879774]]]}},{"type":"Feature","properties":{"k":"park"},"geometry":{"type":"Polygon","coordinates":[[[151.201016,-33.879774],[151.200967,-33.879775],[151.201024,-33.879892],[151.201056,-33.879864],[151.201016,-33.879774]]]}},{"type":"Feature","properties":{"k":"park"},"geometry":{"type":"Polygon","coordinates":[[[151.200692,-33.879187],[151.200728,-33.879186],[151.200766,-33.879248],[151.200758,-33.87925],[151.20084,-33.879407],[151.200821,-33.879413],[151.200858,-33.879476],[151.200829,-33.879497],[151.200814,-33.879503],[151.200777,-33.879439],[151.200817,-33.879407],[151.200741,-33.879292],[151.200761,-33.879284],[151.200692,-33.879187]]]}},{"type":"Feature","properties":{"k":"park"},"geometry":{"type":"Polygon","coordinates":[[[151.20159,-33.881013],[151.201607,-33.881049],[151.2017,-33.881019],[151.201707,-33.881017],[151.201691,-33.880982],[151.201658,-33.880993],[151.201651,-33.880978],[151.201614,-33.88099],[151.20162,-33.881003],[151.20159,-33.881013]]]}},{"type":"Feature","properties":{"k":"park"},"geometry":{"type":"Polygon","coordinates":[[[151.20157,-33.88091],[151.201618,-33.880897],[151.201601,-33.880863],[151.201652,-33.880826],[151.201593,-33.880702],[151.201549,-33.880701],[151.201586,-33.880775],[151.201534,-33.880781],[151.201434,-33.880576],[151.201473,-33.880547],[151.201468,-33.880545],[151.201424,-33.880558],[151.201393,-33.880499],[151.201441,-33.880482],[151.201438,-33.880474],[151.201375,-33.880474],[151.201354,-33.880474],[151.201375,-33.880518],[151.201526,-33.880805],[151.201576,-33.880818],[151.201587,-33.880832],[151.20155,-33.880849],[151.201532,-33.880857],[151.201544,-33.880881],[151.201561,-33.880887],[151.20157,-33.88091]]]}},{"type":"Feature","properties":{"k":"park"},"geometry":{"type":"Polygon","coordinates":[[[151.201253,-33.880331],[151.201185,-33.880197],[151.201208,-33.880172],[151.201101,-33.879956],[151.201141,-33.879953],[151.201223,-33.880118],[151.201246,-33.88013],[151.201304,-33.880241],[151.201288,-33.880253],[151.20131,-33.880292],[151.201253,-33.880331]]]}},{"type":"Feature","properties":{"k":"park"},"geometry":{"type":"Polygon","coordinates":[[[151.200945,-33.879725],[151.200928,-33.879697],[151.2009,-33.879699],[151.200829,-33.879562],[151.200883,-33.879556],[151.200885,-33.879562],[151.200864,-33.879578],[151.20088,-33.879613],[151.20091,-33.879612],[151.200959,-33.879717],[151.200945,-33.879725]]]}},{"type":"Feature","properties":{"k":"park"},"geometry":{"type":"Polygon","coordinates":[[[151.20101,-33.879679],[151.201033,-33.879734],[151.201143,-33.879731],[151.200934,-33.879226],[151.200927,-33.879198],[151.20088,-33.8792],[151.200855,-33.879207],[151.200801,-33.87923],[151.200815,-33.879259],[151.200894,-33.879421],[151.200882,-33.879427],[151.200901,-33.879463],[151.200927,-33.879475],[151.200991,-33.87961],[151.200999,-33.879606],[151.201018,-33.879646],[151.201033,-33.879643],[151.201045,-33.879669],[151.201032,-33.879674],[151.20101,-33.879679]]]}},{"type":"Feature","properties":{"k":"park"},"geometry":{"type":"Polygon","coordinates":[[[151.207996,-33.883061],[151.208018,-33.883087],[151.20804,-33.883151],[151.208075,-33.883301],[151.208077,-33.883314],[151.208077,-33.883326],[151.208071,-33.883341],[151.207968,-33.883421],[151.207961,-33.883429],[151.20791,-33.8834],[151.207886,-33.883384],[151.207873,-33.883369],[151.207865,-33.88335],[151.207862,-33.88333],[151.207866,-33.883305],[151.207908,-33.883195],[151.20796,-33.88306],[151.207978,-33.883058],[151.207996,-33.883061]]]}},{"type":"Feature","properties":{"k":"grass"},"geometry":{"type":"Polygon","coordinates":[[[151.212256,-33.874033],[151.212266,-33.874034],[151.212277,-33.874034],[151.212289,-33.874032],[151.2123,-33.874027],[151.212306,-33.874042],[151.212206,-33.874795],[151.212207,-33.874822],[151.212192,-33.874838],[151.212179,-33.874835],[151.212173,-33.874827],[151.211943,-33.874527],[151.211956,-33.87451],[151.211961,-33.87449],[151.211958,-33.87447],[151.211947,-33.874452],[151.212256,-33.874033]]]}},{"type":"Feature","properties":{"k":"grass"},"geometry":{"type":"Polygon","coordinates":[[[151.212129,-33.874843],[151.212104,-33.874856],[151.211692,-33.874809],[151.21169,-33.874798],[151.211878,-33.874549],[151.211888,-33.874549],[151.211903,-33.874548],[151.211912,-33.874545],[151.212133,-33.874831],[151.212129,-33.874843]]]}},{"type":"Feature","properties":{"k":"grass"},"geometry":{"type":"Polygon","coordinates":[[[151.212021,-33.875857],[151.212012,-33.875868],[151.211537,-33.875802],[151.21152,-33.875793],[151.211515,-33.87578],[151.211592,-33.875364],[151.212153,-33.875021],[151.212172,-33.875005],[151.212188,-33.875003],[151.212067,-33.875836],[151.212043,-33.875843],[151.212021,-33.875857]]]}},{"type":"Feature","properties":{"k":"grass"},"geometry":{"type":"Polygon","coordinates":[[[151.212119,-33.874995],[151.212096,-33.87498],[151.212089,-33.874973],[151.211666,-33.874939],[151.211596,-33.875322],[151.212145,-33.875003],[151.212119,-33.874995]]]}},{"type":"Feature","properties":{"k":"grass"},"geometry":{"type":"Polygon","coordinates":[[[151.211555,-33.87533],[151.211269,-33.875436],[151.211249,-33.875432],[151.211242,-33.875419],[151.211246,-33.875397],[151.211583,-33.874946],[151.211594,-33.874937],[151.211609,-33.87494],[151.211623,-33.874953],[151.211625,-33.874966],[151.211555,-33.87533]]]}},{"type":"Feature","properties":{"k":"grass"},"geometry":{"type":"Polygon","coordinates":[[[151.211489,-33.875735],[151.211482,-33.875772],[151.211475,-33.875785],[151.211457,-33.87579],[151.211214,-33.875756],[151.211198,-33.875751],[151.211192,-33.875734],[151.211229,-33.875512],[151.211233,-33.875497],[151.211244,-33.875487],[151.211548,-33.875388],[151.211489,-33.875735]]]}},{"type":"Feature","properties":{"k":"grass"},"geometry":{"type":"Polygon","coordinates":[[[151.211277,-33.875226],[151.211279,-33.875239],[151.21129,-33.875247],[151.211304,-33.87524],[151.211554,-33.874908],[151.211559,-33.874887],[151.211548,-33.874879],[151.211371,-33.87486],[151.211355,-33.874866],[151.211338,-33.874881],[151.211335,-33.874889],[151.21133,-33.874915],[151.211353,-33.874917],[151.211327,-33.875062],[151.211306,-33.875061],[151.211277,-33.875226]]]}},{"type":"Feature","properties":{"k":"grass"},"geometry":{"type":"Polygon","coordinates":[[[151.212,-33.875924],[151.211981,-33.875921],[151.211542,-33.875859],[151.211512,-33.875866],[151.211502,-33.875886],[151.211454,-33.876055],[151.211453,-33.876071],[151.211461,-33.876078],[151.211483,-33.876074],[151.211924,-33.87595],[151.212002,-33.87593],[151.212,-33.875924]]]}},{"type":"Feature","properties":{"k":"grass"},"geometry":{"type":"Polygon","coordinates":[[[151.211939,-33.876424],[151.211958,-33.876422],[151.211978,-33.876407],[151.211993,-33.876386],[151.212,-33.876367],[151.21205,-33.875972],[151.212026,-33.87596],[151.212008,-33.875943],[151.211525,-33.876099],[151.211518,-33.876112],[151.211527,-33.876123],[151.211882,-33.876406],[151.211939,-33.876424]]]}},{"type":"Feature","properties":{"k":"grass"},"geometry":{"type":"Polygon","coordinates":[[[151.211346,-33.876045],[151.21136,-33.876056],[151.211396,-33.876056],[151.211418,-33.87602],[151.211457,-33.875868],[151.211454,-33.875857],[151.211444,-33.875846],[151.211203,-33.875812],[151.211189,-33.875811],[151.211178,-33.875819],[151.211167,-33.875886],[151.211168,-33.875895],[151.211178,-33.875903],[151.211346,-33.876045]]]}},{"type":"Feature","properties":{"k":"grass"},"geometry":{"type":"Polygon","coordinates":[[[151.211171,-33.875975],[151.211154,-33.875968],[151.211132,-33.875978],[151.211118,-33.875993],[151.211106,-33.876016],[151.211083,-33.876037],[151.211064,-33.876048],[151.211044,-33.876053],[151.211033,-33.876063],[151.211025,-33.87612],[151.210997,-33.876316],[151.211027,-33.876311],[151.211064,-33.876304],[151.21112,-33.876288],[151.211167,-33.876278],[151.2112,-33.876266],[151.211239,-33.876243],[151.211275,-33.876217],[151.211317,-33.876181],[151.21134,-33.876159],[151.211352,-33.876142],[151.211356,-33.876131],[151.211349,-33.87612],[151.211171,-33.875975]]]}},{"type":"Feature","properties":{"k":"grass"},"geometry":{"type":"Polygon","coordinates":[[[151.210941,-33.876609],[151.21092,-33.876742],[151.21155,-33.87675],[151.211792,-33.876753],[151.211854,-33.87675],[151.211899,-33.876726],[151.211921,-33.876701],[151.211934,-33.87665],[151.211921,-33.876606],[151.2119,-33.876615],[151.211878,-33.876616],[151.211853,-33.876613],[151.211826,-33.876604],[151.211808,-33.876594],[151.211795,-33.876583],[151.21179,-33.876569],[151.211784,-33.876551],[151.211783,-33.876531],[151.211373,-33.876204],[151.211359,-33.876194],[151.211348,-33.876195],[151.211338,-33.876203],[151.211313,-33.876229],[151.211286,-33.876252],[151.211262,-33.876271],[151.211241,-33.876287],[151.211212,-33.876308],[151.211178,-33.87632],[151.211143,-33.876332],[151.211113,-33.876339],[151.211076,-33.876344],[151.211041,-33.876348],[151.210988,-33.876613],[151.210941,-33.876609]]]}},{"type":"Feature","properties":{"k":"grass"},"geometry":{"type":"Polygon","coordinates":[[[151.211175,-33.874869],[151.211171,-33.874894],[151.211248,-33.874903],[151.211162,-33.87541],[151.211143,-33.875408],[151.211139,-33.87543],[151.211188,-33.875437],[151.211285,-33.874883],[151.211175,-33.874869]]]}},{"type":"Feature","properties":{"k":"grass"},"geometry":{"type":"Polygon","coordinates":[[[151.211043,-33.874853],[151.211039,-33.874878],[151.210961,-33.874869],[151.210875,-33.875376],[151.210894,-33.875378],[151.210891,-33.8754],[151.210838,-33.875393],[151.210936,-33.874839],[151.211043,-33.874853]]]}},{"type":"Feature","properties":{"k":"grass"},"geometry":{"type":"Polygon","coordinates":[[[151.210748,-33.875419],[151.210773,-33.87543],[151.21078,-33.875442],[151.21074,-33.875662],[151.210737,-33.875677],[151.210732,-33.875687],[151.210717,-33.875686],[151.210446,-33.875652],[151.210441,-33.875645],[151.210441,-33.875638],[151.210505,-33.875331],[151.210513,-33.875317],[151.210539,-33.875326],[151.210748,-33.875419]]]}},{"type":"Feature","properties":{"k":"grass"},"geometry":{"type":"Polygon","coordinates":[[[151.210721,-33.875755],[151.210698,-33.875877],[151.210693,-33.87589],[151.210679,-33.8759],[151.210456,-33.876062],[151.210444,-33.876064],[151.21043,-33.876043],[151.210424,-33.87602],[151.21041,-33.87596],[151.210406,-33.875909],[151.210408,-33.875838],[151.210427,-33.875724],[151.21043,-33.875712],[151.210439,-33.87571],[151.210707,-33.875747],[151.210719,-33.875744],[151.210721,-33.875755]]]}},{"type":"Feature","properties":{"k":"grass"},"geometry":{"type":"Polygon","coordinates":[[[151.210759,-33.876035],[151.210762,-33.876021],[151.210755,-33.876012],[151.210734,-33.875991],[151.210726,-33.875978],[151.210713,-33.875974],[151.210695,-33.875982],[151.210503,-33.876121],[151.210495,-33.876127],[151.210497,-33.876133],[151.210517,-33.876151],[151.210532,-33.876162],[151.21057,-33.876203],[151.210601,-33.876231],[151.210625,-33.876249],[151.210652,-33.876271],[151.210677,-33.876278],[151.210705,-33.876284],[151.210747,-33.876084],[151.210759,-33.876035]]]}},{"type":"Feature","properties":{"k":"grass"},"geometry":{"type":"Polygon","coordinates":[[[151.210717,-33.875359],[151.210735,-33.875364],[151.210754,-33.875359],[151.210764,-33.875345],[151.210591,-33.874881],[151.210575,-33.874875],[151.210567,-33.874902],[151.210519,-33.875231],[151.210519,-33.875248],[151.210527,-33.875267],[151.210717,-33.875359]]]}},{"type":"Feature","properties":{"k":"grass"},"geometry":{"type":"Polygon","coordinates":[[[151.210756,-33.875182],[151.210768,-33.875208],[151.210784,-33.875217],[151.210805,-33.875218],[151.210822,-33.875202],[151.210887,-33.874833],[151.210885,-33.874812],[151.210865,-33.874804],[151.210626,-33.874776],[151.210613,-33.874779],[151.210605,-33.874797],[151.210756,-33.875182]]]}},{"type":"Feature","properties":{"k":"grass"},"geometry":{"type":"Polygon","coordinates":[[[151.210405,-33.875632],[151.210395,-33.875641],[151.210379,-33.875643],[151.210355,-33.87564],[151.210303,-33.875607],[151.210256,-33.875565],[151.21019,-33.875518],[151.210169,-33.875471],[151.210139,-33.875389],[151.210115,-33.875337],[151.210104,-33.875304],[151.210104,-33.875264],[151.210122,-33.875226],[151.21015,-33.875186],[151.210218,-33.87513],[151.210267,-33.875095],[151.210398,-33.875222],[151.210476,-33.875298],[151.210476,-33.875311],[151.210405,-33.875632]]]}},{"type":"Feature","properties":{"k":"grass"},"geometry":{"type":"Polygon","coordinates":[[[151.211861,-33.874429],[151.211885,-33.874425],[151.211909,-33.874428],[151.212223,-33.874015],[151.212214,-33.874],[151.212212,-33.873983],[151.212216,-33.873967],[151.212164,-33.87392],[151.212129,-33.873904],[151.212102,-33.873894],[151.212061,-33.87389],[151.21145,-33.87379],[151.211443,-33.873806],[151.211417,-33.873834],[151.211394,-33.873849],[151.211861,-33.874429]]]}},{"type":"Feature","properties":{"k":"grass"},"geometry":{"type":"Polygon","coordinates":[[[151.211584,-33.874836],[151.211606,-33.874824],[151.21162,-33.874812],[151.211833,-33.874532],[151.211818,-33.874514],[151.211811,-33.874494],[151.211813,-33.874474],[151.211822,-33.874454],[151.211369,-33.873861],[151.211342,-33.87387],[151.211333,-33.873869],[151.211167,-33.874761],[151.211343,-33.87478],[151.211343,-33.874799],[151.211352,-33.87481],[151.211376,-33.874816],[151.211584,-33.874836]]]}},{"type":"Feature","properties":{"k":"grass"},"geometry":{"type":"Polygon","coordinates":[[[151.210441,-33.87436],[151.21045,-33.874384],[151.210569,-33.874705],[151.210578,-33.874727],[151.2106,-33.874732],[151.210871,-33.874759],[151.210899,-33.87475],[151.210907,-33.874732],[151.211082,-33.87475],[151.211248,-33.873865],[151.211217,-33.873853],[151.210484,-33.874288],[151.21046,-33.874302],[151.210462,-33.874317],[151.21046,-33.874332],[151.210453,-33.874347],[151.210441,-33.87436]]]}},{"type":"Feature","properties":{"k":"grass"},"geometry":{"type":"Polygon","coordinates":[[[151.210159,-33.873628],[151.210393,-33.874258],[151.210406,-33.87426],[151.210419,-33.874263],[151.210438,-33.874273],[151.211175,-33.873816],[151.211156,-33.873791],[151.211144,-33.873747],[151.211149,-33.87371],[151.211244,-33.873726],[151.211263,-33.873652],[151.210243,-33.87349],[151.210159,-33.873628]]]}},{"type":"Feature","properties":{"k":"grass"},"geometry":{"type":"Polygon","coordinates":[[[151.210327,-33.874344],[151.21032,-33.874326],[151.21032,-33.874307],[151.210329,-33.874287],[151.210346,-33.874272],[151.2101,-33.873576],[151.210026,-33.873507],[151.210007,-33.873538],[151.209892,-33.874504],[151.209945,-33.874516],[151.209975,-33.874532],[151.210002,-33.874554],[151.210327,-33.874344]]]}},{"type":"Feature","properties":{"k":"grass"},"geometry":{"type":"Polygon","coordinates":[[[151.210397,-33.874377],[151.210376,-33.874376],[151.210358,-33.874371],[151.210341,-33.874381],[151.210028,-33.874579],[151.210042,-33.874599],[151.210052,-33.874631],[151.210053,-33.874654],[151.210496,-33.874723],[151.210522,-33.874725],[151.210527,-33.874705],[151.210405,-33.874399],[151.210397,-33.874377]]]}},{"type":"Feature","properties":{"k":"grass"},"geometry":{"type":"Polygon","coordinates":[[[151.210492,-33.874763],[151.210524,-33.874772],[151.210544,-33.87479],[151.210547,-33.874826],[151.210488,-33.875218],[151.210477,-33.87523],[151.210457,-33.875218],[151.210016,-33.874791],[151.210036,-33.874763],[151.210048,-33.874739],[151.210053,-33.874713],[151.210055,-33.874689],[151.210492,-33.874763]]]}},{"type":"Feature","properties":{"k":"grass"},"geometry":{"type":"Polygon","coordinates":[[[151.210217,-33.875071],[151.209973,-33.874814],[151.209943,-33.874822],[151.209914,-33.874831],[151.209875,-33.874835],[151.209856,-33.874834],[151.209759,-33.875564],[151.210242,-33.875626],[151.210355,-33.87564],[151.210303,-33.875607],[151.210256,-33.875565],[151.21019,-33.875518],[151.210154,-33.87552],[151.210069,-33.875404],[151.210024,-33.875336],[151.209979,-33.875272],[151.209977,-33.875248],[151.209983,-33.875223],[151.210032,-33.875194],[151.210213,-33.875092],[151.210217,-33.875071]]]}},{"type":"Feature","properties":{"k":"grass"},"geometry":{"type":"Polygon","coordinates":[[[151.210378,-33.875795],[151.21039,-33.875725],[151.21039,-33.875711],[151.210373,-33.875701],[151.210345,-33.875698],[151.210301,-33.875692],[151.20975,-33.875619],[151.209656,-33.876357],[151.209669,-33.876398],[151.209689,-33.876384],[151.209711,-33.876376],[151.209734,-33.876371],[151.209754,-33.87637],[151.209774,-33.876371],[151.209788,-33.876373],[151.209823,-33.876384],[151.209846,-33.876393],[151.209864,-33.876407],[151.209875,-33.876422],[151.209934,-33.876443],[151.209982,-33.876407],[151.210405,-33.8761],[151.210415,-33.876089],[151.210412,-33.876075],[151.21039,-33.876033],[151.210364,-33.875929],[151.210366,-33.875853],[151.210378,-33.875795]]]}},{"type":"Feature","properties":{"k":"grass"},"geometry":{"type":"Polygon","coordinates":[[[151.21063,-33.876735],[151.210649,-33.876615],[151.210579,-33.876608],[151.210177,-33.87665],[151.210082,-33.876625],[151.210073,-33.876645],[151.210062,-33.876666],[151.210045,-33.876691],[151.210024,-33.876709],[151.210025,-33.876729],[151.21063,-33.876735]]]}},{"type":"Feature","properties":{"k":"grass"},"geometry":{"type":"Polygon","coordinates":[[[151.210571,-33.876581],[151.210576,-33.876553],[151.210612,-33.876557],[151.210653,-33.876309],[151.21059,-33.876272],[151.210532,-33.876229],[151.21048,-33.876174],[151.210465,-33.876158],[151.210453,-33.876158],[151.210433,-33.876172],[151.21008,-33.876429],[151.210048,-33.876453],[151.210065,-33.87648],[151.210077,-33.876505],[151.210085,-33.87653],[151.210089,-33.876553],[151.210089,-33.876577],[151.210087,-33.876594],[151.210185,-33.876617],[151.210571,-33.876581]]]}},{"type":"Feature","properties":{"k":"park"},"geometry":{"type":"Polygon","coordinates":[[[151.211822,-33.876421],[151.211845,-33.876403],[151.211684,-33.876269],[151.211669,-33.876283],[151.211689,-33.87631],[151.211822,-33.876421]]]}},{"type":"Feature","properties":{"k":"park"},"geometry":{"type":"Polygon","coordinates":[[[151.211612,-33.876212],[151.211486,-33.876116],[151.211459,-33.876125],[151.21159,-33.876228],[151.211612,-33.876212]]]}},{"type":"Feature","properties":{"k":"park"},"geometry":{"type":"Polygon","coordinates":[[[151.211748,-33.876485],[151.211769,-33.876465],[151.211386,-33.876154],[151.211369,-33.876167],[151.211748,-33.876485]]]}},{"type":"Feature","properties":{"k":"park"},"geometry":{"type":"Polygon","coordinates":[[[151.21045,-33.874384],[151.210468,-33.874376],[151.21048,-33.874359],[151.210488,-33.874339],[151.210491,-33.874322],[151.210491,-33.874303],[151.210484,-33.874288],[151.21046,-33.874302],[151.210462,-33.874317],[151.21046,-33.874332],[151.210453,-33.874347],[151.210441,-33.87436],[151.21045,-33.874384]]]}},{"type":"Feature","properties":{"k":"park"},"geometry":{"type":"Polygon","coordinates":[[[151.210397,-33.874377],[151.210376,-33.874376],[151.210358,-33.874371],[151.210341,-33.874381],[151.210351,-33.874389],[151.210369,-33.874396],[151.210385,-33.8744],[151.210405,-33.874399],[151.210397,-33.874377]]]}},{"type":"Feature","properties":{"k":"park"},"geometry":{"type":"Polygon","coordinates":[[[151.212145,-33.873359],[151.212288,-33.873294],[151.212229,-33.873197],[151.21216,-33.873186],[151.212151,-33.873213],[151.212135,-33.873237],[151.21212,-33.873259],[151.212093,-33.873281],[151.212145,-33.873359]]]}},{"type":"Feature","properties":{"k":"park"},"geometry":{"type":"Polygon","coordinates":[[[151.212029,-33.872988],[151.212057,-33.872937],[151.211982,-33.87284],[151.211844,-33.872898],[151.211895,-33.872982],[151.211921,-33.87298],[151.211953,-33.872977],[151.211987,-33.872979],[151.212004,-33.872981],[151.212029,-33.872988]]]}},{"type":"Feature","properties":{"k":"park"},"geometry":{"type":"Polygon","coordinates":[[[151.212039,-33.872837],[151.212087,-33.872816],[151.212209,-33.873003],[151.21216,-33.873022],[151.212039,-33.872837]]]}},{"type":"Feature","properties":{"k":"park"},"geometry":{"type":"Polygon","coordinates":[[[151.212309,-33.873252],[151.212353,-33.873232],[151.212241,-33.873053],[151.212192,-33.873075],[151.212309,-33.873252]]]}},{"type":"Feature","properties":{"k":"park"},"geometry":{"type":"Polygon","coordinates":[[[151.212086,-33.871169],[151.212115,-33.871198],[151.212141,-33.871169],[151.212168,-33.871134],[151.212186,-33.871105],[151.212196,-33.871084],[151.212152,-33.87108],[151.212121,-33.871125],[151.212086,-33.871169]]]}},{"type":"Feature","properties":{"k":"park"},"geometry":{"type":"Polygon","coordinates":[[[151.212178,-33.870942],[151.212225,-33.870946],[151.21222,-33.870904],[151.212201,-33.870839],[151.212193,-33.870819],[151.212187,-33.870803],[151.212145,-33.870819],[151.212163,-33.870866],[151.212171,-33.870894],[151.212178,-33.870942]]]}},{"type":"Feature","properties":{"k":"grass"},"geometry":{"type":"Polygon","coordinates":[[[151.212265,-33.870982],[151.212276,-33.870976],[151.212286,-33.870959],[151.212266,-33.870856],[151.212238,-33.870788],[151.212219,-33.870751],[151.212202,-33.87075],[151.212018,-33.870857],[151.212012,-33.87086],[151.212028,-33.870886],[151.21204,-33.870913],[151.212047,-33.870941],[151.212048,-33.870958],[151.212265,-33.870982]]]}},{"type":"Feature","properties":{"k":"grass"},"geometry":{"type":"Polygon","coordinates":[[[151.212101,-33.871229],[151.212121,-33.871244],[151.212136,-33.871246],[151.212149,-33.871237],[151.212195,-33.871194],[151.212236,-33.871128],[151.212256,-33.871079],[151.212248,-33.871066],[151.212239,-33.871058],[151.212036,-33.871035],[151.212028,-33.871053],[151.212012,-33.871078],[151.211993,-33.871102],[151.21198,-33.871113],[151.212101,-33.871229]]]}},{"type":"Feature","properties":{"k":"grass"},"geometry":{"type":"Polygon","coordinates":[[[151.211942,-33.871141],[151.212074,-33.871266],[151.212077,-33.871276],[151.212075,-33.871284],[151.212069,-33.871293],[151.212032,-33.871315],[151.211962,-33.871339],[151.211895,-33.871351],[151.211818,-33.87136],[151.211801,-33.871357],[151.21179,-33.871352],[151.211789,-33.871339],[151.211814,-33.871179],[151.211848,-33.871175],[151.211881,-33.871167],[151.211913,-33.871156],[151.211942,-33.871141]]]}},{"type":"Feature","properties":{"k":"grass"},"geometry":{"type":"Polygon","coordinates":[[[151.211712,-33.871167],[151.211677,-33.871332],[151.211672,-33.871342],[151.211662,-33.871343],[151.211619,-33.871331],[151.211578,-33.871315],[151.211518,-33.871282],[151.211506,-33.871271],[151.211498,-33.871261],[151.211501,-33.871252],[151.211637,-33.871132],[151.211651,-33.871141],[151.21168,-33.871156],[151.211712,-33.871167]]]}},{"type":"Feature","properties":{"k":"grass"},"geometry":{"type":"Polygon","coordinates":[[[151.211601,-33.871102],[151.211581,-33.871079],[151.211565,-33.871053],[151.211553,-33.871026],[151.211546,-33.870998],[151.211545,-33.870979],[151.211342,-33.870954],[151.211324,-33.870958],[151.211313,-33.870966],[151.211313,-33.870977],[151.211319,-33.871018],[151.211336,-33.871074],[151.211355,-33.871127],[151.211383,-33.871175],[151.211408,-33.871204],[151.211423,-33.871214],[151.21144,-33.871212],[151.211463,-33.871206],[151.211601,-33.871102]]]}},{"type":"Feature","properties":{"k":"grass"},"geometry":{"type":"Polygon","coordinates":[[[151.211993,-33.870837],[151.212164,-33.870737],[151.212178,-33.870725],[151.212175,-33.870708],[151.212162,-33.870693],[151.212142,-33.870674],[151.212105,-33.870647],[151.212076,-33.870631],[151.212047,-33.870614],[151.212011,-33.870599],[151.211972,-33.870585],[151.211939,-33.870578],[151.211928,-33.870581],[151.211919,-33.870591],[151.211891,-33.870775],[151.211913,-33.870783],[151.211942,-33.870798],[151.211969,-33.870816],[151.211993,-33.870837]]]}},{"type":"Feature","properties":{"k":"grass"},"geometry":{"type":"Polygon","coordinates":[[[151.211802,-33.87076],[151.211837,-33.870576],[151.211832,-33.870566],[151.211823,-33.870559],[151.211809,-33.870561],[151.211764,-33.870562],[151.211719,-33.870569],[151.211682,-33.870576],[151.211616,-33.870591],[151.211568,-33.870605],[151.211512,-33.870635],[151.211491,-33.870649],[151.21149,-33.870662],[151.2115,-33.870675],[151.211651,-33.870798],[151.21168,-33.870783],[151.211712,-33.870772],[151.211745,-33.870764],[151.211779,-33.87076],[151.211802,-33.87076]]]}},{"type":"Feature","properties":{"k":"grass"},"geometry":{"type":"Polygon","coordinates":[[[151.21156,-33.870898],[151.211344,-33.870873],[151.211328,-33.870865],[151.211327,-33.870853],[151.211339,-33.870826],[151.211364,-33.870786],[151.211389,-33.870753],[151.211416,-33.870722],[151.211433,-33.870702],[151.211445,-33.870689],[151.211456,-33.870687],[151.211472,-33.870692],[151.211624,-33.870816],[151.2116,-33.870837],[151.21158,-33.87086],[151.211565,-33.870886],[151.21156,-33.870898]]]}},{"type":"Feature","properties":{"k":"park"},"geometry":{"type":"Polygon","coordinates":[[[151.219341,-33.871594],[151.219056,-33.871552],[151.219016,-33.871743],[151.2193,-33.871785],[151.219341,-33.871594]]]}},{"type":"Feature","properties":{"k":"park"},"geometry":{"type":"Polygon","coordinates":[[[151.201329,-33.888512],[151.201356,-33.888516],[151.201378,-33.888683],[151.201378,-33.888705],[151.201378,-33.888725],[151.201374,-33.888751],[151.201366,-33.888776],[151.201357,-33.888796],[151.20134,-33.888813],[151.201317,-33.88883],[151.20126,-33.888814],[151.201329,-33.888512]]]}},{"type":"Feature","properties":{"k":"park"},"geometry":{"type":"Polygon","coordinates":[[[151.201474,-33.887729],[151.201443,-33.887705],[151.201445,-33.887689],[151.20148,-33.887677],[151.201484,-33.887682],[151.201474,-33.887729]]]}},{"type":"Feature","properties":{"k":"park"},"geometry":{"type":"Polygon","coordinates":[[[151.201372,-33.887711],[151.201407,-33.887715],[151.201419,-33.887703],[151.201422,-33.887688],[151.201406,-33.88769],[151.201398,-33.887689],[151.201378,-33.887687],[151.201372,-33.887711]]]}},{"type":"Feature","properties":{"k":"park"},"geometry":{"type":"Polygon","coordinates":[[[151.214667,-33.872896],[151.21429,-33.873372],[151.21416,-33.87376],[151.213276,-33.873625],[151.213465,-33.872763],[151.214667,-33.872896]]]}},{"type":"Feature","properties":{"k":"wood"},"geometry":{"type":"Polygon","coordinates":[[[151.201171,-33.858156],[151.201197,-33.858128],[151.201223,-33.858105],[151.201258,-33.858085],[151.201285,-33.858076],[151.201276,-33.858061],[151.20126,-33.858053],[151.201243,-33.858049],[151.201217,-33.858053],[151.201197,-33.858057],[151.201178,-33.858064],[151.20116,-33.858078],[151.201148,-33.858093],[151.201141,-33.858108],[151.201143,-33.858128],[151.201152,-33.858142],[151.201159,-33.858149],[151.201171,-33.858156]]]}},{"type":"Feature","properties":{"k":"wood"},"geometry":{"type":"Polygon","coordinates":[[[151.201403,-33.85805],[151.201441,-33.858041],[151.201468,-33.858031],[151.201498,-33.858008],[151.201515,-33.857973],[151.201514,-33.857934],[151.201497,-33.857904],[151.201473,-33.857916],[151.201444,-33.857931],[151.201422,-33.857954],[151.201406,-33.857978],[151.201397,-33.858],[151.201398,-33.858025],[151.201403,-33.85805]]]}},{"type":"Feature","properties":{"k":"park"},"geometry":{"type":"Polygon","coordinates":[[[151.21198,-33.886548],[151.212252,-33.886609],[151.212201,-33.886782],[151.211886,-33.886721],[151.211824,-33.886913],[151.211703,-33.886876],[151.211764,-33.88659],[151.211947,-33.886638],[151.21198,-33.886548]]]}},{"type":"Feature","properties":{"k":"park"},"geometry":{"type":"Polygon","coordinates":[[[151.211674,-33.887098],[151.211755,-33.886919],[151.211837,-33.88694],[151.211797,-33.887134],[151.211674,-33.887098]]]}},{"type":"Feature","properties":{"k":"park"},"geometry":{"type":"Polygon","coordinates":[[[151.201337,-33.876081],[151.201417,-33.876316],[151.20152,-33.876316],[151.20152,-33.876169],[151.201487,-33.876157],[151.201438,-33.876138],[151.201388,-33.876113],[151.201355,-33.876094],[151.201337,-33.876081]]]}},{"type":"Feature","properties":{"k":"park"},"geometry":{"type":"Polygon","coordinates":[[[151.201532,-33.876173],[151.201532,-33.876314],[151.201646,-33.876316],[151.201649,-33.876198],[151.20161,-33.876193],[151.201569,-33.876183],[151.201532,-33.876173]]]}},{"type":"Feature","properties":{"k":"park"},"geometry":{"type":"Polygon","coordinates":[[[151.201666,-33.876199],[151.201664,-33.876316],[151.201864,-33.876316],[151.201862,-33.876192],[151.201815,-33.876198],[151.201752,-33.876201],[151.201705,-33.876201],[151.201666,-33.876199]]]}},{"type":"Feature","properties":{"k":"park"},"geometry":{"type":"Polygon","coordinates":[[[151.202421,-33.856379],[151.202438,-33.85638],[151.202454,-33.856386],[151.202467,-33.856396],[151.202476,-33.85641],[151.202479,-33.856425],[151.202475,-33.85644],[151.202465,-33.856454],[151.202451,-33.856463],[151.202433,-33.856469],[151.202415,-33.856468],[151.202397,-33.856463],[151.202383,-33.856453],[151.202374,-33.856441],[151.20237,-33.856427],[151.202371,-33.856413],[151.202378,-33.8564],[151.20239,-33.856389],[151.202405,-33.856382],[151.202421,-33.856379]]]}},{"type":"Feature","properties":{"k":"park"},"geometry":{"type":"Polygon","coordinates":[[[151.216942,-33.87113],[151.21693,-33.871141],[151.216915,-33.871149],[151.216897,-33.871152],[151.216879,-33.87115],[151.216862,-33.871142],[151.21685,-33.871131],[151.216842,-33.871117],[151.216841,-33.871102],[151.216846,-33.871087],[151.216857,-33.871074],[151.216872,-33.871066],[151.216889,-33.871062],[151.216906,-33.871062],[151.216922,-33.871067],[151.216936,-33.871076],[151.216946,-33.871088],[151.21695,-33.871103],[151.216948,-33.871117],[151.216942,-33.87113]]]}},{"type":"Feature","properties":{"k":"park"},"geometry":{"type":"Polygon","coordinates":[[[151.218225,-33.885656],[151.218211,-33.88621],[151.218635,-33.886409],[151.218641,-33.886406],[151.218399,-33.886086],[151.218331,-33.885963],[151.218267,-33.885808],[151.218244,-33.885729],[151.218225,-33.885656]]]}},{"type":"Feature","properties":{"k":"park"},"geometry":{"type":"Polygon","coordinates":[[[151.218316,-33.885641],[151.21833,-33.88564],[151.218342,-33.885652],[151.218716,-33.886358],[151.218699,-33.886361],[151.218687,-33.886355],[151.218527,-33.886123],[151.218491,-33.886072],[151.218448,-33.88601],[151.218397,-33.8859],[151.218349,-33.885777],[151.218327,-33.885693],[151.218316,-33.885641]]]}},{"type":"Feature","properties":{"k":"park"},"geometry":{"type":"Polygon","coordinates":[[[151.217949,-33.886264],[151.218025,-33.886296],[151.218043,-33.886319],[151.218048,-33.886337],[151.218053,-33.886645],[151.218057,-33.886995],[151.218052,-33.887169],[151.218046,-33.887255],[151.218042,-33.887343],[151.218036,-33.887424],[151.217963,-33.887991],[151.217911,-33.888303],[151.217841,-33.888605],[151.217767,-33.888596],[151.217866,-33.888076],[151.217982,-33.887417],[151.217995,-33.887339],[151.218006,-33.887253],[151.218014,-33.887168],[151.218025,-33.886995],[151.218036,-33.88665],[151.217909,-33.886637],[151.217517,-33.888561],[151.217483,-33.888556],[151.217899,-33.886507],[151.217949,-33.886264]]]}},{"type":"Feature","properties":{"k":"park"},"geometry":{"type":"Polygon","coordinates":[[[151.217753,-33.888659],[151.217826,-33.888669],[151.217573,-33.889915],[151.217545,-33.889912],[151.217492,-33.889905],[151.217753,-33.888659]]]}},{"type":"Feature","properties":{"k":"park"},"geometry":{"type":"Polygon","coordinates":[[[151.21747,-33.888622],[151.217505,-33.888626],[151.217266,-33.889667],[151.21726,-33.889666],[151.21747,-33.888622]]]}},{"type":"Feature","properties":{"k":"park"},"geometry":{"type":"Polygon","coordinates":[[[151.217391,-33.889397],[151.21741,-33.889398],[151.217309,-33.889881],[151.217262,-33.889875],[151.217295,-33.889783],[151.217391,-33.889397]]]}},{"type":"Feature","properties":{"k":"park"},"geometry":{"type":"Polygon","coordinates":[[[151.217233,-33.890004],[151.217285,-33.89001],[151.217109,-33.890755],[151.216905,-33.891478],[151.216889,-33.891477],[151.217233,-33.890004]]]}},{"type":"Feature","properties":{"k":"park"},"geometry":{"type":"Polygon","coordinates":[[[151.217469,-33.890035],[151.21752,-33.890042],[151.217493,-33.89028],[151.217436,-33.890553],[151.217365,-33.890785],[151.217342,-33.890781],[151.217365,-33.890579],[151.217373,-33.890532],[151.217384,-33.890449],[151.217469,-33.890035]]]}},{"type":"Feature","properties":{"k":"park"},"geometry":{"type":"Polygon","coordinates":[[[151.201617,-33.862391],[151.201614,-33.86232],[151.20162,-33.862131],[151.20163,-33.862112],[151.201659,-33.862108],[151.201741,-33.862119],[151.202667,-33.862348],[151.202694,-33.862645],[151.202662,-33.862675],[151.202717,-33.862705],[151.202618,-33.862803],[151.20252,-33.862901],[151.202323,-33.863097],[151.202172,-33.86299],[151.202022,-33.862884],[151.202078,-33.862831],[151.202134,-33.862779],[151.201978,-33.862661],[151.20175,-33.86249],[151.201617,-33.862391]]]}},{"type":"Feature","properties":{"k":"park"},"geometry":{"type":"Polygon","coordinates":[[[151.20024,-33.886328],[151.200225,-33.886316],[151.200232,-33.886297],[151.200576,-33.88628],[151.200987,-33.88627],[151.200986,-33.886305],[151.200957,-33.886323],[151.200925,-33.886333],[151.200896,-33.886336],[151.200846,-33.886328],[151.200787,-33.886323],[151.200708,-33.886324],[151.200641,-33.88633],[151.200491,-33.886354],[151.200451,-33.886358],[151.20024,-33.886328]]]}},{"type":"Feature","properties":{"k":"park"},"geometry":{"type":"Polygon","coordinates":[[[151.200111,-33.885062],[151.200416,-33.885053],[151.200434,-33.885483],[151.20066,-33.885477],[151.200693,-33.885924],[151.199528,-33.885973],[151.199505,-33.885533],[151.200126,-33.885513],[151.200111,-33.885062]]]}},{"type":"Feature","properties":{"k":"park"},"geometry":{"type":"Polygon","coordinates":[[[151.216711,-33.877121],[151.216694,-33.877192],[151.216988,-33.877234],[151.217006,-33.877224],[151.217024,-33.877139],[151.21693,-33.877125],[151.216923,-33.877155],[151.216711,-33.877121]]]}},{"type":"Feature","properties":{"k":"park"},"geometry":{"type":"Polygon","coordinates":[[[151.19754,-33.881339],[151.197289,-33.880904],[151.197414,-33.880854],[151.197502,-33.880819],[151.197753,-33.881254],[151.19754,-33.881339]]]}},{"type":"Feature","properties":{"k":"park"},"geometry":{"type":"Polygon","coordinates":[[[151.197469,-33.881178],[151.197316,-33.880912],[151.19749,-33.880843],[151.197643,-33.881108],[151.197469,-33.881178]]]}},{"type":"Feature","properties":{"k":"grass"},"geometry":{"type":"Polygon","coordinates":[[[151.214684,-33.863814],[151.214569,-33.863757],[151.214574,-33.863747],[151.214636,-33.863713],[151.214688,-33.863652],[151.214723,-33.863588],[151.214749,-33.863509],[151.214754,-33.863464],[151.214756,-33.86343],[151.214754,-33.863398],[151.214752,-33.863392],[151.214727,-33.863385],[151.214723,-33.863389],[151.214526,-33.863314],[151.214567,-33.863238],[151.214507,-33.863217],[151.214448,-33.863196],[151.214415,-33.863179],[151.214407,-33.863169],[151.214402,-33.863149],[151.214405,-33.863149],[151.214427,-33.863149],[151.214435,-33.863149],[151.214434,-33.863145],[151.214679,-33.863121],[151.214683,-33.86315],[151.214863,-33.863133],[151.214865,-33.863142],[151.214866,-33.863153],[151.214863,-33.863163],[151.214859,-33.863171],[151.214849,-33.863179],[151.214831,-33.863194],[151.214823,-33.863203],[151.21482,-33.863216],[151.21482,-33.863233],[151.214822,-33.863242],[151.214771,-33.863247],[151.214776,-33.863289],[151.214831,-33.863285],[151.214837,-33.863306],[151.214848,-33.863323],[151.214868,-33.863341],[151.214887,-33.863352],[151.214904,-33.863364],[151.214914,-33.863374],[151.214919,-33.863387],[151.214925,-33.8634],[151.214927,-33.863407],[151.214785,-33.863413],[151.214785,-33.863458],[151.214926,-33.863461],[151.214924,-33.863472],[151.214913,-33.863488],[151.214897,-33.863499],[151.214883,-33.863509],[151.214871,-33.863518],[151.214862,-33.863531],[151.214862,-33.863546],[151.214868,-33.863563],[151.214877,-33.863573],[151.214887,-33.863588],[151.21478,-33.863585],[151.214774,-33.863625],[151.214887,-33.863639],[151.214886,-33.863663],[151.214882,-33.863676],[151.214877,-33.863692],[151.214869,-33.863701],[151.214862,-33.863707],[151.21484,-33.863715],[151.214817,-33.86372],[151.214787,-33.86373],[151.21477,-33.863736],[151.214762,-33.863753],[151.214751,-33.863753],[151.214741,-33.86379],[151.214752,-33.863794],[151.214748,-33.863811],[151.214693,-33.863801],[151.214684,-33.863814]]]}},{"type":"Feature","properties":{"k":"park"},"geometry":{"type":"Polygon","coordinates":[[[151.214168,-33.863038],[151.214152,-33.863045],[151.214145,-33.863052],[151.214145,-33.863061],[151.214151,-33.863074],[151.214162,-33.863091],[151.21418,-33.86312],[151.214196,-33.86314],[151.214212,-33.863156],[151.214231,-33.863169],[151.214323,-33.8632],[151.214336,-33.863207],[151.214344,-33.863214],[151.214349,-33.86322],[151.214351,-33.863228],[151.214351,-33.863237],[151.21435,-33.863246],[151.214526,-33.863314],[151.214567,-33.863238],[151.214507,-33.863217],[151.214448,-33.863196],[151.214415,-33.863179],[151.214407,-33.863169],[151.214402,-33.863149],[151.214377,-33.863149],[151.214311,-33.863136],[151.214256,-33.863102],[151.214233,-33.863068],[151.214207,-33.863026],[151.214168,-33.863038]]]}},{"type":"Feature","properties":{"k":"park"},"geometry":{"type":"Polygon","coordinates":[[[151.21426,-33.862994],[151.214303,-33.862985],[151.21439,-33.863112],[151.214374,-33.863115],[151.21435,-33.863112],[151.214336,-33.863108],[151.214325,-33.863103],[151.214307,-33.863095],[151.214293,-33.863086],[151.214284,-33.863075],[151.21427,-33.863057],[151.214261,-33.863041],[151.214258,-33.863026],[151.21426,-33.863006],[151.21426,-33.862994]]]}},{"type":"Feature","properties":{"k":"grass"},"geometry":{"type":"Polygon","coordinates":[[[151.214863,-33.863133],[151.215076,-33.863209],[151.215076,-33.863222],[151.215028,-33.863228],[151.215026,-33.863217],[151.214953,-33.863227],[151.214822,-33.863242],[151.21482,-33.863233],[151.21482,-33.863216],[151.214823,-33.863203],[151.214831,-33.863194],[151.214849,-33.863179],[151.214859,-33.863171],[151.214863,-33.863163],[151.214866,-33.863153],[151.214865,-33.863142],[151.214863,-33.863133]]]}},{"type":"Feature","properties":{"k":"park"},"geometry":{"type":"Polygon","coordinates":[[[151.214831,-33.863285],[151.215036,-33.863276],[151.215079,-33.863258],[151.215089,-33.863415],[151.215042,-33.863415],[151.215041,-33.863405],[151.214927,-33.863407],[151.214925,-33.8634],[151.214919,-33.863387],[151.214914,-33.863374],[151.214904,-33.863364],[151.214887,-33.863352],[151.214868,-33.863341],[151.214848,-33.863323],[151.214837,-33.863306],[151.214831,-33.863285]]]}},{"type":"Feature","properties":{"k":"park"},"geometry":{"type":"Polygon","coordinates":[[[151.214926,-33.863461],[151.215085,-33.863465],[151.215043,-33.863598],[151.214887,-33.863588],[151.214877,-33.863573],[151.214868,-33.863563],[151.214862,-33.863546],[151.214862,-33.863531],[151.214871,-33.863518],[151.214883,-33.863509],[151.214897,-33.863499],[151.214913,-33.863488],[151.214924,-33.863472],[151.214926,-33.863461]]]}},{"type":"Feature","properties":{"k":"park"},"geometry":{"type":"Polygon","coordinates":[[[151.214887,-33.863639],[151.215032,-33.863656],[151.215022,-33.86373],[151.215011,-33.863783],[151.214762,-33.863753],[151.21477,-33.863736],[151.214787,-33.86373],[151.214817,-33.86372],[151.21484,-33.863715],[151.214862,-33.863707],[151.214869,-33.863701],[151.214877,-33.863692],[151.214882,-33.863676],[151.214886,-33.863663],[151.214887,-33.863639]]]}},{"type":"Feature","properties":{"k":"park"},"geometry":{"type":"Polygon","coordinates":[[[151.214752,-33.863794],[151.214998,-33.863841],[151.214988,-33.863885],[151.214966,-33.863882],[151.214931,-33.863942],[151.214749,-33.863868],[151.214732,-33.863861],[151.214748,-33.863811],[151.214752,-33.863794]]]}},{"type":"Feature","properties":{"k":"park"},"geometry":{"type":"Polygon","coordinates":[[[151.214028,-33.863412],[151.214036,-33.863431],[151.214055,-33.863436],[151.214072,-33.863431],[151.214021,-33.863525],[151.214012,-33.863521],[151.213995,-33.863528],[151.213988,-33.863541],[151.213961,-33.86353],[151.214028,-33.863412]]]}},{"type":"Feature","properties":{"k":"park"},"geometry":{"type":"Polygon","coordinates":[[[151.214076,-33.863334],[151.214081,-33.863349],[151.214091,-33.863353],[151.214071,-33.863392],[151.214059,-33.863388],[151.21404,-33.863393],[151.214076,-33.863334]]]}},{"type":"Feature","properties":{"k":"park"},"geometry":{"type":"Polygon","coordinates":[[[151.214169,-33.863221],[151.214167,-33.863225],[151.214172,-33.863236],[151.21418,-33.863239],[151.214129,-33.86333],[151.214125,-33.863319],[151.214105,-33.863311],[151.214086,-33.863317],[151.214142,-33.863211],[151.214169,-33.863221]]]}},{"type":"Feature","properties":{"k":"park"},"geometry":{"type":"Polygon","coordinates":[[[151.213735,-33.863277],[151.213722,-33.863279],[151.213714,-33.86327],[151.213709,-33.863254],[151.213712,-33.863233],[151.21373,-33.863186],[151.213752,-33.863144],[151.213774,-33.863115],[151.2138,-33.863087],[151.213827,-33.863071],[151.213858,-33.863056],[151.213872,-33.863048],[151.213879,-33.863044],[151.213906,-33.863035],[151.213938,-33.863035],[151.213975,-33.863044],[151.214012,-33.863061],[151.214037,-33.863088],[151.21405,-33.863118],[151.214047,-33.863164],[151.214027,-33.863209],[151.213993,-33.863257],[151.213968,-33.863281],[151.213938,-33.863301],[151.213913,-33.863314],[151.213875,-33.863328],[151.213839,-33.863338],[151.213822,-33.863341],[151.213807,-33.863339],[151.213804,-33.863329],[151.213802,-33.863315],[151.213904,-33.863136],[151.213865,-33.863124],[151.213821,-33.863112],[151.213735,-33.863277]]]}},{"type":"Feature","properties":{"k":"scrub"},"geometry":{"type":"Polygon","coordinates":[[[151.206108,-33.861163],[151.206087,-33.861207],[151.206088,-33.861216],[151.206094,-33.861221],[151.206103,-33.861226],[151.206112,-33.861226],[151.206122,-33.861221],[151.206128,-33.861214],[151.206146,-33.861175],[151.206128,-33.861169],[151.206108,-33.861163]]]}},{"type":"Feature","properties":{"k":"scrub"},"geometry":{"type":"Polygon","coordinates":[[[151.205989,-33.861425],[151.205973,-33.861461],[151.205969,-33.861471],[151.205975,-33.86148],[151.205985,-33.861483],[151.205996,-33.861483],[151.206006,-33.861477],[151.206012,-33.861471],[151.206028,-33.861437],[151.206008,-33.861431],[151.205989,-33.861425]]]}},{"type":"Feature","properties":{"k":"grass"},"geometry":{"type":"Polygon","coordinates":[[[151.205151,-33.862584],[151.205117,-33.862572],[151.205168,-33.862455],[151.205217,-33.862457],[151.205155,-33.862576],[151.205151,-33.862584]]]}},{"type":"Feature","properties":{"k":"grass"},"geometry":{"type":"Polygon","coordinates":[[[151.20523,-33.862432],[151.20519,-33.862405],[151.205331,-33.862098],[151.2054,-33.861948],[151.205446,-33.861961],[151.205358,-33.862158],[151.205257,-33.86238],[151.20523,-33.862432]]]}},{"type":"Feature","properties":{"k":"grass"},"geometry":{"type":"Polygon","coordinates":[[[151.205127,-33.862627],[151.205088,-33.862629],[151.205043,-33.862727],[151.205029,-33.862777],[151.205027,-33.86284],[151.205037,-33.86294],[151.205072,-33.86303],[151.20514,-33.863101],[151.20519,-33.863153],[151.205215,-33.863146],[151.205197,-33.863056],[151.205186,-33.862966],[151.205206,-33.862778],[151.205235,-33.862703],[151.205283,-33.862623],[151.205252,-33.862611],[151.205181,-33.862743],[151.205085,-33.862703],[151.205127,-33.862627]]]}},{"type":"Feature","properties":{"k":"grass"},"geometry":{"type":"Polygon","coordinates":[[[151.207954,-33.881949],[151.208043,-33.881968],[151.208058,-33.881918],[151.2084,-33.880587],[151.208327,-33.880574],[151.208089,-33.881529],[151.208025,-33.881776],[151.208003,-33.881846],[151.207973,-33.88191],[151.207954,-33.881949]]]}},{"type":"Feature","properties":{"k":"grass"},"geometry":{"type":"Polygon","coordinates":[[[151.207662,-33.882333],[151.207876,-33.882448],[151.207993,-33.882143],[151.208043,-33.881968],[151.207954,-33.881949],[151.207891,-33.882059],[151.207795,-33.882185],[151.207662,-33.882333]]]}},{"type":"Feature","properties":{"k":"scrub"},"geometry":{"type":"Polygon","coordinates":[[[151.203268,-33.884884],[151.20345,-33.884957],[151.203456,-33.885164],[151.203441,-33.885104],[151.203416,-33.885059],[151.203356,-33.885009],[151.203268,-33.884884]]]}},{"type":"Feature","properties":{"k":"wood"},"geometry":{"type":"Polygon","coordinates":[[[151.20272,-33.886423],[151.202527,-33.886361],[151.202686,-33.886183],[151.202674,-33.886273],[151.202687,-33.886354],[151.20272,-33.886423]]]}},{"type":"Feature","properties":{"k":"wood"},"geometry":{"type":"Polygon","coordinates":[[[151.197997,-33.851238],[151.197968,-33.851319],[151.197902,-33.851326],[151.197729,-33.851269],[151.197654,-33.851335],[151.197624,-33.851391],[151.197511,-33.851396],[151.197343,-33.851403],[151.197157,-33.851433],[151.197051,-33.851425],[151.196881,-33.851466],[151.196638,-33.851452],[151.196548,-33.851549],[151.196554,-33.851636],[151.196555,-33.851769],[151.196501,-33.851843],[151.196477,-33.851911],[151.196525,-33.852001],[151.19656,-33.852056],[151.196651,-33.852066],[151.196677,-33.852129],[151.196633,-33.852197],[151.196534,-33.8522],[151.196427,-33.852066],[151.196416,-33.852004],[151.196298,-33.851904],[151.196296,-33.851805],[151.196363,-33.851713],[151.196402,-33.851604],[151.196413,-33.851512],[151.196377,-33.85147],[151.196232,-33.8515],[151.196214,-33.851611],[151.196191,-33.851715],[151.196073,-33.851849],[151.196052,-33.851907],[151.196075,-33.85201],[151.196108,-33.85208],[151.196196,-33.852156],[151.196352,-33.852177],[151.196446,-33.852221],[151.196486,-33.852274],[151.196548,-33.852391],[151.196517,-33.852469],[151.196393,-33.852526],[151.196452,-33.852547],[151.196531,-33.852506],[151.196611,-33.852494],[151.196677,-33.852424],[151.196799,-33.852399],[151.196888,-33.852399],[151.196988,-33.852445],[151.197081,-33.852543],[151.197106,-33.852921],[151.197008,-33.853105],[151.196607,-33.853522],[151.196342,-33.85357],[151.196164,-33.853643],[151.196,-33.85363],[151.195833,-33.853575],[151.195802,-33.853484],[151.195757,-33.853391],[151.195781,-33.85331],[151.195939,-33.853194],[151.196097,-33.853139],[151.1963,-33.852992],[151.196324,-33.852877],[151.1963,-33.852715],[151.196315,-33.852594],[151.196233,-33.852448],[151.196127,-33.852345],[151.195978,-33.852214],[151.195875,-33.8521],[151.195875,-33.851962],[151.195924,-33.851821],[151.195948,-33.851677],[151.196048,-33.851533],[151.196277,-33.851269],[151.196359,-33.851206],[151.19661,-33.851163],[151.196793,-33.851158],[151.19699,-33.851186],[151.197214,-33.851171],[151.19736,-33.851153],[151.197494,-33.851163],[151.197697,-33.851194],[151.197821,-33.851191],[151.197997,-33.851238]]]}},{"type":"Feature","properties":{"k":"park"},"geometry":{"type":"Polygon","coordinates":[[[151.219345,-33.88251],[151.219194,-33.882461],[151.219212,-33.882413],[151.219151,-33.882392],[151.21917,-33.882336],[151.219203,-33.88229],[151.219373,-33.882463],[151.219345,-33.88251]]]}},{"type":"Feature","properties":{"k":"park"},"geometry":{"type":"Polygon","coordinates":[[[151.201395,-33.863573],[151.201391,-33.863564],[151.201384,-33.863557],[151.201374,-33.863553],[151.201363,-33.863554],[151.201354,-33.863558],[151.201347,-33.863565],[151.201345,-33.863576],[151.201343,-33.863587],[151.201337,-33.863598],[151.201328,-33.863608],[151.201318,-33.863615],[151.201307,-33.86362],[151.201296,-33.863625],[151.201289,-33.863631],[151.201283,-33.863641],[151.201284,-33.863653],[151.201286,-33.863664],[151.201285,-33.863671],[151.201279,-33.863681],[151.201269,-33.863687],[151.201255,-33.863692],[151.201241,-33.863697],[151.201229,-33.863704],[151.201219,-33.863715],[151.201214,-33.863725],[151.201214,-33.863737],[151.201219,-33.863748],[151.201227,-33.863757],[151.201236,-33.863763],[151.201251,-33.863767],[151.201267,-33.863768],[151.201286,-33.86377],[151.201304,-33.863773],[151.20132,-33.863779],[151.201335,-33.863787],[151.201348,-33.863796],[151.201359,-33.863806],[151.201369,-33.863813],[151.20138,-33.863817],[151.201391,-33.863816],[151.201401,-33.863813],[151.20141,-33.863805],[151.201415,-33.863797],[151.201417,-33.863787],[151.201398,-33.863586],[151.201395,-33.863573]]]}},{"type":"Feature","properties":{"k":"park"},"geometry":{"type":"Polygon","coordinates":[[[151.201317,-33.863204],[151.201316,-33.863216],[151.20132,-33.863228],[151.201329,-33.86324],[151.20134,-33.863247],[151.201352,-33.86325],[151.201364,-33.863249],[151.201374,-33.863244],[151.201383,-33.863235],[151.201386,-33.863224],[151.201388,-33.863113],[151.201385,-33.863103],[151.201379,-33.863094],[151.201371,-33.863086],[151.201357,-33.86308],[151.201236,-33.863047],[151.201226,-33.863047],[151.201216,-33.863052],[151.201211,-33.86306],[151.201211,-33.86307],[151.201214,-33.863079],[151.201223,-33.863084],[151.201236,-33.86309],[151.201247,-33.863099],[151.201255,-33.86311],[151.201259,-33.863122],[151.201259,-33.863135],[151.20126,-33.863143],[151.201264,-33.863151],[151.201272,-33.863157],[151.201281,-33.863161],[151.201294,-33.863164],[151.201304,-33.863169],[151.201313,-33.863177],[151.201318,-33.863185],[151.201318,-33.863195],[151.201317,-33.863204]]]}},{"type":"Feature","properties":{"k":"park"},"geometry":{"type":"Polygon","coordinates":[[[151.214375,-33.861588],[151.214096,-33.861568],[151.214106,-33.861739],[151.214107,-33.861825],[151.214117,-33.861876],[151.214148,-33.861942],[151.214185,-33.861974],[151.214216,-33.861979],[151.214241,-33.861961],[151.214375,-33.861588]]]}},{"type":"Feature","properties":{"k":"grass"},"geometry":{"type":"Polygon","coordinates":[[[151.217707,-33.866927],[151.217823,-33.866996],[151.217769,-33.86706],[151.217683,-33.86701],[151.217711,-33.866978],[151.217693,-33.866968],[151.217708,-33.866951],[151.217694,-33.866943],[151.217707,-33.866927]]]}},{"type":"Feature","properties":{"k":"grass"},"geometry":{"type":"Polygon","coordinates":[[[151.217537,-33.867125],[151.217523,-33.867143],[151.217646,-33.867214],[151.217718,-33.867129],[151.217626,-33.867075],[151.217597,-33.867109],[151.217583,-33.867101],[151.217568,-33.867118],[151.217551,-33.867109],[151.217537,-33.867125]]]}},{"type":"Feature","properties":{"k":"wood"},"geometry":{"type":"Polygon","coordinates":[[[151.217393,-33.86462],[151.217417,-33.864612],[151.217451,-33.864625],[151.217833,-33.864841],[151.217876,-33.86488],[151.217914,-33.864919],[151.217917,-33.864935],[151.217885,-33.865011],[151.217874,-33.865017],[151.21786,-33.865018],[151.21728,-33.864913],[151.217363,-33.864815],[151.217407,-33.86473],[151.217393,-33.86462]]]}},{"type":"Feature","properties":{"k":"wood"},"geometry":{"type":"Polygon","coordinates":[[[151.217871,-33.865094],[151.217867,-33.865105],[151.217855,-33.865119],[151.217847,-33.865126],[151.217834,-33.86513],[151.217819,-33.865127],[151.217258,-33.865032],[151.21728,-33.864985],[151.217842,-33.865085],[151.217871,-33.865094]]]}},{"type":"Feature","properties":{"k":"wood"},"geometry":{"type":"Polygon","coordinates":[[[151.214892,-33.86483],[151.215146,-33.864892],[151.215122,-33.865004],[151.215046,-33.865094],[151.215005,-33.865491],[151.215021,-33.865533],[151.215018,-33.86557],[151.214999,-33.865617],[151.214981,-33.865645],[151.214914,-33.865718],[151.214894,-33.865711],[151.214881,-33.865737],[151.214718,-33.865717],[151.214892,-33.86483]]]}},{"type":"Feature","properties":{"k":"wood"},"geometry":{"type":"Polygon","coordinates":[[[151.218157,-33.864131],[151.218147,-33.864215],[151.218155,-33.864334],[151.21818,-33.864409],[151.218233,-33.864467],[151.218295,-33.864498],[151.218426,-33.864249],[151.218427,-33.864208],[151.218406,-33.86418],[151.218157,-33.864131]]]}},{"type":"Feature","properties":{"k":"park"},"geometry":{"type":"Polygon","coordinates":[[[151.218613,-33.864561],[151.218822,-33.864473],[151.218973,-33.864409],[151.219049,-33.864367],[151.219039,-33.864364],[151.219027,-33.864363],[151.218982,-33.864385],[151.21895,-33.864392],[151.218913,-33.864395],[151.21887,-33.864388],[151.21884,-33.864376],[151.218804,-33.864356],[151.218774,-33.864327],[151.218758,-33.864283],[151.218755,-33.864255],[151.21875,-33.864241],[151.218742,-33.864232],[151.218693,-33.864249],[151.218636,-33.864265],[151.218566,-33.864277],[151.218493,-33.864269],[151.218478,-33.864271],[151.218468,-33.864278],[151.21836,-33.864495],[151.218429,-33.864496],[151.218476,-33.864478],[151.218514,-33.864489],[151.218613,-33.864561]]]}},{"type":"Feature","properties":{"k":"wood"},"geometry":{"type":"Polygon","coordinates":[[[151.218174,-33.864091],[151.218228,-33.864],[151.218334,-33.863915],[151.218431,-33.863893],[151.218477,-33.863914],[151.218481,-33.863968],[151.21837,-33.864129],[151.218174,-33.864091]]]}},{"type":"Feature","properties":{"k":"park"},"geometry":{"type":"Polygon","coordinates":[[[151.217896,-33.86365],[151.217898,-33.863637],[151.217906,-33.863624],[151.217918,-33.863615],[151.217938,-33.863609],[151.217954,-33.86361],[151.217969,-33.863615],[151.217982,-33.863624],[151.217989,-33.863636],[151.217991,-33.863648],[151.217988,-33.863661],[151.21798,-33.863673],[151.217968,-33.863682],[151.217948,-33.863687],[151.217932,-33.863686],[151.217917,-33.863681],[151.217905,-33.863671],[151.217898,-33.863659],[151.217896,-33.86365]]]}},{"type":"Feature","properties":{"k":"wood"},"geometry":{"type":"Polygon","coordinates":[[[151.216392,-33.861783],[151.216532,-33.861269],[151.216593,-33.861285],[151.216624,-33.86132],[151.216629,-33.861358],[151.216504,-33.861772],[151.216491,-33.861785],[151.216474,-33.861795],[151.216425,-33.86179],[151.216392,-33.861783]]]}},{"type":"Feature","properties":{"k":"park"},"geometry":{"type":"Polygon","coordinates":[[[151.219159,-33.864647],[151.219179,-33.864581],[151.219181,-33.864543],[151.219167,-33.864494],[151.219162,-33.864446],[151.219173,-33.8644],[151.219211,-33.864362],[151.219257,-33.864343],[151.219315,-33.864339],[151.219369,-33.864345],[151.219409,-33.864366],[151.219434,-33.864398],[151.219448,-33.864442],[151.219448,-33.864479],[151.219425,-33.864522],[151.21938,-33.86456],[151.219299,-33.864625],[151.219216,-33.864695],[151.219193,-33.864706],[151.219166,-33.864706],[151.219151,-33.864694],[151.219149,-33.864674],[151.219159,-33.864647]]]}},{"type":"Feature","properties":{"k":"park"},"geometry":{"type":"Polygon","coordinates":[[[151.215528,-33.863661],[151.215685,-33.863832],[151.215785,-33.863825],[151.215876,-33.863772],[151.216031,-33.863591],[151.215784,-33.863372],[151.215653,-33.863372],[151.215528,-33.863661]]]}},{"type":"Feature","properties":{"k":"wood"},"geometry":{"type":"Polygon","coordinates":[[[151.21626,-33.863375],[151.216357,-33.863402],[151.216615,-33.863528],[151.216628,-33.863521],[151.21653,-33.863389],[151.216445,-33.863188],[151.216363,-33.862834],[151.216182,-33.862856],[151.216065,-33.862822],[151.21619,-33.863192],[151.21626,-33.863375]]]}},{"type":"Feature","properties":{"k":"wood"},"geometry":{"type":"Polygon","coordinates":[[[151.216696,-33.864222],[151.216702,-33.864282],[151.216744,-33.864371],[151.216776,-33.864416],[151.216838,-33.864473],[151.216926,-33.864544],[151.216934,-33.864471],[151.216934,-33.864407],[151.216919,-33.864368],[151.216902,-33.864338],[151.216858,-33.864292],[151.216786,-33.864248],[151.216745,-33.864229],[151.216696,-33.864222]]]}},{"type":"Feature","properties":{"k":"park"},"geometry":{"type":"Polygon","coordinates":[[[151.216131,-33.85899],[151.21591,-33.858848],[151.21588,-33.858879],[151.216102,-33.859022],[151.216131,-33.85899]]]}},{"type":"Feature","properties":{"k":"wood"},"geometry":{"type":"Polygon","coordinates":[[[151.219939,-33.864388],[151.220095,-33.864205],[151.220395,-33.863942],[151.220573,-33.86379],[151.220771,-33.863619],[151.220879,-33.863485],[151.220922,-33.863419],[151.22095,-33.863351],[151.220955,-33.863287],[151.220919,-33.863214],[151.220771,-33.862966],[151.220753,-33.862942],[151.22074,-33.862929],[151.220672,-33.862981],[151.220651,-33.863],[151.220646,-33.863014],[151.220647,-33.863027],[151.220665,-33.863046],[151.22075,-33.863117],[151.220813,-33.863178],[151.220851,-33.86322],[151.220864,-33.863256],[151.220864,-33.863326],[151.220847,-33.863405],[151.220815,-33.863458],[151.220772,-33.863498],[151.220677,-33.863585],[151.220521,-33.863729],[151.22038,-33.863863],[151.220209,-33.86401],[151.220068,-33.864138],[151.219945,-33.864258],[151.219888,-33.864299],[151.219888,-33.864321],[151.219907,-33.864351],[151.219939,-33.864388]]]}},{"type":"Feature","properties":{"k":"park"},"geometry":{"type":"Polygon","coordinates":[[[151.218709,-33.864013],[151.218751,-33.864069],[151.218775,-33.864169],[151.218698,-33.864204],[151.21864,-33.864224],[151.218526,-33.864235],[151.218499,-33.864209],[151.218503,-33.864184],[151.218586,-33.864112],[151.218709,-33.864013]]]}},{"type":"Feature","properties":{"k":"park"},"geometry":{"type":"Polygon","coordinates":[[[151.21664,-33.863924],[151.216679,-33.864015],[151.216739,-33.864061],[151.216786,-33.864128],[151.216882,-33.864185],[151.216985,-33.864199],[151.21702,-33.864204],[151.217002,-33.864362],[151.217081,-33.864355],[151.217092,-33.864306],[151.217078,-33.864246],[151.217082,-33.864228],[151.217134,-33.86423],[151.217162,-33.864177],[151.217206,-33.864139],[151.217252,-33.864129],[151.217292,-33.864133],[151.217299,-33.864119],[151.21725,-33.864103],[151.217165,-33.864033],[151.217001,-33.863891],[151.217014,-33.863616],[151.216734,-33.863701],[151.21664,-33.863801],[151.216601,-33.863846],[151.21664,-33.863924]]]}},{"type":"Feature","properties":{"k":"park"},"geometry":{"type":"Polygon","coordinates":[[[151.217317,-33.864087],[151.217277,-33.864069],[151.217238,-33.864038],[151.217288,-33.864015],[151.217301,-33.864039],[151.217317,-33.864033],[151.217324,-33.864059],[151.217317,-33.864087]]]}},{"type":"Feature","properties":{"k":"park"},"geometry":{"type":"Polygon","coordinates":[[[151.217814,-33.86523],[151.217819,-33.865127],[151.217258,-33.865032],[151.217149,-33.865009],[151.217134,-33.865048],[151.217221,-33.865068],[151.217207,-33.865127],[151.217438,-33.86518],[151.21762,-33.865206],[151.217814,-33.86523]]]}},{"type":"Feature","properties":{"k":"park"},"geometry":{"type":"Polygon","coordinates":[[[151.218906,-33.865261],[151.21891,-33.865201],[151.218916,-33.865179],[151.21897,-33.865179],[151.219187,-33.865316],[151.219098,-33.865396],[151.218906,-33.865261]]]}},{"type":"Feature","properties":{"k":"park"},"geometry":{"type":"Polygon","coordinates":[[[151.217852,-33.865195],[151.217849,-33.865186],[151.21785,-33.865177],[151.217854,-33.865169],[151.217863,-33.865161],[151.217873,-33.865158],[151.217884,-33.865157],[151.217895,-33.86516],[151.217903,-33.865165],[151.217907,-33.865169],[151.217911,-33.865178],[151.217912,-33.865187],[151.217908,-33.865195],[151.217901,-33.865203],[151.217894,-33.865207],[151.217883,-33.865209],[151.217872,-33.865208],[151.217862,-33.865204],[151.217852,-33.865195]]]}},{"type":"Feature","properties":{"k":"wood"},"geometry":{"type":"Polygon","coordinates":[[[151.218906,-33.865261],[151.218911,-33.865319],[151.218923,-33.865402],[151.21902,-33.86547],[151.219098,-33.865396],[151.218906,-33.865261]]]}},{"type":"Feature","properties":{"k":"park"},"geometry":{"type":"Polygon","coordinates":[[[151.218802,-33.865351],[151.218696,-33.865312],[151.218437,-33.865336],[151.218381,-33.865277],[151.217925,-33.86524],[151.21793,-33.865228],[151.217951,-33.865222],[151.217987,-33.865151],[151.218343,-33.865177],[151.218596,-33.865178],[151.218776,-33.865164],[151.218864,-33.865151],[151.218869,-33.865445],[151.218802,-33.865351]]]}},{"type":"Feature","properties":{"k":"park"},"geometry":{"type":"Polygon","coordinates":[[[151.217381,-33.865566],[151.217504,-33.865601],[151.217418,-33.865836],[151.217349,-33.865819],[151.21731,-33.865769],[151.217381,-33.865566]]]}},{"type":"Feature","properties":{"k":"grass"},"geometry":{"type":"Polygon","coordinates":[[[151.215198,-33.865849],[151.215183,-33.865862],[151.215166,-33.86587],[151.215146,-33.865872],[151.215127,-33.86587],[151.215109,-33.865862],[151.215095,-33.865851],[151.215086,-33.865837],[151.215083,-33.86582],[151.215085,-33.865804],[151.215094,-33.86579],[151.21511,-33.865777],[151.215129,-33.865769],[151.215151,-33.865768],[151.215172,-33.865772],[151.21519,-33.865783],[151.215203,-33.865797],[151.215209,-33.865815],[151.215207,-33.865833],[151.215198,-33.865849]]]}},{"type":"Feature","properties":{"k":"park"},"geometry":{"type":"Polygon","coordinates":[[[151.213947,-33.865109],[151.213992,-33.865085],[151.214024,-33.86505],[151.21404,-33.865007],[151.214037,-33.864967],[151.214018,-33.864925],[151.213982,-33.864892],[151.213934,-33.864872],[151.213858,-33.864868],[151.213809,-33.864884],[151.213769,-33.864913],[151.213745,-33.864947],[151.213736,-33.864994],[151.213739,-33.865018],[151.213758,-33.865059],[151.213799,-33.865095],[151.213838,-33.865112],[151.21389,-33.865119],[151.213947,-33.865109]]]}},{"type":"Feature","properties":{"k":"wood"},"geometry":{"type":"Polygon","coordinates":[[[151.214819,-33.866132],[151.21468,-33.865957],[151.214624,-33.865833],[151.214623,-33.865767],[151.214105,-33.865713],[151.21387,-33.865621],[151.21373,-33.865518],[151.213673,-33.865467],[151.213612,-33.86545],[151.213473,-33.86552],[151.213476,-33.865566],[151.213621,-33.865575],[151.213612,-33.865705],[151.214008,-33.865797],[151.21424,-33.865867],[151.214819,-33.866132]]]}},{"type":"Feature","properties":{"k":"park"},"geometry":{"type":"Polygon","coordinates":[[[151.217692,-33.863393],[151.217685,-33.863379],[151.217684,-33.863365],[151.217689,-33.863351],[151.217699,-33.863339],[151.217717,-33.86333],[151.217734,-33.863327],[151.217751,-33.863329],[151.217767,-33.863337],[151.217781,-33.863351],[151.217785,-33.863365],[151.217784,-33.86338],[151.217776,-33.863393],[151.217764,-33.863404],[151.217746,-33.86341],[151.217728,-33.863411],[151.217712,-33.863407],[151.217692,-33.863393]]]}},{"type":"Feature","properties":{"k":"scrub"},"geometry":{"type":"Polygon","coordinates":[[[151.217005,-33.86441],[151.217077,-33.864395],[151.217127,-33.864367],[151.217143,-33.864445],[151.217313,-33.864378],[151.217326,-33.864396],[151.21724,-33.864519],[151.217112,-33.864562],[151.21703,-33.864525],[151.216985,-33.864463],[151.217005,-33.86441]]]}},{"type":"Feature","properties":{"k":"park"},"geometry":{"type":"Polygon","coordinates":[[[151.219819,-33.863134],[151.219843,-33.863098],[151.21988,-33.863074],[151.219919,-33.86306],[151.220019,-33.863026],[151.220071,-33.863016],[151.220118,-33.863021],[151.220138,-33.863028],[151.220026,-33.863154],[151.219935,-33.863146],[151.219819,-33.863134]]]}},{"type":"Feature","properties":{"k":"park"},"geometry":{"type":"Polygon","coordinates":[[[151.200633,-33.860295],[151.200642,-33.860392],[151.200645,-33.860417],[151.200648,-33.860453],[151.200668,-33.860646],[151.201085,-33.860613],[151.201043,-33.860271],[151.200633,-33.860295]]]}},{"type":"Feature","properties":{"k":"wood"},"geometry":{"type":"Polygon","coordinates":[[[151.215287,-33.858567],[151.215217,-33.858674],[151.215141,-33.858714],[151.2151,-33.85867],[151.215076,-33.858633],[151.215056,-33.858581],[151.215044,-33.858522],[151.215039,-33.858463],[151.215048,-33.858384],[151.215103,-33.858363],[151.215295,-33.858504],[151.215303,-33.858529],[151.215287,-33.858567]]]}},{"type":"Feature","properties":{"k":"park"},"geometry":{"type":"Polygon","coordinates":[[[151.216862,-33.859995],[151.216808,-33.859856],[151.216738,-33.859702],[151.216682,-33.859559],[151.216603,-33.85947],[151.216536,-33.859428],[151.216416,-33.85936],[151.216224,-33.859195],[151.216134,-33.85911],[151.216109,-33.859086],[151.216108,-33.859068],[151.216149,-33.859022],[151.216169,-33.859017],[151.216195,-33.859029],[151.216345,-33.859127],[151.216436,-33.859188],[151.216527,-33.859258],[151.216659,-33.85937],[151.216737,-33.859459],[151.216818,-33.85958],[151.216868,-33.859701],[151.216885,-33.859738],[151.216903,-33.859756],[151.21695,-33.859777],[151.216975,-33.859793],[151.216946,-33.859858],[151.216932,-33.859924],[151.216947,-33.860015],[151.216969,-33.860056],[151.217038,-33.860123],[151.217036,-33.860127],[151.217032,-33.860129],[151.217009,-33.86012],[151.216955,-33.860083],[151.216899,-33.860039],[151.216862,-33.859995]]]}},{"type":"Feature","properties":{"k":"scrub"},"geometry":{"type":"Polygon","coordinates":[[[151.216894,-33.865998],[151.216999,-33.866192],[151.21705,-33.866145],[151.217136,-33.866106],[151.217169,-33.866074],[151.216979,-33.866005],[151.216894,-33.865998]]]}},{"type":"Feature","properties":{"k":"park"},"geometry":{"type":"Polygon","coordinates":[[[151.217062,-33.866589],[151.217031,-33.866588],[151.216996,-33.866581],[151.216946,-33.866536],[151.216921,-33.866489],[151.216919,-33.866445],[151.216934,-33.866414],[151.21696,-33.866384],[151.216987,-33.866369],[151.217032,-33.866366],[151.217058,-33.866439],[151.217062,-33.866514],[151.217062,-33.866589]]]}},{"type":"Feature","properties":{"k":"scrub"},"geometry":{"type":"Polygon","coordinates":[[[151.217069,-33.866344],[151.217093,-33.866418],[151.217113,-33.866479],[151.217141,-33.866469],[151.217179,-33.866476],[151.217206,-33.866501],[151.217279,-33.866393],[151.217231,-33.866368],[151.21718,-33.866351],[151.217134,-33.866346],[151.217069,-33.866344]]]}},{"type":"Feature","properties":{"k":"scrub"},"geometry":{"type":"Polygon","coordinates":[[[151.216769,-33.865958],[151.216623,-33.866162],[151.216593,-33.866227],[151.216615,-33.866235],[151.216595,-33.866277],[151.216633,-33.866288],[151.216648,-33.866257],[151.216715,-33.866194],[151.216816,-33.866141],[151.216884,-33.86606],[151.216833,-33.865991],[151.216769,-33.865958]]]}},{"type":"Feature","properties":{"k":"park"},"geometry":{"type":"Polygon","coordinates":[[[151.21648,-33.86634],[151.216569,-33.866366],[151.216589,-33.866404],[151.216481,-33.86645],[151.216434,-33.866434],[151.21648,-33.86634]]]}},{"type":"Feature","properties":{"k":"park"},"geometry":{"type":"Polygon","coordinates":[[[151.216617,-33.866312],[151.216607,-33.866333],[151.216498,-33.866298],[151.216507,-33.866277],[151.216617,-33.866312]]]}},{"type":"Feature","properties":{"k":"park"},"geometry":{"type":"Polygon","coordinates":[[[151.21957,-33.863479],[151.219558,-33.863475],[151.219545,-33.863478],[151.219511,-33.863502],[151.219429,-33.863573],[151.21934,-33.863655],[151.219295,-33.863707],[151.219273,-33.863757],[151.219282,-33.86377],[151.2193,-33.863779],[151.219326,-33.863759],[151.219343,-33.863745],[151.219437,-33.863632],[151.219449,-33.863619],[151.21946,-33.863608],[151.219512,-33.86358],[151.219535,-33.863561],[151.21956,-33.863529],[151.219579,-33.863496],[151.219577,-33.863487],[151.21957,-33.863479]]]}},{"type":"Feature","properties":{"k":"wood"},"geometry":{"type":"Polygon","coordinates":[[[151.216565,-33.864918],[151.21682,-33.865044],[151.21687,-33.864972],[151.217035,-33.865044],[151.216994,-33.865097],[151.216955,-33.865169],[151.216932,-33.865363],[151.216211,-33.865133],[151.216188,-33.865118],[151.216189,-33.865091],[151.216312,-33.864787],[151.216348,-33.864733],[151.216435,-33.864682],[151.216524,-33.864657],[151.216657,-33.864755],[151.216565,-33.864918]]]}},{"type":"Feature","properties":{"k":"park"},"geometry":{"type":"Polygon","coordinates":[[[151.216677,-33.865742],[151.216686,-33.86585],[151.216754,-33.865892],[151.216783,-33.865851],[151.216829,-33.865761],[151.216776,-33.865737],[151.216677,-33.865742]]]}},{"type":"Feature","properties":{"k":"scrub"},"geometry":{"type":"Polygon","coordinates":[[[151.217351,-33.864515],[151.217346,-33.864499],[151.217387,-33.8644],[151.217484,-33.864406],[151.217557,-33.864395],[151.217613,-33.864419],[151.217617,-33.864455],[151.217571,-33.864514],[151.217527,-33.864542],[151.21753,-33.864608],[151.217364,-33.864527],[151.217351,-33.864515]]]}},{"type":"Feature","properties":{"k":"scrub"},"geometry":{"type":"Polygon","coordinates":[[[151.216059,-33.863552],[151.216116,-33.863492],[151.216128,-33.863456],[151.216142,-33.863379],[151.216043,-33.863364],[151.215956,-33.863362],[151.215874,-33.863364],[151.215867,-33.86337],[151.215866,-33.86338],[151.215875,-33.863392],[151.215957,-33.863459],[151.216059,-33.863552]]]}},{"type":"Feature","properties":{"k":"park"},"geometry":{"type":"Polygon","coordinates":[[[151.216838,-33.864663],[151.216835,-33.864655],[151.216825,-33.864651],[151.216592,-33.86466],[151.216702,-33.864722],[151.216757,-33.864743],[151.216781,-33.864742],[151.216797,-33.864728],[151.216838,-33.864663]]]}},{"type":"Feature","properties":{"k":"wood"},"geometry":{"type":"Polygon","coordinates":[[[151.21696,-33.869606],[151.216953,-33.869586],[151.216973,-33.869571],[151.216992,-33.869576],[151.217012,-33.869588],[151.217373,-33.869874],[151.217595,-33.870043],[151.217606,-33.87007],[151.217586,-33.870133],[151.217533,-33.870218],[151.217483,-33.870262],[151.21732,-33.870032],[151.217179,-33.869844],[151.217009,-33.869661],[151.21696,-33.869606]]]}},{"type":"Feature","properties":{"k":"grass"},"geometry":{"type":"Polygon","coordinates":[[[151.213127,-33.864492],[151.212862,-33.864466],[151.212963,-33.863616],[151.212988,-33.863556],[151.213011,-33.863525],[151.213032,-33.863521],[151.21306,-33.863536],[151.213211,-33.863754],[151.213294,-33.863853],[151.213264,-33.863934],[151.213238,-33.864],[151.213219,-33.864058],[151.213187,-33.864161],[151.213127,-33.864492]]]}},{"type":"Feature","properties":{"k":"wood"},"geometry":{"type":"Polygon","coordinates":[[[151.211319,-33.873242],[151.211176,-33.873244],[151.211056,-33.873198],[151.2111,-33.8731],[151.211124,-33.873008],[151.211043,-33.872969],[151.21104,-33.872878],[151.211141,-33.872777],[151.211224,-33.872678],[151.211358,-33.872673],[151.211444,-33.872751],[151.211534,-33.872794],[151.211611,-33.8726],[151.211738,-33.872662],[151.211874,-33.872728],[151.211899,-33.872805],[151.211845,-33.872863],[151.211849,-33.872964],[151.211889,-33.873039],[151.211842,-33.873111],[151.211807,-33.873178],[151.211788,-33.873224],[151.211633,-33.873281],[151.211517,-33.873286],[151.211459,-33.873214],[151.21138,-33.873191],[151.211319,-33.873242]]]}},{"type":"Feature","properties":{"k":"wood"},"geometry":{"type":"Polygon","coordinates":[[[151.211622,-33.872464],[151.211325,-33.872372],[151.211238,-33.872286],[151.211207,-33.872083],[151.211354,-33.871886],[151.211248,-33.871722],[151.211305,-33.871489],[151.211195,-33.871271],[151.211144,-33.87105],[151.211276,-33.87105],[151.211435,-33.871042],[151.211508,-33.871207],[151.211705,-33.871295],[151.211872,-33.87131],[151.212016,-33.871308],[151.212091,-33.871432],[151.212148,-33.871541],[151.212142,-33.871646],[151.212169,-33.87172],[151.212095,-33.87185],[151.212041,-33.872092],[151.212034,-33.872353],[151.211872,-33.872432],[151.211622,-33.872464]]]}},{"type":"Feature","properties":{"k":"grass"},"geometry":{"type":"Polygon","coordinates":[[[151.20138,-33.86686],[151.201398,-33.867034],[151.201445,-33.866876],[151.201437,-33.866866],[151.20138,-33.86686]]]}},{"type":"Feature","properties":{"k":"grass"},"geometry":{"type":"Polygon","coordinates":[[[151.201435,-33.867036],[151.201462,-33.866884],[151.201475,-33.866883],[151.201502,-33.867013],[151.201495,-33.867031],[151.201435,-33.867036]]]}},{"type":"Feature","properties":{"k":"park"},"geometry":{"type":"Polygon","coordinates":[[[151.202169,-33.867958],[151.202172,-33.867987],[151.202175,-33.868014],[151.202093,-33.868021],[151.202088,-33.867964],[151.202169,-33.867958]]]}},{"type":"Feature","properties":{"k":"grass"},"geometry":{"type":"Polygon","coordinates":[[[151.215537,-33.861286],[151.21545,-33.861269],[151.214959,-33.86116],[151.214666,-33.861085],[151.214626,-33.861079],[151.214572,-33.861069],[151.214524,-33.861063],[151.214436,-33.861084],[151.21443,-33.861069],[151.214271,-33.861109],[151.214254,-33.86111],[151.214239,-33.861109],[151.214212,-33.861101],[151.214195,-33.861094],[151.214132,-33.861002],[151.214134,-33.860885],[151.214255,-33.860774],[151.214159,-33.860709],[151.214111,-33.860718],[151.214117,-33.860591],[151.214146,-33.860243],[151.214178,-33.859861],[151.214191,-33.859699],[151.21421,-33.859469],[151.214224,-33.859371],[151.214253,-33.859269],[151.214311,-33.85918],[151.214434,-33.859062],[151.214509,-33.858998],[151.214628,-33.858911],[151.214738,-33.858844],[151.214858,-33.858803],[151.214916,-33.858814],[151.214987,-33.858837],[151.215178,-33.858994],[151.215329,-33.859122],[151.215395,-33.859178],[151.215817,-33.859409],[151.216115,-33.859563],[151.216378,-33.859718],[151.216477,-33.859838],[151.2166,-33.860035],[151.216599,-33.860149],[151.216586,-33.860193],[151.216481,-33.860355],[151.216413,-33.860428],[151.216278,-33.860541],[151.215998,-33.860787],[151.215858,-33.860922],[151.215729,-33.861051],[151.215537,-33.861286]]]}},{"type":"Feature","properties":{"k":"park"},"geometry":{"type":"Polygon","coordinates":[[[151.21594,-33.878233],[151.216237,-33.878275],[151.216283,-33.878053],[151.215987,-33.878011],[151.21594,-33.878233]]]}},{"type":"Feature","properties":{"k":"grass"},"geometry":{"type":"Polygon","coordinates":[[[151.213492,-33.865891],[151.213503,-33.865811],[151.213219,-33.865776],[151.213207,-33.865778],[151.213202,-33.865784],[151.213203,-33.865792],[151.213207,-33.865799],[151.213213,-33.865801],[151.213313,-33.865828],[151.213411,-33.865857],[151.213492,-33.865891]]]}},{"type":"Feature","properties":{"k":"park"},"geometry":{"type":"Polygon","coordinates":[[[151.2138,-33.866882],[151.213738,-33.867033],[151.213726,-33.867131],[151.2136,-33.868254],[151.213534,-33.868799],[151.213508,-33.869011],[151.21352,-33.869182],[151.213572,-33.869296],[151.213633,-33.869411],[151.213987,-33.86975],[151.214052,-33.869805],[151.214112,-33.869827],[151.214192,-33.86985],[151.214243,-33.869876],[151.21429,-33.869865],[151.214446,-33.869731],[151.214701,-33.869583],[151.216358,-33.868678],[151.216485,-33.868587],[151.216839,-33.868242],[151.217201,-33.867847],[151.217168,-33.867832],[151.217245,-33.867733],[151.217225,-33.867704],[151.21719,-33.867662],[151.216874,-33.86748],[151.216823,-33.867451],[151.216558,-33.867321],[151.21637,-33.867238],[151.216153,-33.867157],[151.215032,-33.866803],[151.214767,-33.866709],[151.214494,-33.866593],[151.214415,-33.866545],[151.214286,-33.866467],[151.213969,-33.866277],[151.213927,-33.866247],[151.21392,-33.866255],[151.213953,-33.866292],[151.213977,-33.866361],[151.213961,-33.866366],[151.21397,-33.866435],[151.213966,-33.866505],[151.21395,-33.866581],[151.213911,-33.866686],[151.2138,-33.866882]]]}},{"type":"Feature","properties":{"k":"grass"},"geometry":{"type":"Polygon","coordinates":[[[151.21434,-33.866154],[151.214299,-33.866212],[151.214563,-33.866354],[151.21486,-33.866493],[151.215148,-33.866613],[151.215461,-33.86673],[151.21586,-33.866858],[151.216403,-33.867027],[151.216667,-33.867118],[151.216749,-33.867139],[151.216807,-33.867155],[151.216813,-33.867137],[151.216561,-33.867023],[151.216247,-33.866907],[151.215572,-33.866678],[151.215161,-33.866531],[151.214815,-33.866393],[151.214595,-33.866286],[151.21434,-33.866154]]]}},{"type":"Feature","properties":{"k":"grass"},"geometry":{"type":"Polygon","coordinates":[[[151.214079,-33.865905],[151.214259,-33.866002],[151.214495,-33.866127],[151.214774,-33.866254],[151.214998,-33.866354],[151.215177,-33.866426],[151.215181,-33.866415],[151.215016,-33.866332],[151.214797,-33.866224],[151.214514,-33.866087],[151.214275,-33.865973],[151.214083,-33.865901],[151.214079,-33.865905]]]}},{"type":"Feature","properties":{"k":"scrub"},"geometry":{"type":"Polygon","coordinates":[[[151.218667,-33.868608],[151.218665,-33.868643],[151.218702,-33.86864],[151.218744,-33.868628],[151.218767,-33.868618],[151.21878,-33.86861],[151.218782,-33.868604],[151.218667,-33.868608]]]}},{"type":"Feature","properties":{"k":"scrub"},"geometry":{"type":"Polygon","coordinates":[[[151.217226,-33.870774],[151.217196,-33.8708],[151.217159,-33.870816],[151.217128,-33.870831],[151.217105,-33.870845],[151.217068,-33.870813],[151.217175,-33.87073],[151.217203,-33.870753],[151.217226,-33.870774]]]}},{"type":"Feature","properties":{"k":"scrub"},"geometry":{"type":"Polygon","coordinates":[[[151.216668,-33.866289],[151.216731,-33.86626],[151.216821,-33.866254],[151.216887,-33.866243],[151.216959,-33.866214],[151.216906,-33.866088],[151.216838,-33.86616],[151.21674,-33.86621],[151.216692,-33.866247],[151.216665,-33.866274],[151.216668,-33.866289]]]}},{"type":"Feature","properties":{"k":"scrub"},"geometry":{"type":"Polygon","coordinates":[[[151.213793,-33.865105],[151.213852,-33.865176],[151.21389,-33.865218],[151.213944,-33.865296],[151.213969,-33.86536],[151.213968,-33.865442],[151.213957,-33.865501],[151.21391,-33.865564],[151.213962,-33.865607],[151.214025,-33.86564],[151.214082,-33.865662],[151.214096,-33.865643],[151.214076,-33.865626],[151.21401,-33.865582],[151.213988,-33.865543],[151.214009,-33.86548],[151.214021,-33.865388],[151.214006,-33.865264],[151.213962,-33.865164],[151.213927,-33.865123],[151.213878,-33.865127],[151.213827,-33.865117],[151.213793,-33.865105]]]}},{"type":"Feature","properties":{"k":"park"},"geometry":{"type":"Polygon","coordinates":[[[151.215348,-33.872249],[151.215133,-33.872429],[151.21495,-33.872706],[151.215241,-33.872889],[151.215491,-33.872613],[151.215402,-33.872549],[151.215425,-33.872526],[151.21531,-33.87245],[151.215493,-33.872262],[151.215348,-33.872249]]]}},{"type":"Feature","properties":{"k":"scrub"},"geometry":{"type":"Polygon","coordinates":[[[151.21775,-33.890021],[151.217739,-33.890019],[151.217732,-33.890069],[151.217728,-33.890142],[151.217748,-33.890212],[151.217772,-33.890255],[151.217795,-33.890284],[151.21782,-33.890251],[151.217848,-33.890215],[151.217888,-33.890162],[151.217914,-33.890138],[151.217942,-33.890123],[151.217971,-33.890115],[151.218001,-33.890107],[151.218033,-33.890098],[151.218061,-33.890088],[151.218087,-33.890074],[151.218104,-33.890059],[151.218116,-33.890036],[151.218118,-33.890006],[151.218104,-33.889986],[151.218087,-33.889964],[151.218063,-33.889947],[151.218014,-33.889917],[151.217993,-33.8899],[151.217968,-33.889874],[151.217949,-33.889827],[151.217936,-33.88974],[151.217936,-33.889642],[151.217927,-33.889563],[151.217904,-33.88953],[151.217881,-33.889516],[151.21775,-33.889493],[151.217715,-33.889672],[151.217818,-33.889687],[151.217827,-33.889634],[151.217893,-33.889642],[151.217878,-33.889725],[151.217813,-33.889717],[151.21778,-33.889873],[151.217766,-33.889939],[151.217764,-33.889945],[151.218049,-33.889987],[151.21806,-33.889994],[151.218071,-33.890007],[151.218074,-33.890023],[151.21807,-33.890034],[151.218055,-33.890048],[151.218043,-33.890055],[151.218031,-33.890059],[151.21775,-33.890021]]]}},{"type":"Feature","properties":{"k":"scrub"},"geometry":{"type":"Polygon","coordinates":[[[151.21764,-33.89008],[151.217543,-33.890513],[151.217554,-33.890527],[151.217592,-33.89053],[151.217615,-33.890526],[151.217629,-33.890518],[151.217634,-33.890502],[151.217638,-33.890476],[151.217657,-33.890439],[151.217688,-33.890385],[151.217714,-33.890349],[151.21773,-33.890328],[151.217739,-33.890314],[151.217712,-33.890276],[151.217684,-33.890217],[151.217664,-33.890161],[151.217657,-33.890114],[151.217657,-33.890099],[151.217658,-33.890081],[151.21764,-33.89008]]]}},{"type":"Feature","properties":{"k":"scrub"},"geometry":{"type":"Polygon","coordinates":[[[151.217316,-33.891038],[151.217375,-33.891175],[151.217478,-33.890939],[151.217517,-33.89087],[151.217565,-33.890806],[151.217681,-33.890661],[151.217527,-33.890619],[151.217475,-33.89075],[151.217432,-33.890844],[151.217316,-33.891038]]]}},{"type":"Feature","properties":{"k":"scrub"},"geometry":{"type":"Polygon","coordinates":[[[151.215443,-33.889603],[151.21545,-33.889634],[151.215451,-33.88964],[151.216603,-33.8898],[151.216604,-33.889791],[151.216614,-33.889728],[151.216609,-33.889713],[151.216595,-33.889706],[151.216551,-33.889699],[151.216542,-33.889741],[151.216341,-33.889716],[151.216353,-33.889671],[151.216286,-33.88966],[151.216277,-33.889704],[151.216138,-33.889687],[151.216151,-33.889636],[151.216032,-33.889612],[151.215967,-33.889607],[151.21593,-33.889606],[151.21592,-33.889661],[151.215761,-33.889643],[151.21577,-33.889591],[151.215586,-33.889564],[151.215443,-33.889603]]]}},{"type":"Feature","properties":{"k":"scrub"},"geometry":{"type":"Polygon","coordinates":[[[151.216915,-33.889823],[151.216915,-33.889831],[151.217084,-33.889854],[151.217119,-33.889683],[151.217071,-33.889685],[151.217073,-33.889737],[151.217083,-33.889735],[151.217087,-33.889795],[151.217077,-33.889795],[151.21708,-33.889846],[151.217052,-33.889846],[151.217048,-33.889819],[151.216915,-33.889823]]]}},{"type":"Feature","properties":{"k":"scrub"},"geometry":{"type":"Polygon","coordinates":[[[151.217927,-33.889563],[151.217907,-33.889454],[151.217901,-33.889317],[151.217903,-33.889211],[151.217934,-33.889058],[151.217967,-33.888953],[151.217983,-33.888879],[151.217919,-33.888698],[151.217906,-33.888742],[151.217876,-33.88882],[151.217833,-33.889104],[151.217779,-33.889388],[151.21775,-33.889493],[151.217881,-33.889516],[151.217904,-33.88953],[151.217927,-33.889563]]]}},{"type":"Feature","properties":{"k":"scrub"},"geometry":{"type":"Polygon","coordinates":[[[151.218049,-33.887965],[151.217951,-33.888509],[151.218032,-33.888771],[151.21804,-33.888737],[151.218039,-33.8887],[151.218032,-33.888652],[151.218032,-33.888586],[151.218037,-33.888508],[151.218054,-33.888444],[151.21808,-33.888372],[151.218093,-33.888289],[151.218113,-33.8882],[151.218135,-33.888141],[151.218148,-33.888102],[151.218154,-33.888085],[151.218049,-33.887965]]]}},{"type":"Feature","properties":{"k":"scrub"},"geometry":{"type":"Polygon","coordinates":[[[151.218066,-33.887775],[151.218161,-33.887963],[151.218159,-33.887856],[151.218171,-33.887784],[151.218197,-33.887714],[151.218218,-33.887638],[151.218231,-33.887585],[151.218228,-33.887509],[151.218223,-33.887433],[151.218223,-33.887368],[151.218246,-33.88729],[151.218286,-33.887175],[151.218294,-33.887147],[151.2183,-33.887073],[151.218317,-33.887021],[151.218347,-33.886964],[151.218333,-33.886933],[151.218308,-33.88691],[151.218272,-33.886859],[151.218262,-33.886817],[151.218261,-33.886783],[151.218274,-33.886738],[151.218288,-33.886713],[151.218307,-33.886691],[151.218314,-33.886666],[151.218303,-33.886635],[151.218226,-33.886521],[151.218206,-33.886498],[151.218165,-33.886481],[151.218125,-33.88648],[151.218129,-33.8867],[151.218133,-33.886915],[151.218123,-33.887104],[151.218113,-33.887308],[151.218097,-33.887506],[151.218066,-33.887775]]]}},{"type":"Feature","properties":{"k":"park"},"geometry":{"type":"Polygon","coordinates":[[[151.221846,-33.895078],[151.221782,-33.895059],[151.221741,-33.89504],[151.22171,-33.895028],[151.221683,-33.895024],[151.221653,-33.894936],[151.221645,-33.894815],[151.221634,-33.89473],[151.221553,-33.894321],[151.221537,-33.894268],[151.221524,-33.894223],[151.221469,-33.89391],[151.22137,-33.893353],[151.221304,-33.893036],[151.22127,-33.892847],[151.221152,-33.892229],[151.221064,-33.891737],[151.221007,-33.891501],[151.220932,-33.891243],[151.22078,-33.890734],[151.220716,-33.890534],[151.22075,-33.890527],[151.220726,-33.890449],[151.220692,-33.890456],[151.220516,-33.889926],[151.220284,-33.889288],[151.220133,-33.888866],[151.219997,-33.888497],[151.219871,-33.888202],[151.219668,-33.887724],[151.219526,-33.887424],[151.219344,-33.887043],[151.219297,-33.886947],[151.219319,-33.886939],[151.219371,-33.88686],[151.219479,-33.886936],[151.21954,-33.886993],[151.219592,-33.887073],[151.219653,-33.887159],[151.219691,-33.887234],[151.219842,-33.887644],[151.220138,-33.888335],[151.220292,-33.888761],[151.220487,-33.889283],[151.220563,-33.889524],[151.220684,-33.889876],[151.220693,-33.889889],[151.220716,-33.889909],[151.220732,-33.889925],[151.220749,-33.889977],[151.220778,-33.890065],[151.220844,-33.890244],[151.220887,-33.890373],[151.220961,-33.89062],[151.221032,-33.890835],[151.221087,-33.891032],[151.221138,-33.89125],[151.221252,-33.891766],[151.22133,-33.892158],[151.221399,-33.892475],[151.22144,-33.892704],[151.22151,-33.893056],[151.2216,-33.893504],[151.221733,-33.894328],[151.221828,-33.894934],[151.221846,-33.895078]]]}},{"type":"Feature","properties":{"k":"scrub"},"geometry":{"type":"Polygon","coordinates":[[[151.207004,-33.88535],[151.207012,-33.885141],[151.207017,-33.885108],[151.207022,-33.88509],[151.207036,-33.885067],[151.207046,-33.885117],[151.207048,-33.885142],[151.207047,-33.885182],[151.20704,-33.88523],[151.207009,-33.88535],[151.207004,-33.88535]]]}},{"type":"Feature","properties":{"k":"park"},"geometry":{"type":"Polygon","coordinates":[[[151.207081,-33.858819],[151.206919,-33.858775],[151.207549,-33.857749],[151.207396,-33.858071],[151.207081,-33.858819]]]}},{"type":"Feature","properties":{"k":"park"},"geometry":{"type":"Polygon","coordinates":[[[151.201097,-33.886095],[151.201263,-33.886198],[151.201759,-33.886187],[151.201752,-33.886092],[151.201767,-33.886062],[151.201758,-33.885987],[151.201747,-33.885969],[151.201734,-33.885958],[151.201723,-33.885953],[151.201705,-33.885947],[151.201682,-33.885942],[151.201669,-33.885943],[151.201639,-33.885947],[151.201234,-33.88605],[151.201094,-33.886056],[151.201097,-33.886095]]]}},{"type":"Feature","properties":{"k":"park"},"geometry":{"type":"Polygon","coordinates":[[[151.203062,-33.862459],[151.203068,-33.862523],[151.203071,-33.862524],[151.203084,-33.862462],[151.203062,-33.862459]]]}},{"type":"Feature","properties":{"k":"park"},"geometry":{"type":"Polygon","coordinates":[[[151.204051,-33.863125],[151.204062,-33.863249],[151.204125,-33.86311],[151.204051,-33.863125]]]}},{"type":"Feature","properties":{"k":"wood"},"geometry":{"type":"Polygon","coordinates":[[[151.215977,-33.860886],[151.21616,-33.860725],[151.216196,-33.860745],[151.216216,-33.860768],[151.216222,-33.860796],[151.216213,-33.860825],[151.216194,-33.860856],[151.216152,-33.860887],[151.216106,-33.860906],[151.216058,-33.860915],[151.216014,-33.860909],[151.215977,-33.860886]]]}},{"type":"Feature","properties":{"k":"grass"},"geometry":{"type":"Polygon","coordinates":[[[151.204663,-33.884192],[151.204603,-33.884158],[151.204586,-33.884149],[151.204198,-33.884755],[151.204118,-33.884881],[151.204016,-33.885044],[151.203979,-33.885103],[151.203965,-33.885107],[151.203875,-33.885251],[151.203856,-33.885296],[151.203886,-33.885307],[151.203905,-33.885275],[151.203941,-33.885289],[151.20404,-33.885133],[151.20408,-33.88507],[151.204263,-33.884782],[151.204441,-33.884514],[151.204663,-33.884192]]]}},{"type":"Feature","properties":{"k":"scrub"},"geometry":{"type":"Polygon","coordinates":[[[151.203769,-33.886698],[151.203828,-33.886649],[151.203745,-33.886582],[151.203729,-33.886594],[151.203769,-33.886698]]]}},{"type":"Feature","properties":{"k":"scrub"},"geometry":{"type":"Polygon","coordinates":[[[151.203864,-33.886496],[151.203871,-33.886515],[151.203899,-33.886544],[151.203923,-33.886572],[151.203937,-33.886591],[151.203974,-33.886561],[151.203874,-33.886487],[151.203864,-33.886496]]]}},{"type":"Feature","properties":{"k":"park"},"geometry":{"type":"Polygon","coordinates":[[[151.205289,-33.880887],[151.205108,-33.880843],[151.205087,-33.880904],[151.205268,-33.880948],[151.205289,-33.880887]]]}},{"type":"Feature","properties":{"k":"park"},"geometry":{"type":"Polygon","coordinates":[[[151.205425,-33.88128],[151.205277,-33.881206],[151.205438,-33.881245],[151.205425,-33.88128]]]}},{"type":"Feature","properties":{"k":"park"},"geometry":{"type":"Polygon","coordinates":[[[151.208303,-33.865122],[151.20831,-33.865123],[151.208317,-33.865123],[151.208324,-33.86512],[151.208329,-33.865116],[151.208332,-33.86511],[151.208333,-33.865104],[151.208331,-33.865098],[151.208326,-33.865093],[151.20832,-33.86509],[151.208313,-33.865088],[151.208307,-33.865089],[151.208301,-33.865091],[151.208296,-33.865094],[151.208293,-33.865098],[151.208291,-33.865103],[151.208291,-33.865109],[151.208293,-33.865114],[151.208297,-33.865119],[151.208303,-33.865122]]]}},{"type":"Feature","properties":{"k":"park"},"geometry":{"type":"Polygon","coordinates":[[[151.208332,-33.865182],[151.208339,-33.865184],[151.208346,-33.865183],[151.208353,-33.86518],[151.208358,-33.865176],[151.208361,-33.86517],[151.208361,-33.865164],[151.208359,-33.865159],[151.208355,-33.865154],[151.208349,-33.86515],[151.208342,-33.865149],[151.208336,-33.865149],[151.20833,-33.865151],[151.208325,-33.865154],[151.208321,-33.865159],[151.208319,-33.865164],[151.20832,-33.865169],[151.208322,-33.865174],[151.208326,-33.865179],[151.208332,-33.865182]]]}},{"type":"Feature","properties":{"k":"scrub"},"geometry":{"type":"Polygon","coordinates":[[[151.208128,-33.883448],[151.208138,-33.883448],[151.208142,-33.883419],[151.20814,-33.883387],[151.208137,-33.883364],[151.208132,-33.883334],[151.208074,-33.883107],[151.208067,-33.883083],[151.208055,-33.88306],[151.208037,-33.883031],[151.208014,-33.883005],[151.207986,-33.882977],[151.207978,-33.882986],[151.208006,-33.883012],[151.208025,-33.883035],[151.20804,-33.883058],[151.208053,-33.883083],[151.208063,-33.883109],[151.208121,-33.883336],[151.208126,-33.883364],[151.208128,-33.883389],[151.208131,-33.883417],[151.208128,-33.883448]]]}},{"type":"Feature","properties":{"k":"scrub"},"geometry":{"type":"Polygon","coordinates":[[[151.208225,-33.883372],[151.20823,-33.883371],[151.208229,-33.883328],[151.208223,-33.883283],[151.208213,-33.883235],[151.208178,-33.883115],[151.208162,-33.883117],[151.208193,-33.883239],[151.208205,-33.883287],[151.208217,-33.88333],[151.208225,-33.883372]]]}},{"type":"Feature","properties":{"k":"scrub"},"geometry":{"type":"Polygon","coordinates":[[[151.208169,-33.883075],[151.208141,-33.882977],[151.208124,-33.882942],[151.208111,-33.882922],[151.208089,-33.882903],[151.208067,-33.882885],[151.208033,-33.882863],[151.208015,-33.882905],[151.208057,-33.882934],[151.208085,-33.882966],[151.208112,-33.882994],[151.20813,-33.883023],[151.208146,-33.883055],[151.208153,-33.883078],[151.208169,-33.883075]]]}},{"type":"Feature","properties":{"k":"wood"},"geometry":{"type":"Polygon","coordinates":[[[151.206978,-33.884912],[151.20684,-33.885089],[151.206737,-33.885226],[151.206672,-33.885307],[151.206665,-33.885316],[151.206634,-33.885296],[151.206678,-33.885213],[151.20662,-33.885191],[151.206874,-33.884963],[151.207033,-33.884801],[151.207005,-33.884852],[151.206978,-33.884912]]]}},{"type":"Feature","properties":{"k":"park"},"geometry":{"type":"Polygon","coordinates":[[[151.207138,-33.885207],[151.207131,-33.885228],[151.207147,-33.885231],[151.207153,-33.88521],[151.207138,-33.885207]]]}},{"type":"Feature","properties":{"k":"park"},"geometry":{"type":"Polygon","coordinates":[[[151.207122,-33.885257],[151.207115,-33.885279],[151.207132,-33.885282],[151.207139,-33.885261],[151.207122,-33.885257]]]}},{"type":"Feature","properties":{"k":"park"},"geometry":{"type":"Polygon","coordinates":[[[151.207107,-33.885305],[151.2071,-33.885326],[151.207117,-33.885329],[151.207123,-33.885308],[151.207107,-33.885305]]]}},{"type":"Feature","properties":{"k":"park"},"geometry":{"type":"Polygon","coordinates":[[[151.203242,-33.872843],[151.203254,-33.872855],[151.20327,-33.872862],[151.203287,-33.872865],[151.203305,-33.872863],[151.203321,-33.872857],[151.203334,-33.872846],[151.203341,-33.872833],[151.203343,-33.872818],[151.203339,-33.872803],[151.20333,-33.872791],[151.203316,-33.872781],[151.203299,-33.872776],[151.203282,-33.872776],[151.203265,-33.87278],[151.20325,-33.872789],[151.20324,-33.872801],[151.203235,-33.872815],[151.203236,-33.87283],[151.203242,-33.872843]]]}},{"type":"Feature","properties":{"k":"scrub"},"geometry":{"type":"Polygon","coordinates":[[[151.202163,-33.872869],[151.202171,-33.87288],[151.202152,-33.873049],[151.202104,-33.873058],[151.20208,-33.873048],[151.202071,-33.873043],[151.202058,-33.87303],[151.202051,-33.873021],[151.20204,-33.872995],[151.20204,-33.872979],[151.202044,-33.872966],[151.202063,-33.872945],[151.202095,-33.872917],[151.202163,-33.872869]]]}},{"type":"Feature","properties":{"k":"park"},"geometry":{"type":"Polygon","coordinates":[[[151.209397,-33.858881],[151.209406,-33.858887],[151.209417,-33.85889],[151.209429,-33.858891],[151.20944,-33.858888],[151.20945,-33.858882],[151.209456,-33.858874],[151.209459,-33.858865],[151.209459,-33.858855],[151.209455,-33.858846],[151.209447,-33.858839],[151.209437,-33.858834],[151.209426,-33.858832],[151.209414,-33.858833],[151.209403,-33.858837],[151.209395,-33.858844],[151.20939,-33.858853],[151.209388,-33.858863],[151.209391,-33.858873],[151.209397,-33.858881]]]}},{"type":"Feature","properties":{"k":"park"},"geometry":{"type":"Polygon","coordinates":[[[151.209362,-33.859117],[151.20937,-33.859121],[151.209379,-33.859122],[151.209387,-33.859121],[151.209396,-33.859118],[151.209402,-33.859113],[151.209406,-33.859106],[151.209407,-33.859098],[151.209405,-33.859091],[151.2094,-33.859084],[151.209393,-33.859079],[151.209385,-33.859077],[151.209376,-33.859077],[151.209367,-33.859079],[151.20936,-33.859083],[151.209354,-33.859089],[151.209352,-33.859097],[151.209352,-33.859104],[151.209356,-33.859111],[151.209362,-33.859117]]]}},{"type":"Feature","properties":{"k":"park"},"geometry":{"type":"Polygon","coordinates":[[[151.201174,-33.878936],[151.201182,-33.878957],[151.201191,-33.878952],[151.201201,-33.878941],[151.201203,-33.878934],[151.201205,-33.878927],[151.201174,-33.878936]]]}},{"type":"Feature","properties":{"k":"park"},"geometry":{"type":"Polygon","coordinates":[[[151.201238,-33.878957],[151.201234,-33.878951],[151.201242,-33.87894],[151.201254,-33.878926],[151.201264,-33.878919],[151.201273,-33.878916],[151.201286,-33.878941],[151.201238,-33.878957]]]}},{"type":"Feature","properties":{"k":"park"},"geometry":{"type":"Polygon","coordinates":[[[151.201239,-33.878884],[151.201144,-33.878911],[151.201132,-33.878849],[151.201111,-33.878787],[151.201078,-33.878703],[151.201043,-33.87864],[151.201007,-33.878584],[151.201084,-33.878557],[151.201108,-33.878574],[151.201099,-33.878585],[151.2011,-33.878601],[151.201124,-33.878644],[151.201136,-33.878653],[151.201146,-33.878656],[151.201175,-33.878721],[151.201163,-33.878734],[151.201169,-33.878747],[151.201191,-33.878749],[151.201201,-33.878765],[151.201192,-33.878789],[151.201239,-33.878884]]]}},{"type":"Feature","properties":{"k":"wood"},"geometry":{"type":"Polygon","coordinates":[[[151.20182,-33.856169],[151.201846,-33.856188],[151.201867,-33.85621],[151.201889,-33.856249],[151.201871,-33.856257],[151.201878,-33.856274],[151.201887,-33.856279],[151.201901,-33.856282],[151.201924,-33.856279],[151.201944,-33.856268],[151.201967,-33.856257],[151.201957,-33.85624],[151.202071,-33.856183],[151.202038,-33.856144],[151.202016,-33.856113],[151.202005,-33.856098],[151.201966,-33.856105],[151.201935,-33.856125],[151.201921,-33.85614],[151.201881,-33.85615],[151.20182,-33.856169]]]}},{"type":"Feature","properties":{"k":"scrub"},"geometry":{"type":"Polygon","coordinates":[[[151.200864,-33.85806],[151.200841,-33.858035],[151.20082,-33.858007],[151.200801,-33.857896],[151.200785,-33.857799],[151.20078,-33.857757],[151.200791,-33.857721],[151.200848,-33.857646],[151.200862,-33.857627],[151.200874,-33.857613],[151.200897,-33.857633],[151.200923,-33.857664],[151.200943,-33.857695],[151.20096,-33.857735],[151.200967,-33.857782],[151.200968,-33.857823],[151.200964,-33.85786],[151.200955,-33.857899],[151.200942,-33.857945],[151.200922,-33.857985],[151.200897,-33.858018],[151.200868,-33.858049],[151.200864,-33.85806]]]}},{"type":"Feature","properties":{"k":"scrub"},"geometry":{"type":"Polygon","coordinates":[[[151.200988,-33.857362],[151.20103,-33.857225],[151.201039,-33.857179],[151.201041,-33.857171],[151.201041,-33.857121],[151.201039,-33.857087],[151.201057,-33.857073],[151.201094,-33.857068],[151.201154,-33.857072],[151.201148,-33.857135],[151.201134,-33.857204],[151.201104,-33.857254],[151.20108,-33.857301],[151.201031,-33.857343],[151.200988,-33.857362]]]}},{"type":"Feature","properties":{"k":"scrub"},"geometry":{"type":"Polygon","coordinates":[[[151.200957,-33.85678],[151.200974,-33.856808],[151.200995,-33.856805],[151.201018,-33.856868],[151.200995,-33.856871],[151.201012,-33.856937],[151.201018,-33.856984],[151.201035,-33.857005],[151.201061,-33.857015],[151.201142,-33.85702],[151.201134,-33.856995],[151.201128,-33.856974],[151.20111,-33.856938],[151.201095,-33.85691],[151.201075,-33.856883],[151.201047,-33.856846],[151.201021,-33.856821],[151.200999,-33.856802],[151.200957,-33.85678]]]}},{"type":"Feature","properties":{"k":"scrub"},"geometry":{"type":"Polygon","coordinates":[[[151.200909,-33.856648],[151.200913,-33.856658],[151.200923,-33.856664],[151.200932,-33.856664],[151.20094,-33.856661],[151.201012,-33.856598],[151.201016,-33.856592],[151.201009,-33.856579],[151.200999,-33.856576],[151.200896,-33.856533],[151.200888,-33.856528],[151.200875,-33.856535],[151.200869,-33.856542],[151.200869,-33.856551],[151.200873,-33.856561],[151.200897,-33.856554],[151.200933,-33.856642],[151.200909,-33.856648]]]}},{"type":"Feature","properties":{"k":"scrub"},"geometry":{"type":"Polygon","coordinates":[[[151.2009,-33.85633],[151.20087,-33.856344],[151.200853,-33.85636],[151.20084,-33.856379],[151.200838,-33.856396],[151.200841,-33.856416],[151.200852,-33.856439],[151.200868,-33.856457],[151.200893,-33.856478],[151.200912,-33.856492],[151.200922,-33.856471],[151.200923,-33.856431],[151.200914,-33.856387],[151.2009,-33.85633]]]}},{"type":"Feature","properties":{"k":"grass"},"geometry":{"type":"Polygon","coordinates":[[[151.201176,-33.855616],[151.201182,-33.855604],[151.201151,-33.855601],[151.201129,-33.8556],[151.201096,-33.855591],[151.201088,-33.855576],[151.2011,-33.855567],[151.201131,-33.85556],[151.201158,-33.855545],[151.20117,-33.855531],[151.201189,-33.855515],[151.201212,-33.855515],[151.201215,-33.855531],[151.201238,-33.855538],[151.201274,-33.855539],[151.201296,-33.855533],[151.201304,-33.85551],[151.201324,-33.855499],[151.201343,-33.855514],[151.201369,-33.855516],[151.201394,-33.85551],[151.20142,-33.855505],[151.201457,-33.855502],[151.201489,-33.855501],[151.201521,-33.855502],[151.201546,-33.8555],[151.20158,-33.855508],[151.201586,-33.855527],[151.201586,-33.855548],[151.201579,-33.855569],[151.201571,-33.855576],[151.201513,-33.855564],[151.20148,-33.855563],[151.201451,-33.855563],[151.201417,-33.855567],[151.201358,-33.855581],[151.201333,-33.855587],[151.201295,-33.855598],[151.201258,-33.855607],[151.201236,-33.855612],[151.201206,-33.855614],[151.201176,-33.855616]]]}},{"type":"Feature","properties":{"k":"grass"},"geometry":{"type":"Polygon","coordinates":[[[151.200299,-33.857541],[151.200282,-33.857525],[151.200286,-33.857501],[151.200269,-33.857499],[151.200253,-33.8575],[151.200239,-33.857486],[151.200227,-33.857464],[151.200215,-33.85742],[151.200211,-33.857394],[151.200199,-33.857394],[151.200199,-33.857384],[151.200202,-33.857366],[151.200222,-33.857343],[151.20024,-33.857335],[151.200295,-33.857323],[151.200346,-33.857316],[151.200361,-33.857313],[151.200381,-33.857316],[151.200396,-33.85732],[151.200415,-33.85732],[151.20043,-33.857319],[151.200438,-33.857315],[151.200437,-33.857301],[151.200441,-33.857285],[151.200455,-33.857261],[151.200468,-33.857243],[151.200482,-33.857229],[151.200498,-33.857224],[151.200509,-33.857225],[151.200488,-33.85729],[151.200469,-33.857336],[151.200443,-33.857378],[151.200412,-33.857421],[151.200377,-33.857453],[151.200326,-33.857503],[151.200299,-33.857541]]]}},{"type":"Feature","properties":{"k":"grass"},"geometry":{"type":"Polygon","coordinates":[[[151.200665,-33.858484],[151.200667,-33.858501],[151.200665,-33.858516],[151.200638,-33.858523],[151.200543,-33.858505],[151.200472,-33.858482],[151.200415,-33.858466],[151.200407,-33.858478],[151.200374,-33.858471],[151.200349,-33.858457],[151.200336,-33.858421],[151.200334,-33.858392],[151.200332,-33.858374],[151.200331,-33.858343],[151.200345,-33.858319],[151.200355,-33.858307],[151.200357,-33.858295],[151.200366,-33.858281],[151.200389,-33.858318],[151.200416,-33.858347],[151.200449,-33.858373],[151.200481,-33.858391],[151.200532,-33.858414],[151.200575,-33.858431],[151.200608,-33.858451],[151.200649,-33.858473],[151.200665,-33.858484]]]}},{"type":"Feature","properties":{"k":"grass"},"geometry":{"type":"Polygon","coordinates":[[[151.201609,-33.857541],[151.201589,-33.857545],[151.201578,-33.857557],[151.201522,-33.857645],[151.201506,-33.857684],[151.201502,-33.857729],[151.201528,-33.857729],[151.201541,-33.857791],[151.201511,-33.857796],[151.201518,-33.857821],[151.20153,-33.85785],[151.201549,-33.857873],[151.20158,-33.857892],[151.201611,-33.857899],[151.201631,-33.857846],[151.201649,-33.857806],[151.20166,-33.857768],[151.20166,-33.857733],[151.201647,-33.857701],[151.20163,-33.857681],[151.201613,-33.857674],[151.201611,-33.857657],[151.201611,-33.857638],[151.201608,-33.857602],[151.201608,-33.857574],[151.201609,-33.857541]]]}},{"type":"Feature","properties":{"k":"grass"},"geometry":{"type":"Polygon","coordinates":[[[151.202085,-33.855988],[151.202058,-33.855965],[151.202005,-33.855933],[151.201945,-33.855899],[151.201889,-33.855864],[151.201833,-33.85582],[151.201785,-33.855775],[151.201811,-33.855753],[151.201836,-33.85574],[151.201854,-33.855742],[151.20188,-33.855757],[151.201908,-33.855781],[151.201938,-33.855799],[151.201973,-33.855802],[151.202005,-33.855807],[151.202054,-33.855801],[151.202089,-33.855793],[151.202134,-33.855794],[151.202145,-33.855918],[151.202079,-33.855922],[151.202085,-33.855988]]]}},{"type":"Feature","properties":{"k":"scrub"},"geometry":{"type":"Polygon","coordinates":[[[151.20227,-33.856061],[151.20226,-33.856083],[151.202252,-33.8561],[151.202249,-33.856119],[151.202241,-33.85613],[151.202332,-33.856243],[151.202376,-33.85623],[151.20242,-33.856226],[151.202461,-33.85623],[151.202504,-33.856238],[151.202531,-33.856249],[151.202562,-33.85621],[151.202369,-33.856112],[151.202355,-33.85613],[151.202313,-33.856109],[151.202327,-33.85609],[151.20227,-33.856061]]]}},{"type":"Feature","properties":{"k":"scrub"},"geometry":{"type":"Polygon","coordinates":[[[151.202214,-33.856066],[151.202215,-33.856084],[151.202205,-33.856095],[151.202186,-33.856078],[151.202184,-33.856068],[151.202214,-33.856066]]]}},{"type":"Feature","properties":{"k":"scrub"},"geometry":{"type":"Polygon","coordinates":[[[151.200792,-33.856455],[151.200776,-33.856454],[151.200773,-33.856466],[151.200784,-33.856538],[151.200803,-33.856609],[151.200829,-33.856678],[151.20086,-33.856801],[151.200877,-33.856908],[151.200881,-33.856974],[151.20088,-33.857027],[151.200955,-33.857028],[151.200954,-33.857009],[151.200967,-33.857009],[151.200964,-33.856967],[151.20096,-33.856922],[151.200942,-33.856864],[151.200921,-33.856797],[151.200882,-33.856692],[151.200839,-33.856605],[151.200811,-33.856532],[151.200792,-33.856455]]]}},{"type":"Feature","properties":{"k":"wood"},"geometry":{"type":"Polygon","coordinates":[[[151.20088,-33.857041],[151.200876,-33.857132],[151.200863,-33.857237],[151.200837,-33.857348],[151.200802,-33.857434],[151.200759,-33.857516],[151.200703,-33.85759],[151.200641,-33.857656],[151.200608,-33.857692],[151.200596,-33.857723],[151.200589,-33.857753],[151.200587,-33.857782],[151.200589,-33.857821],[151.200706,-33.857805],[151.200704,-33.857739],[151.200721,-33.857692],[151.200759,-33.857643],[151.200812,-33.857563],[151.20087,-33.857466],[151.200906,-33.857388],[151.200939,-33.857289],[151.200947,-33.857192],[151.200956,-33.857087],[151.200956,-33.85706],[151.200954,-33.85704],[151.20088,-33.857041]]]}},{"type":"Feature","properties":{"k":"wood"},"geometry":{"type":"Polygon","coordinates":[[[151.200574,-33.857845],[151.200564,-33.857801],[151.200562,-33.857746],[151.200573,-33.857703],[151.200596,-33.857655],[151.200652,-33.85761],[151.200697,-33.857561],[151.200731,-33.857506],[151.200758,-33.857465],[151.200793,-33.85739],[151.200831,-33.857249],[151.200851,-33.857121],[151.200859,-33.856997],[151.200851,-33.85691],[151.200783,-33.856919],[151.200763,-33.85679],[151.200708,-33.8568],[151.200679,-33.856668],[151.200605,-33.856688],[151.200622,-33.856743],[151.200626,-33.856783],[151.200639,-33.856836],[151.200655,-33.856919],[151.200662,-33.857004],[151.20065,-33.857108],[151.200647,-33.857201],[151.200631,-33.857284],[151.200624,-33.857322],[151.200599,-33.857357],[151.200582,-33.8574],[151.200551,-33.857449],[151.200541,-33.857483],[151.200522,-33.857505],[151.200504,-33.857522],[151.200467,-33.857548],[151.200445,-33.85756],[151.200414,-33.857599],[151.200389,-33.857656],[151.200382,-33.857685],[151.200376,-33.857712],[151.200372,-33.857737],[151.20037,-33.857766],[151.200373,-33.857782],[151.200392,-33.857795],[151.20039,-33.857813],[151.200371,-33.857826],[151.200375,-33.857843],[151.200392,-33.857838],[151.200403,-33.857835],[151.200423,-33.857827],[151.200447,-33.857824],[151.20048,-33.857825],[151.200527,-33.857824],[151.200544,-33.857828],[151.200557,-33.857836],[151.200574,-33.857845]]]}},{"type":"Feature","properties":{"k":"wood"},"geometry":{"type":"Polygon","coordinates":[[[151.200847,-33.856894],[151.200794,-33.856901],[151.200773,-33.856767],[151.200726,-33.856776],[151.200689,-33.856648],[151.200602,-33.856668],[151.200557,-33.856536],[151.200546,-33.856432],[151.200554,-33.856293],[151.200581,-33.856174],[151.200594,-33.856097],[151.200593,-33.85605],[151.200583,-33.856016],[151.200719,-33.856095],[151.200863,-33.856291],[151.200817,-33.856322],[151.200803,-33.85631],[151.200778,-33.856342],[151.200746,-33.856388],[151.200739,-33.856444],[151.200743,-33.856488],[151.200762,-33.856579],[151.200798,-33.856664],[151.20082,-33.856734],[151.200839,-33.856821],[151.200847,-33.856894]]]}},{"type":"Feature","properties":{"k":"wood"},"geometry":{"type":"Polygon","coordinates":[[[151.200596,-33.857877],[151.200608,-33.857926],[151.200624,-33.85796],[151.200658,-33.85801],[151.200679,-33.858059],[151.200687,-33.858094],[151.200699,-33.858124],[151.200715,-33.858145],[151.200747,-33.858163],[151.200843,-33.858213],[151.200885,-33.858238],[151.200915,-33.858259],[151.200991,-33.858188],[151.200958,-33.858167],[151.200903,-33.858148],[151.200867,-33.858134],[151.200815,-33.858105],[151.200776,-33.858075],[151.200753,-33.858033],[151.20073,-33.857956],[151.200717,-33.857876],[151.200711,-33.857875],[151.200696,-33.857875],[151.200684,-33.85788],[151.200676,-33.857884],[151.200664,-33.857881],[151.200654,-33.857872],[151.200641,-33.857868],[151.200596,-33.857877]]]}},{"type":"Feature","properties":{"k":"wood"},"geometry":{"type":"Polygon","coordinates":[[[151.200576,-33.857869],[151.200581,-33.857928],[151.200592,-33.857964],[151.200615,-33.857997],[151.200634,-33.858035],[151.200652,-33.85807],[151.200663,-33.858103],[151.200677,-33.858143],[151.2007,-33.858167],[151.20073,-33.858186],[151.200812,-33.858223],[151.200836,-33.85824],[151.200805,-33.858274],[151.200747,-33.858243],[151.200727,-33.858271],[151.200675,-33.858245],[151.200629,-33.858323],[151.200572,-33.858303],[151.200539,-33.858289],[151.200521,-33.858274],[151.200518,-33.858248],[151.200488,-33.858174],[151.200474,-33.858123],[151.200435,-33.858053],[151.200415,-33.858012],[151.200411,-33.857977],[151.200404,-33.857936],[151.2004,-33.857906],[151.200431,-33.857901],[151.200453,-33.857903],[151.20049,-33.857901],[151.200546,-33.857899],[151.20056,-33.857896],[151.200565,-33.857887],[151.20057,-33.857881],[151.200576,-33.857869]]]}},{"type":"Feature","properties":{"k":"wood"},"geometry":{"type":"Polygon","coordinates":[[[151.201398,-33.858294],[151.201396,-33.858309],[151.201381,-33.85833],[151.201354,-33.858346],[151.201336,-33.858356],[151.201319,-33.858373],[151.201303,-33.858391],[151.201291,-33.85841],[151.201274,-33.858427],[151.201247,-33.858445],[151.201216,-33.858456],[151.201192,-33.858462],[151.201172,-33.858464],[151.20114,-33.858458],[151.201108,-33.858445],[151.201084,-33.85843],[151.201066,-33.858414],[151.200999,-33.858333],[151.20095,-33.858289],[151.200925,-33.85827],[151.200997,-33.858202],[151.201032,-33.858223],[151.201061,-33.858233],[151.201107,-33.858236],[151.201121,-33.858236],[151.20113,-33.858241],[151.201141,-33.85825],[151.201157,-33.85825],[151.201165,-33.858247],[151.201156,-33.858235],[151.201163,-33.858221],[151.201182,-33.858213],[151.2012,-33.858196],[151.201213,-33.858177],[151.201227,-33.858158],[151.201262,-33.858134],[151.201294,-33.858119],[151.201346,-33.85811],[151.201383,-33.85811],[151.201404,-33.858109],[151.201425,-33.858118],[151.201431,-33.858112],[151.201437,-33.858119],[151.20145,-33.85813],[151.201457,-33.858143],[151.201438,-33.858141],[151.201436,-33.85816],[151.201435,-33.858193],[151.201344,-33.858192],[151.201342,-33.858255],[151.20136,-33.858256],[151.201376,-33.858261],[151.20139,-33.858274],[151.201397,-33.858287],[151.201398,-33.858294]]]}},{"type":"Feature","properties":{"k":"wood"},"geometry":{"type":"Polygon","coordinates":[[[151.201692,-33.858483],[151.2017,-33.858369],[151.201564,-33.858363],[151.201556,-33.858524],[151.201611,-33.858505],[151.201645,-33.858494],[151.201673,-33.858487],[151.201692,-33.858483]]]}},{"type":"Feature","properties":{"k":"park"},"geometry":{"type":"Polygon","coordinates":[[[151.203007,-33.85839],[151.203015,-33.858393],[151.203024,-33.858394],[151.203032,-33.858392],[151.20304,-33.858388],[151.203046,-33.858383],[151.203049,-33.858376],[151.203049,-33.858369],[151.203047,-33.858362],[151.203042,-33.858356],[151.203035,-33.858351],[151.203026,-33.858349],[151.203017,-33.858349],[151.203009,-33.858352],[151.203002,-33.858357],[151.202997,-33.858363],[151.202995,-33.858371],[151.202997,-33.858378],[151.203001,-33.858385],[151.203007,-33.85839]]]}},{"type":"Feature","properties":{"k":"scrub"},"geometry":{"type":"Polygon","coordinates":[[[151.201889,-33.856332],[151.201887,-33.856338],[151.201908,-33.856338],[151.201944,-33.85634],[151.201992,-33.85635],[151.202038,-33.85636],[151.202073,-33.856372],[151.20211,-33.856386],[151.202133,-33.856392],[151.202167,-33.856394],[151.202188,-33.856395],[151.202197,-33.856365],[151.20222,-33.856327],[151.202249,-33.856305],[151.202232,-33.856285],[151.202213,-33.856294],[151.202204,-33.856292],[151.202196,-33.856286],[151.202172,-33.85627],[151.202148,-33.856252],[151.202132,-33.856239],[151.202113,-33.856235],[151.202097,-33.856242],[151.202074,-33.856259],[151.202004,-33.856297],[151.201981,-33.856312],[151.201948,-33.856314],[151.201908,-33.856325],[151.201889,-33.856332]]]}},{"type":"Feature","properties":{"k":"scrub"},"geometry":{"type":"Polygon","coordinates":[[[151.201908,-33.856338],[151.201887,-33.856338],[151.20188,-33.85654],[151.201945,-33.856544],[151.201983,-33.856551],[151.202005,-33.856561],[151.202102,-33.856524],[151.202073,-33.856507],[151.202034,-33.856491],[151.201997,-33.85648],[151.201958,-33.856473],[151.20193,-33.856469],[151.201905,-33.856468],[151.201906,-33.856396],[151.201908,-33.856338]]]}},{"type":"Feature","properties":{"k":"scrub"},"geometry":{"type":"Polygon","coordinates":[[[151.202124,-33.856523],[151.202171,-33.856651],[151.202186,-33.856643],[151.202194,-33.856628],[151.202195,-33.856614],[151.202184,-33.856577],[151.202178,-33.856533],[151.202179,-33.856512],[151.202124,-33.856523]]]}},{"type":"Feature","properties":{"k":"scrub"},"geometry":{"type":"Polygon","coordinates":[[[151.202625,-33.856251],[151.202598,-33.856279],[151.202593,-33.856289],[151.202593,-33.856294],[151.202602,-33.856298],[151.20262,-33.856298],[151.20264,-33.856295],[151.202652,-33.856289],[151.202669,-33.856275],[151.202625,-33.856251]]]}},{"type":"Feature","properties":{"k":"grass"},"geometry":{"type":"Polygon","coordinates":[[[151.200783,-33.861686],[151.200708,-33.861657],[151.200574,-33.860459],[151.200648,-33.860453],[151.200732,-33.861227],[151.200783,-33.861686]]]}},{"type":"Feature","properties":{"k":"grass"},"geometry":{"type":"Polygon","coordinates":[[[151.200642,-33.860392],[151.200573,-33.860402],[151.200541,-33.860143],[151.200614,-33.860154],[151.200633,-33.860295],[151.200642,-33.860392]]]}},{"type":"Feature","properties":{"k":"grass"},"geometry":{"type":"Polygon","coordinates":[[[151.20061,-33.860124],[151.20054,-33.860113],[151.200532,-33.86005],[151.200538,-33.859998],[151.20055,-33.859952],[151.200566,-33.859906],[151.200583,-33.859879],[151.200636,-33.859924],[151.200611,-33.859973],[151.200601,-33.860007],[151.2006,-33.860045],[151.20061,-33.860124]]]}},{"type":"Feature","properties":{"k":"wood"},"geometry":{"type":"Polygon","coordinates":[[[151.201874,-33.857993],[151.201847,-33.857971],[151.201824,-33.857958],[151.201777,-33.857951],[151.201754,-33.857949],[151.20175,-33.858071],[151.201732,-33.858091],[151.201699,-33.858098],[151.201651,-33.858095],[151.2016,-33.858089],[151.201576,-33.858093],[151.201587,-33.858103],[151.201584,-33.858122],[151.201581,-33.858129],[151.201578,-33.858137],[151.201601,-33.858137],[151.201601,-33.858197],[151.201578,-33.858197],[151.201573,-33.858272],[151.20166,-33.858273],[151.201696,-33.858265],[151.201725,-33.858249],[151.201758,-33.85824],[151.201845,-33.858234],[151.201895,-33.858247],[151.201914,-33.858251],[151.201959,-33.858245],[151.201971,-33.858233],[151.201981,-33.85824],[151.201993,-33.858227],[151.202001,-33.858219],[151.202042,-33.858195],[151.202016,-33.858118],[151.201993,-33.858117],[151.201952,-33.858117],[151.201918,-33.858125],[151.201908,-33.85812],[151.201903,-33.858111],[151.201863,-33.858013],[151.201874,-33.857993]]]}},{"type":"Feature","properties":{"k":"scrub"},"geometry":{"type":"Polygon","coordinates":[[[151.20161,-33.857096],[151.20161,-33.857085],[151.201551,-33.857084],[151.20155,-33.857095],[151.20161,-33.857096]]]}},{"type":"Feature","properties":{"k":"wood"},"geometry":{"type":"Polygon","coordinates":[[[151.201797,-33.857099],[151.201634,-33.857097],[151.201636,-33.857021],[151.201658,-33.857012],[151.201666,-33.857001],[151.201656,-33.85695],[151.201641,-33.856924],[151.201615,-33.856919],[151.201599,-33.856957],[151.2016,-33.85699],[151.201584,-33.856994],[151.201575,-33.856959],[151.201577,-33.856904],[151.201578,-33.856847],[151.201592,-33.856771],[151.201611,-33.856736],[151.201622,-33.856745],[151.201622,-33.856803],[151.201637,-33.856842],[151.20168,-33.856824],[151.201705,-33.856788],[151.201693,-33.85676],[151.201662,-33.856721],[151.20165,-33.856692],[151.201643,-33.856663],[151.201649,-33.856639],[151.201667,-33.856651],[151.201714,-33.856636],[151.201742,-33.856659],[151.201742,-33.856692],[151.201765,-33.856701],[151.201791,-33.856704],[151.201786,-33.856676],[151.201802,-33.856651],[151.201822,-33.856659],[151.201838,-33.856676],[151.201834,-33.856699],[151.201794,-33.856723],[151.201802,-33.856749],[151.201855,-33.856772],[151.201919,-33.856774],[151.201941,-33.85674],[151.201914,-33.856716],[151.201875,-33.856694],[151.201857,-33.856645],[151.201906,-33.856622],[151.201936,-33.856632],[151.201967,-33.856637],[151.201999,-33.856623],[151.202008,-33.856614],[151.20202,-33.856577],[151.202055,-33.856562],[151.202088,-33.856554],[151.202107,-33.856573],[151.202125,-33.856604],[151.202139,-33.856628],[151.202146,-33.85666],[151.202126,-33.856687],[151.202088,-33.856685],[151.202051,-33.856699],[151.20203,-33.856717],[151.202055,-33.85675],[151.202076,-33.856757],[151.202068,-33.856772],[151.202042,-33.856783],[151.202017,-33.856803],[151.201978,-33.856803],[151.201942,-33.856858],[151.201928,-33.8569],[151.201923,-33.856946],[151.201914,-33.856967],[151.201905,-33.856976],[151.201884,-33.85698],[151.201865,-33.856969],[151.201838,-33.856967],[151.201818,-33.856968],[151.201797,-33.856977],[151.201778,-33.856986],[151.201767,-33.856998],[151.201757,-33.857011],[151.20175,-33.857022],[151.20175,-33.857033],[151.201753,-33.857046],[151.201762,-33.857064],[151.201784,-33.857086],[151.201797,-33.857099]]]}},{"type":"Feature","properties":{"k":"scrub"},"geometry":{"type":"Polygon","coordinates":[[[151.201833,-33.85649],[151.201844,-33.856539],[151.201804,-33.85654],[151.201762,-33.856549],[151.201738,-33.85655],[151.201731,-33.856549],[151.201694,-33.856579],[151.201682,-33.85659],[151.201687,-33.856605],[151.201667,-33.856651],[151.201649,-33.856639],[151.201643,-33.856663],[151.201632,-33.856702],[151.201629,-33.856738],[151.201622,-33.856745],[151.201611,-33.856736],[151.201592,-33.856771],[151.201578,-33.856847],[151.201577,-33.856904],[151.201575,-33.856959],[151.201584,-33.856994],[151.2016,-33.85699],[151.201599,-33.856957],[151.201609,-33.85696],[151.201609,-33.85699],[151.201612,-33.857019],[151.201554,-33.857017],[151.201564,-33.856828],[151.201576,-33.856744],[151.201577,-33.856731],[151.201582,-33.856708],[151.201583,-33.856703],[151.201585,-33.856691],[151.201591,-33.85667],[151.201596,-33.856659],[151.201605,-33.856636],[151.20161,-33.856624],[151.201623,-33.856605],[151.201632,-33.856592],[151.201648,-33.856574],[151.201657,-33.856565],[151.201677,-33.856548],[151.201686,-33.85654],[151.20171,-33.856525],[151.201726,-33.856517],[151.201764,-33.856504],[151.201803,-33.856494],[151.201833,-33.85649]]]}},{"type":"Feature","properties":{"k":"scrub"},"geometry":{"type":"Polygon","coordinates":[[[151.202057,-33.85827],[151.202063,-33.858286],[151.202047,-33.85829],[151.201904,-33.85833],[151.201845,-33.858346],[151.201772,-33.858363],[151.201733,-33.85837],[151.2017,-33.858369],[151.201564,-33.858363],[151.201565,-33.858347],[151.201719,-33.858353],[151.201749,-33.858352],[151.20177,-33.858348],[151.20181,-33.858339],[151.202057,-33.85827]]]}},{"type":"Feature","properties":{"k":"scrub"},"geometry":{"type":"Polygon","coordinates":[[[151.20207,-33.858187],[151.202038,-33.858107],[151.202175,-33.858063],[151.202206,-33.858065],[151.202229,-33.858062],[151.202256,-33.858055],[151.202282,-33.858047],[151.20231,-33.858042],[151.202345,-33.858042],[151.202369,-33.858047],[151.202412,-33.858061],[151.202437,-33.858063],[151.202457,-33.858045],[151.202458,-33.85803],[151.202464,-33.858022],[151.202478,-33.858018],[151.202492,-33.858021],[151.202508,-33.858028],[151.202519,-33.858037],[151.202517,-33.858056],[151.202511,-33.858074],[151.2025,-33.858084],[151.202491,-33.8581],[151.202485,-33.858112],[151.202473,-33.858116],[151.202456,-33.858117],[151.202438,-33.858115],[151.202411,-33.858112],[151.202379,-33.858116],[151.202316,-33.858124],[151.202281,-33.858132],[151.202233,-33.858146],[151.202197,-33.858159],[151.202166,-33.858168],[151.202102,-33.858187],[151.20207,-33.858187]]]}},{"type":"Feature","properties":{"k":"wood"},"geometry":{"type":"Polygon","coordinates":[[[151.201864,-33.875119],[151.201849,-33.87518],[151.201909,-33.875195],[151.20199,-33.875219],[151.202063,-33.875249],[151.202123,-33.87529],[151.202181,-33.875246],[151.202131,-33.875216],[151.202078,-33.875189],[151.202009,-33.87516],[151.20194,-33.875137],[151.201864,-33.875119]]]}},{"type":"Feature","properties":{"k":"scrub"},"geometry":{"type":"Polygon","coordinates":[[[151.203224,-33.873161],[151.203193,-33.873152],[151.203246,-33.873062],[151.203293,-33.872987],[151.20331,-33.872947],[151.203326,-33.872948],[151.203376,-33.872942],[151.20342,-33.872924],[151.203452,-33.872901],[151.203463,-33.872892],[151.203479,-33.872915],[151.203492,-33.872935],[151.203509,-33.872951],[151.203479,-33.87297],[151.203412,-33.87301],[151.203359,-33.873046],[151.203302,-33.873093],[151.203224,-33.873161]]]}},{"type":"Feature","properties":{"k":"scrub"},"geometry":{"type":"Polygon","coordinates":[[[151.203605,-33.87292],[151.203587,-33.872925],[151.203561,-33.872906],[151.203542,-33.872884],[151.203527,-33.87286],[151.203563,-33.872859],[151.203835,-33.872841],[151.203836,-33.872858],[151.203748,-33.872872],[151.203605,-33.87292]]]}},{"type":"Feature","properties":{"k":"park"},"geometry":{"type":"Polygon","coordinates":[[[151.203157,-33.872913],[151.203245,-33.872907],[151.203281,-33.872916],[151.203316,-33.872914],[151.203353,-33.872901],[151.203373,-33.872887],[151.203388,-33.872871],[151.203484,-33.872864],[151.203464,-33.872879],[151.203459,-33.872886],[151.203463,-33.872892],[151.203452,-33.872901],[151.20342,-33.872924],[151.203376,-33.872942],[151.203326,-33.872948],[151.20331,-33.872947],[151.20327,-33.872945],[151.203251,-33.872942],[151.203227,-33.872938],[151.203199,-33.872927],[151.203178,-33.87292],[151.203157,-33.872913]]]}},{"type":"Feature","properties":{"k":"grass"},"geometry":{"type":"Polygon","coordinates":[[[151.198671,-33.892706],[151.198685,-33.892692],[151.198714,-33.892611],[151.198733,-33.89253],[151.198733,-33.892499],[151.198722,-33.892465],[151.198707,-33.892473],[151.198666,-33.892494],[151.198672,-33.892513],[151.198674,-33.892548],[151.198644,-33.892711],[151.198671,-33.892706]]]}},{"type":"Feature","properties":{"k":"scrub"},"geometry":{"type":"Polygon","coordinates":[[[151.198722,-33.892465],[151.198868,-33.892381],[151.198685,-33.892692],[151.198714,-33.892611],[151.198733,-33.89253],[151.198733,-33.892499],[151.198722,-33.892465]]]}},{"type":"Feature","properties":{"k":"grass"},"geometry":{"type":"Polygon","coordinates":[[[151.200802,-33.889957],[151.201047,-33.88967],[151.201089,-33.889691],[151.200855,-33.889984],[151.200743,-33.890116],[151.200407,-33.890514],[151.200305,-33.890633],[151.200283,-33.890621],[151.200261,-33.890609],[151.200394,-33.890449],[151.200802,-33.889957]]]}},{"type":"Feature","properties":{"k":"park"},"geometry":{"type":"Polygon","coordinates":[[[151.203566,-33.887941],[151.203544,-33.888239],[151.203738,-33.888249],[151.203742,-33.888205],[151.203925,-33.888215],[151.203939,-33.88803],[151.204119,-33.88804],[151.204132,-33.887871],[151.204316,-33.887881],[151.204329,-33.887707],[151.204519,-33.887716],[151.204542,-33.887402],[151.204351,-33.887392],[151.204338,-33.887564],[151.204158,-33.887555],[151.204145,-33.887725],[151.203941,-33.887715],[151.203928,-33.887892],[151.203756,-33.887883],[151.203752,-33.887929],[151.203603,-33.887921],[151.203566,-33.887941]]]}},{"type":"Feature","properties":{"k":"wood"},"geometry":{"type":"Polygon","coordinates":[[[151.201846,-33.888967],[151.201927,-33.889008],[151.202125,-33.888795],[151.202366,-33.888609],[151.202702,-33.88835],[151.202887,-33.888354],[151.202897,-33.888332],[151.203119,-33.888231],[151.203186,-33.888116],[151.202993,-33.888258],[151.202904,-33.888165],[151.202032,-33.888752],[151.201846,-33.888967]]]}},{"type":"Feature","properties":{"k":"grass"},"geometry":{"type":"Polygon","coordinates":[[[151.20529,-33.860986],[151.205325,-33.860996],[151.205029,-33.861529],[151.205015,-33.861518],[151.205043,-33.861468],[151.205031,-33.861463],[151.205219,-33.861127],[151.205225,-33.8611],[151.205221,-33.861084],[151.20521,-33.861064],[151.2052,-33.861052],[151.205214,-33.861044],[151.205278,-33.860999],[151.20529,-33.860986]]]}},{"type":"Feature","properties":{"k":"grass"},"geometry":{"type":"Polygon","coordinates":[[[151.205174,-33.861092],[151.205185,-33.861109],[151.205183,-33.861131],[151.204979,-33.861501],[151.20489,-33.861476],[151.204863,-33.861456],[151.204839,-33.861434],[151.204807,-33.861425],[151.204864,-33.861214],[151.204861,-33.861174],[151.204967,-33.861161],[151.205054,-33.861144],[151.205109,-33.861128],[151.205154,-33.861105],[151.205174,-33.861092]]]}},{"type":"Feature","properties":{"k":"scrub"},"geometry":{"type":"Polygon","coordinates":[[[151.204861,-33.861174],[151.204862,-33.861148],[151.204875,-33.861149],[151.204951,-33.861142],[151.205021,-33.861128],[151.205086,-33.861111],[151.205136,-33.861093],[151.205161,-33.861078],[151.205174,-33.861092],[151.205154,-33.861105],[151.205109,-33.861128],[151.205054,-33.861144],[151.204967,-33.861161],[151.204861,-33.861174]]]}},{"type":"Feature","properties":{"k":"park"},"geometry":{"type":"Polygon","coordinates":[[[151.215092,-33.86588],[151.215071,-33.865863],[151.215058,-33.865841],[151.215054,-33.865815],[151.215061,-33.865789],[151.215078,-33.865767],[151.215102,-33.865751],[151.215132,-33.865742],[151.215164,-33.865743],[151.215193,-33.865752],[151.215217,-33.865769],[151.215232,-33.86579],[151.215238,-33.865814],[151.215235,-33.865839],[151.215223,-33.865861],[151.215202,-33.865879],[151.215177,-33.86589],[151.215148,-33.865894],[151.215118,-33.865891],[151.215092,-33.86588]]]}},{"type":"Feature","properties":{"k":"wood"},"geometry":{"type":"Polygon","coordinates":[[[151.206076,-33.858592],[151.205988,-33.858577],[151.206027,-33.858418],[151.206043,-33.858388],[151.206072,-33.858326],[151.206101,-33.858303],[151.20614,-33.858309],[151.206077,-33.858412],[151.206076,-33.858592]]]}},{"type":"Feature","properties":{"k":"park"},"geometry":{"type":"Polygon","coordinates":[[[151.207645,-33.856525],[151.207488,-33.856454],[151.207481,-33.856453],[151.207469,-33.856453],[151.207456,-33.85646],[151.207449,-33.856468],[151.207445,-33.856476],[151.207455,-33.856492],[151.207693,-33.856596],[151.208107,-33.856784],[151.208127,-33.856747],[151.207709,-33.856563],[151.207699,-33.85655],[151.207686,-33.856542],[151.207674,-33.856538],[151.207653,-33.856534],[151.207645,-33.856525]]]}},{"type":"Feature","properties":{"k":"park"},"geometry":{"type":"Polygon","coordinates":[[[151.20816,-33.857025],[151.208098,-33.857128],[151.208202,-33.857131],[151.208202,-33.857108],[151.208202,-33.857025],[151.20816,-33.857025]]]}},{"type":"Feature","properties":{"k":"scrub"},"geometry":{"type":"Polygon","coordinates":[[[151.204822,-33.861167],[151.204824,-33.861146],[151.204754,-33.861139],[151.204681,-33.861126],[151.204592,-33.8611],[151.204497,-33.861059],[151.204441,-33.861025],[151.204372,-33.86097],[151.204328,-33.860916],[151.204279,-33.860833],[151.20425,-33.860767],[151.204235,-33.860693],[151.204235,-33.860611],[151.204248,-33.860531],[151.204283,-33.860437],[151.204327,-33.860369],[151.204407,-33.860277],[151.204469,-33.860225],[151.204548,-33.860183],[151.204627,-33.86015],[151.204719,-33.860131],[151.204797,-33.860118],[151.204878,-33.860118],[151.204961,-33.860121],[151.205038,-33.860134],[151.205114,-33.860159],[151.205181,-33.860191],[151.205241,-33.860227],[151.205302,-33.860271],[151.205313,-33.860249],[151.205306,-33.860223],[151.205273,-33.860213],[151.20522,-33.860182],[151.205142,-33.860143],[151.20505,-33.86011],[151.20495,-33.860097],[151.204836,-33.860094],[151.204747,-33.860103],[151.204677,-33.86012],[151.204575,-33.860151],[151.204524,-33.860177],[151.204419,-33.860239],[151.204369,-33.860278],[151.204323,-33.86033],[151.204287,-33.860386],[151.204253,-33.860447],[151.20423,-33.860513],[151.204217,-33.860576],[151.204216,-33.860619],[151.204214,-33.860655],[151.204216,-33.860695],[151.204224,-33.860737],[151.204243,-33.860802],[151.204272,-33.860858],[151.204314,-33.860926],[151.204362,-33.860983],[151.204441,-33.861042],[151.204508,-33.861084],[151.204608,-33.861125],[151.204695,-33.861149],[151.204777,-33.861164],[151.204822,-33.861167]]]}},{"type":"Feature","properties":{"k":"wood"},"geometry":{"type":"Polygon","coordinates":[[[151.204657,-33.862057],[151.204941,-33.86154],[151.204871,-33.861513],[151.204791,-33.861465],[151.204712,-33.86166],[151.204778,-33.861684],[151.204706,-33.861878],[151.204241,-33.861759],[151.204192,-33.861652],[151.204178,-33.861571],[151.204166,-33.861541],[151.204149,-33.861531],[151.204137,-33.861657],[151.204157,-33.861806],[151.204172,-33.86197],[151.204657,-33.862057]]]}},{"type":"Feature","properties":{"k":"park"},"geometry":{"type":"Polygon","coordinates":[[[151.204171,-33.858698],[151.204145,-33.858759],[151.204148,-33.858778],[151.204161,-33.858777],[151.204363,-33.858612],[151.204325,-33.858567],[151.20431,-33.858547],[151.204295,-33.858537],[151.204224,-33.858526],[151.203906,-33.858475],[151.203911,-33.858557],[151.203917,-33.858634],[151.203957,-33.858649],[151.204001,-33.858708],[151.204049,-33.858706],[151.204171,-33.858698]]]}},{"type":"Feature","properties":{"k":"park"},"geometry":{"type":"Polygon","coordinates":[[[151.202255,-33.87903],[151.202271,-33.879076],[151.202328,-33.879062],[151.202311,-33.879016],[151.202255,-33.87903]]]}},{"type":"Feature","properties":{"k":"park"},"geometry":{"type":"Polygon","coordinates":[[[151.202218,-33.878919],[151.202235,-33.878965],[151.202291,-33.878951],[151.202275,-33.878905],[151.202218,-33.878919]]]}},{"type":"Feature","properties":{"k":"park"},"geometry":{"type":"Polygon","coordinates":[[[151.202192,-33.878838],[151.202209,-33.878884],[151.202265,-33.87887],[151.202248,-33.878824],[151.202192,-33.878838]]]}},{"type":"Feature","properties":{"k":"park"},"geometry":{"type":"Polygon","coordinates":[[[151.202115,-33.878632],[151.202132,-33.878678],[151.202188,-33.878664],[151.202171,-33.878618],[151.202115,-33.878632]]]}},{"type":"Feature","properties":{"k":"grass"},"geometry":{"type":"Polygon","coordinates":[[[151.202092,-33.878573],[151.202148,-33.878561],[151.202124,-33.878492],[151.202154,-33.878484],[151.202058,-33.878188],[151.201976,-33.878207],[151.202092,-33.878573]]]}},{"type":"Feature","properties":{"k":"wood"},"geometry":{"type":"Polygon","coordinates":[[[151.202276,-33.878477],[151.202295,-33.878531],[151.202517,-33.878575],[151.202466,-33.878142],[151.202411,-33.878151],[151.202422,-33.878238],[151.202448,-33.878439],[151.202276,-33.878477]]]}},{"type":"Feature","properties":{"k":"grass"},"geometry":{"type":"Polygon","coordinates":[[[151.201957,-33.878151],[151.202025,-33.878136],[151.202003,-33.878098],[151.201973,-33.878053],[151.20194,-33.878012],[151.201924,-33.877975],[151.201919,-33.877917],[151.20193,-33.877885],[151.201934,-33.877865],[151.201917,-33.877823],[151.201854,-33.877837],[151.201957,-33.878151]]]}},{"type":"Feature","properties":{"k":"grass"},"geometry":{"type":"Polygon","coordinates":[[[151.201938,-33.877784],[151.201909,-33.877702],[151.202016,-33.877676],[151.202032,-33.87772],[151.20197,-33.877735],[151.201983,-33.877773],[151.201938,-33.877784]]]}},{"type":"Feature","properties":{"k":"park"},"geometry":{"type":"Polygon","coordinates":[[[151.202453,-33.877661],[151.202456,-33.877687],[151.202464,-33.877778],[151.202466,-33.877792],[151.203039,-33.877871],[151.203042,-33.877854],[151.203073,-33.877696],[151.202702,-33.877632],[151.202661,-33.877628],[151.20263,-33.877626],[151.202453,-33.877661]]]}},{"type":"Feature","properties":{"k":"scrub"},"geometry":{"type":"Polygon","coordinates":[[[151.201075,-33.877325],[151.201031,-33.877366],[151.201135,-33.877341],[151.20116,-33.877343],[151.20118,-33.877352],[151.201211,-33.877376],[151.201227,-33.877366],[151.201206,-33.877348],[151.201184,-33.877335],[151.201159,-33.877325],[151.201135,-33.87732],[151.201113,-33.877318],[151.201075,-33.877325]]]}},{"type":"Feature","properties":{"k":"scrub"},"geometry":{"type":"Polygon","coordinates":[[[151.201211,-33.877415],[151.201189,-33.877383],[151.201173,-33.877366],[151.201153,-33.87736],[151.201125,-33.877357],[151.200875,-33.877423],[151.200889,-33.877431],[151.20091,-33.877438],[151.200923,-33.877449],[151.200936,-33.877457],[151.200951,-33.877461],[151.200984,-33.877467],[151.200983,-33.877412],[151.201211,-33.877415]]]}},{"type":"Feature","properties":{"k":"scrub"},"geometry":{"type":"Polygon","coordinates":[[[151.200747,-33.877402],[151.200584,-33.877443],[151.200578,-33.877451],[151.200578,-33.877458],[151.200588,-33.877465],[151.200669,-33.877479],[151.200707,-33.877481],[151.200757,-33.877484],[151.200756,-33.877474],[151.200747,-33.877402]]]}},{"type":"Feature","properties":{"k":"scrub"},"geometry":{"type":"Polygon","coordinates":[[[151.200941,-33.877809],[151.200969,-33.877859],[151.20075,-33.877932],[151.200717,-33.877954],[151.200699,-33.877934],[151.200672,-33.877914],[151.200634,-33.877898],[151.20065,-33.877866],[151.200672,-33.877848],[151.200704,-33.877838],[151.200941,-33.877809]]]}},{"type":"Feature","properties":{"k":"park"},"geometry":{"type":"Polygon","coordinates":[[[151.200841,-33.878012],[151.200781,-33.87803],[151.200777,-33.878073],[151.200836,-33.878176],[151.200858,-33.878193],[151.20101,-33.87847],[151.201089,-33.878444],[151.201084,-33.878432],[151.200875,-33.87798],[151.200852,-33.877987],[151.200841,-33.878012]]]}},{"type":"Feature","properties":{"k":"wood"},"geometry":{"type":"Polygon","coordinates":[[[151.213733,-33.864888],[151.213641,-33.864917],[151.213589,-33.864976],[151.213554,-33.865031],[151.213553,-33.865085],[151.213571,-33.865111],[151.213594,-33.865082],[151.21362,-33.865061],[151.213685,-33.865026],[151.21369,-33.864987],[151.21372,-33.864918],[151.213733,-33.864888]]]}},{"type":"Feature","properties":{"k":"wood"},"geometry":{"type":"Polygon","coordinates":[[[151.213568,-33.865351],[151.213457,-33.865385],[151.213397,-33.86536],[151.213337,-33.865251],[151.213371,-33.865181],[151.213549,-33.865223],[151.213568,-33.865351]]]}},{"type":"Feature","properties":{"k":"grass"},"geometry":{"type":"Polygon","coordinates":[[[151.218706,-33.880087],[151.218723,-33.880087],[151.218757,-33.880114],[151.218758,-33.880128],[151.218704,-33.880177],[151.218687,-33.880178],[151.218649,-33.88015],[151.21865,-33.880136],[151.218706,-33.880087]]]}},{"type":"Feature","properties":{"k":"grass"},"geometry":{"type":"Polygon","coordinates":[[[151.218629,-33.880026],[151.218647,-33.880027],[151.218681,-33.880054],[151.218682,-33.880068],[151.218628,-33.880117],[151.218611,-33.880118],[151.218573,-33.880089],[151.218573,-33.880075],[151.218629,-33.880026]]]}},{"type":"Feature","properties":{"k":"scrub"},"geometry":{"type":"Polygon","coordinates":[[[151.202188,-33.877088],[151.202195,-33.877102],[151.202285,-33.877074],[151.202405,-33.877048],[151.202503,-33.877037],[151.202602,-33.877033],[151.202695,-33.877039],[151.202785,-33.877052],[151.202791,-33.877039],[151.202696,-33.877027],[151.202607,-33.877023],[151.202579,-33.877023],[151.2025,-33.877024],[151.202437,-33.877033],[151.202324,-33.877052],[151.202212,-33.87708],[151.202188,-33.877088]]]}},{"type":"Feature","properties":{"k":"grass"},"geometry":{"type":"Polygon","coordinates":[[[151.201194,-33.874921],[151.20124,-33.874901],[151.200958,-33.874479],[151.20091,-33.874492],[151.200954,-33.874557],[151.201005,-33.874634],[151.201032,-33.874675],[151.201053,-33.874707],[151.201111,-33.874794],[151.201144,-33.874845],[151.201181,-33.8749],[151.201194,-33.874921]]]}},{"type":"Feature","properties":{"k":"scrub"},"geometry":{"type":"Polygon","coordinates":[[[151.201111,-33.874794],[151.201081,-33.874807],[151.201114,-33.874858],[151.201144,-33.874845],[151.201111,-33.874794]]]}},{"type":"Feature","properties":{"k":"scrub"},"geometry":{"type":"Polygon","coordinates":[[[151.201181,-33.8749],[151.201151,-33.874914],[151.201164,-33.874935],[151.201194,-33.874921],[151.201181,-33.8749]]]}},{"type":"Feature","properties":{"k":"scrub"},"geometry":{"type":"Polygon","coordinates":[[[151.201207,-33.874939],[151.201176,-33.874953],[151.201196,-33.874985],[151.201227,-33.874971],[151.201207,-33.874939]]]}},{"type":"Feature","properties":{"k":"scrub"},"geometry":{"type":"Polygon","coordinates":[[[151.201266,-33.875028],[151.201236,-33.875042],[151.201264,-33.875083],[151.201264,-33.875109],[151.201285,-33.87511],[151.201285,-33.875057],[151.201266,-33.875028]]]}},{"type":"Feature","properties":{"k":"scrub"},"geometry":{"type":"Polygon","coordinates":[[[151.201053,-33.874707],[151.201021,-33.874721],[151.201001,-33.874689],[151.201032,-33.874675],[151.201053,-33.874707]]]}},{"type":"Feature","properties":{"k":"scrub"},"geometry":{"type":"Polygon","coordinates":[[[151.200954,-33.874557],[151.200923,-33.874571],[151.200974,-33.874648],[151.201005,-33.874634],[151.200954,-33.874557]]]}},{"type":"Feature","properties":{"k":"wood"},"geometry":{"type":"Polygon","coordinates":[[[151.201799,-33.87506],[151.201777,-33.875172],[151.201675,-33.875169],[151.201638,-33.875169],[151.201619,-33.875155],[151.201564,-33.875168],[151.201562,-33.875181],[151.201501,-33.875197],[151.201466,-33.875208],[151.201444,-33.875217],[151.201441,-33.875212],[151.201431,-33.875197],[151.201531,-33.875149],[151.201799,-33.87506]]]}},{"type":"Feature","properties":{"k":"wood"},"geometry":{"type":"Polygon","coordinates":[[[151.202279,-33.875295],[151.202205,-33.875358],[151.202273,-33.875449],[151.202303,-33.875502],[151.202327,-33.875554],[151.202427,-33.875565],[151.20242,-33.875526],[151.202398,-33.875458],[151.202347,-33.875368],[151.202279,-33.875295]]]}},{"type":"Feature","properties":{"k":"scrub"},"geometry":{"type":"Polygon","coordinates":[[[151.202411,-33.875578],[151.20233,-33.875571],[151.202341,-33.875618],[151.202426,-33.87563],[151.202411,-33.875578]]]}},{"type":"Feature","properties":{"k":"wood"},"geometry":{"type":"Polygon","coordinates":[[[151.202338,-33.875636],[151.202343,-33.875673],[151.202542,-33.875704],[151.202553,-33.875648],[151.202444,-33.87563],[151.202451,-33.875646],[151.202338,-33.875636]]]}},{"type":"Feature","properties":{"k":"grass"},"geometry":{"type":"Polygon","coordinates":[[[151.208402,-33.862274],[151.208377,-33.862254],[151.208409,-33.862203],[151.208443,-33.862203],[151.208402,-33.862274]]]}},{"type":"Feature","properties":{"k":"park"},"geometry":{"type":"Polygon","coordinates":[[[151.208472,-33.862129],[151.208461,-33.862147],[151.208481,-33.862156],[151.208492,-33.862138],[151.208472,-33.862129]]]}},{"type":"Feature","properties":{"k":"park"},"geometry":{"type":"Polygon","coordinates":[[[151.209403,-33.860474],[151.209394,-33.860479],[151.209389,-33.860491],[151.209383,-33.860552],[151.209387,-33.860559],[151.209394,-33.860562],[151.209456,-33.86057],[151.209467,-33.860568],[151.209474,-33.860563],[151.209479,-33.860557],[151.209489,-33.86048],[151.209403,-33.860474]]]}},{"type":"Feature","properties":{"k":"park"},"geometry":{"type":"Polygon","coordinates":[[[151.209469,-33.860636],[151.209463,-33.860624],[151.209454,-33.860615],[151.209442,-33.860611],[151.209407,-33.860607],[151.209392,-33.86061],[151.209384,-33.860616],[151.209377,-33.860662],[151.209396,-33.86067],[151.209425,-33.860688],[151.209431,-33.860696],[151.209431,-33.860709],[151.20946,-33.860711],[151.209463,-33.86068],[151.209469,-33.860636]]]}},{"type":"Feature","properties":{"k":"grass"},"geometry":{"type":"Polygon","coordinates":[[[151.209336,-33.860469],[151.209345,-33.860477],[151.20935,-33.860485],[151.209352,-33.860495],[151.209347,-33.860553],[151.20934,-33.860559],[151.209332,-33.860561],[151.209174,-33.860551],[151.209166,-33.860547],[151.209162,-33.86054],[151.20917,-33.860474],[151.209174,-33.860467],[151.209181,-33.860462],[151.209191,-33.860458],[151.209336,-33.860469]]]}},{"type":"Feature","properties":{"k":"park"},"geometry":{"type":"Polygon","coordinates":[[[151.208929,-33.860608],[151.208952,-33.860612],[151.208976,-33.860609],[151.208998,-33.860599],[151.209014,-33.860585],[151.209023,-33.860566],[151.209024,-33.860546],[151.209016,-33.860526],[151.209002,-33.86051],[151.208981,-33.8605],[151.208957,-33.860495],[151.208936,-33.860497],[151.208916,-33.860504],[151.2089,-33.860516],[151.208889,-33.860531],[151.208884,-33.860548],[151.208885,-33.860566],[151.208892,-33.860582],[151.208908,-33.860598],[151.208929,-33.860608]]]}},{"type":"Feature","properties":{"k":"park"},"geometry":{"type":"Polygon","coordinates":[[[151.209735,-33.859374],[151.209753,-33.859378],[151.209772,-33.859378],[151.209789,-33.859372],[151.209804,-33.859362],[151.209813,-33.859349],[151.209818,-33.859334],[151.209816,-33.859319],[151.209808,-33.859304],[151.209796,-33.859293],[151.209779,-33.859286],[151.209761,-33.859283],[151.209741,-33.859285],[151.209724,-33.859293],[151.209711,-33.859305],[151.209704,-33.859321],[151.209703,-33.859337],[151.209709,-33.859352],[151.20972,-33.859365],[151.209735,-33.859374]]]}},{"type":"Feature","properties":{"k":"grass"},"geometry":{"type":"Polygon","coordinates":[[[151.209294,-33.861001],[151.20929,-33.86103],[151.209279,-33.861043],[151.209258,-33.861045],[151.209237,-33.861033],[151.209201,-33.860996],[151.20914,-33.860928],[151.209067,-33.86084],[151.209025,-33.860781],[151.209,-33.860727],[151.208982,-33.860667],[151.208982,-33.860647],[151.208994,-33.860639],[151.209009,-33.860632],[151.209027,-33.860622],[151.209044,-33.86061],[151.209055,-33.860589],[151.209061,-33.860585],[151.209068,-33.860583],[151.209293,-33.860599],[151.209255,-33.860998],[151.209294,-33.861001]]]}},{"type":"Feature","properties":{"k":"grass"},"geometry":{"type":"Polygon","coordinates":[[[151.208759,-33.860597],[151.20883,-33.860609],[151.208877,-33.860625],[151.208911,-33.860645],[151.20893,-33.860662],[151.208945,-33.860686],[151.208963,-33.860722],[151.20899,-33.860781],[151.209009,-33.860814],[151.209041,-33.860859],[151.209094,-33.860923],[151.209207,-33.86105],[151.209229,-33.86107],[151.209236,-33.861087],[151.209238,-33.861108],[151.209238,-33.861139],[151.209231,-33.861148],[151.209219,-33.861154],[151.209208,-33.861156],[151.208619,-33.86111],[151.208633,-33.861032],[151.208707,-33.860616],[151.20871,-33.860608],[151.208715,-33.860602],[151.20873,-33.860597],[151.208759,-33.860597]]]}},{"type":"Feature","properties":{"k":"grass"},"geometry":{"type":"Polygon","coordinates":[[[151.20948,-33.86092],[151.209469,-33.860885],[151.209461,-33.860825],[151.20946,-33.860752],[151.20946,-33.860711],[151.209431,-33.860709],[151.209405,-33.860913],[151.20948,-33.86092]]]}},{"type":"Feature","properties":{"k":"park"},"geometry":{"type":"Polygon","coordinates":[[[151.210648,-33.864218],[151.210634,-33.864271],[151.210567,-33.864213],[151.21057,-33.864203],[151.21062,-33.8642],[151.210632,-33.864209],[151.210648,-33.864218]]]}},{"type":"Feature","properties":{"k":"park"},"geometry":{"type":"Polygon","coordinates":[[[151.210762,-33.86423],[151.210749,-33.86425],[151.210679,-33.864308],[151.210715,-33.86434],[151.210866,-33.864307],[151.21087,-33.864239],[151.210788,-33.864233],[151.210773,-33.864229],[151.210762,-33.86423]]]}},{"type":"Feature","properties":{"k":"park"},"geometry":{"type":"Polygon","coordinates":[[[151.210743,-33.864363],[151.210796,-33.864404],[151.210851,-33.864387],[151.210857,-33.864339],[151.210743,-33.864363]]]}},{"type":"Feature","properties":{"k":"scrub"},"geometry":{"type":"Polygon","coordinates":[[[151.198094,-33.869879],[151.198079,-33.869872],[151.19806,-33.869849],[151.198046,-33.869814],[151.198036,-33.869777],[151.198046,-33.869698],[151.198058,-33.869657],[151.198065,-33.869618],[151.198073,-33.869605],[151.198094,-33.869602],[151.198103,-33.869608],[151.198111,-33.869614],[151.198112,-33.869647],[151.198112,-33.869676],[151.19812,-33.869695],[151.198124,-33.869702],[151.198138,-33.86974],[151.19814,-33.869765],[151.198141,-33.869787],[151.198138,-33.869808],[151.198132,-33.869836],[151.198134,-33.869863],[151.198148,-33.869883],[151.198167,-33.869903],[151.198094,-33.869879]]]}},{"type":"Feature","properties":{"k":"grass"},"geometry":{"type":"Polygon","coordinates":[[[151.198138,-33.869808],[151.198206,-33.86964],[151.198206,-33.869627],[151.198197,-33.869616],[151.198173,-33.86961],[151.198103,-33.869608],[151.198111,-33.869614],[151.198112,-33.869647],[151.198112,-33.869676],[151.19812,-33.869695],[151.198124,-33.869702],[151.198138,-33.86974],[151.19814,-33.869765],[151.198141,-33.869787],[151.198138,-33.869808]]]}},{"type":"Feature","properties":{"k":"grass"},"geometry":{"type":"Polygon","coordinates":[[[151.198065,-33.869618],[151.198058,-33.869107],[151.198078,-33.869107],[151.198094,-33.869109],[151.198119,-33.869115],[151.198139,-33.869134],[151.198227,-33.869255],[151.198202,-33.869264],[151.198188,-33.869252],[151.19817,-33.869246],[151.198143,-33.869246],[151.198122,-33.869254],[151.19811,-33.869264],[151.198102,-33.869279],[151.198099,-33.869291],[151.198099,-33.869304],[151.198103,-33.869317],[151.198088,-33.869321],[151.198092,-33.869332],[151.198092,-33.869362],[151.198092,-33.869393],[151.198092,-33.869423],[151.198092,-33.869454],[151.198092,-33.869484],[151.198092,-33.869515],[151.198092,-33.869545],[151.198092,-33.869576],[151.198197,-33.869609],[151.198197,-33.869616],[151.198173,-33.86961],[151.198103,-33.869608],[151.198094,-33.869602],[151.198073,-33.869605],[151.198065,-33.869618]]]}},{"type":"Feature","properties":{"k":"park"},"geometry":{"type":"Polygon","coordinates":[[[151.217756,-33.868291],[151.217793,-33.868227],[151.217898,-33.868016],[151.218039,-33.868147],[151.21814,-33.86807],[151.218179,-33.868126],[151.218287,-33.868277],[151.218314,-33.868265],[151.218329,-33.868288],[151.218346,-33.868345],[151.218347,-33.868358],[151.218347,-33.868372],[151.218342,-33.868418],[151.218335,-33.868449],[151.218318,-33.868496],[151.218295,-33.868541],[151.218262,-33.868586],[151.218226,-33.868627],[151.218185,-33.868661],[151.21814,-33.868691],[151.218088,-33.868718],[151.218028,-33.868744],[151.217939,-33.868773],[151.21788,-33.868651],[151.217844,-33.868637],[151.217736,-33.86844],[151.217748,-33.868429],[151.217756,-33.868291]]]}},{"type":"Feature","properties":{"k":"grass"},"geometry":{"type":"Polygon","coordinates":[[[151.217312,-33.868141],[151.217291,-33.868133],[151.217275,-33.868119],[151.217267,-33.8681],[151.217267,-33.868081],[151.217275,-33.868063],[151.217292,-33.868049],[151.217314,-33.86804],[151.217338,-33.868039],[151.21736,-33.868046],[151.217378,-33.868059],[151.21739,-33.868079],[151.21739,-33.8681],[151.217381,-33.86812],[151.217362,-33.868135],[151.217338,-33.868143],[151.217312,-33.868141]]]}},{"type":"Feature","properties":{"k":"park"},"geometry":{"type":"Polygon","coordinates":[[[151.206776,-33.864234],[151.206775,-33.864246],[151.207113,-33.864249],[151.207114,-33.864167],[151.207096,-33.864153],[151.207095,-33.864215],[151.207033,-33.864215],[151.207008,-33.864237],[151.206776,-33.864234]]]}},{"type":"Feature","properties":{"k":"park"},"geometry":{"type":"Polygon","coordinates":[[[151.206562,-33.863653],[151.206489,-33.863707],[151.206544,-33.863757],[151.206587,-33.863725],[151.20659,-33.863678],[151.206562,-33.863653]]]}},{"type":"Feature","properties":{"k":"park"},"geometry":{"type":"Polygon","coordinates":[[[151.206942,-33.867057],[151.206941,-33.867068],[151.206864,-33.867062],[151.206865,-33.867051],[151.206942,-33.867057]]]}},{"type":"Feature","properties":{"k":"park"},"geometry":{"type":"Polygon","coordinates":[[[151.206937,-33.867107],[151.206935,-33.867118],[151.206858,-33.867112],[151.206859,-33.867101],[151.206937,-33.867107]]]}},{"type":"Feature","properties":{"k":"park"},"geometry":{"type":"Polygon","coordinates":[[[151.209444,-33.862562],[151.209453,-33.862587],[151.209464,-33.862603],[151.209475,-33.862613],[151.209493,-33.862626],[151.209507,-33.862613],[151.209444,-33.862562]]]}},{"type":"Feature","properties":{"k":"park"},"geometry":{"type":"Polygon","coordinates":[[[151.209308,-33.862511],[151.209357,-33.86255],[151.209331,-33.862491],[151.209308,-33.862511]]]}},{"type":"Feature","properties":{"k":"park"},"geometry":{"type":"Polygon","coordinates":[[[151.206783,-33.873211],[151.206803,-33.873053],[151.206805,-33.87305],[151.206809,-33.873047],[151.206819,-33.873047],[151.2068,-33.873198],[151.206791,-33.873206],[151.206783,-33.873211]]]}},{"type":"Feature","properties":{"k":"park"},"geometry":{"type":"Polygon","coordinates":[[[151.206895,-33.873163],[151.206893,-33.87318],[151.206916,-33.873182],[151.206918,-33.873165],[151.206895,-33.873163]]]}},{"type":"Feature","properties":{"k":"park"},"geometry":{"type":"Polygon","coordinates":[[[151.206881,-33.873255],[151.206879,-33.873272],[151.206902,-33.873274],[151.206904,-33.873257],[151.206881,-33.873255]]]}},{"type":"Feature","properties":{"k":"park"},"geometry":{"type":"Polygon","coordinates":[[[151.206869,-33.873349],[151.206867,-33.873366],[151.20689,-33.873368],[151.206892,-33.873351],[151.206869,-33.873349]]]}},{"type":"Feature","properties":{"k":"park"},"geometry":{"type":"Polygon","coordinates":[[[151.206862,-33.873389],[151.20686,-33.873406],[151.206883,-33.873408],[151.206885,-33.87339],[151.206862,-33.873389]]]}},{"type":"Feature","properties":{"k":"park"},"geometry":{"type":"Polygon","coordinates":[[[151.206858,-33.873425],[151.206856,-33.873443],[151.206878,-33.873444],[151.20688,-33.873427],[151.206858,-33.873425]]]}},{"type":"Feature","properties":{"k":"park"},"geometry":{"type":"Polygon","coordinates":[[[151.206862,-33.873451],[151.206856,-33.873494],[151.206867,-33.873495],[151.206873,-33.873452],[151.206862,-33.873451]]]}},{"type":"Feature","properties":{"k":"park"},"geometry":{"type":"Polygon","coordinates":[[[151.206748,-33.873034],[151.206751,-33.873032],[151.206766,-33.873037],[151.20678,-33.873044],[151.20678,-33.873047],[151.206764,-33.873041],[151.206748,-33.873034]]]}},{"type":"Feature","properties":{"k":"park"},"geometry":{"type":"Polygon","coordinates":[[[151.206639,-33.874241],[151.206628,-33.874249],[151.206614,-33.874248],[151.206617,-33.874223],[151.20661,-33.874216],[151.206612,-33.874196],[151.206629,-33.874182],[151.206633,-33.874154],[151.20665,-33.874155],[151.206641,-33.874219],[151.206639,-33.874241]]]}},{"type":"Feature","properties":{"k":"park"},"geometry":{"type":"Polygon","coordinates":[[[151.206771,-33.873293],[151.206749,-33.873459],[151.206761,-33.87346],[151.206784,-33.873306],[151.206781,-33.8733],[151.206777,-33.873296],[151.206771,-33.873293]]]}},{"type":"Feature","properties":{"k":"park"},"geometry":{"type":"Polygon","coordinates":[[[151.213593,-33.863471],[151.213491,-33.863478],[151.213275,-33.863494],[151.213214,-33.863472],[151.213183,-33.863458],[151.213173,-33.863447],[151.21317,-33.863434],[151.21317,-33.863427],[151.213228,-33.863422],[151.213487,-33.863402],[151.213489,-33.863392],[151.213544,-33.863394],[151.21358,-33.8634],[151.213602,-33.86341],[151.213623,-33.863433],[151.213634,-33.863456],[151.213634,-33.863468],[151.213593,-33.863471]]]}},{"type":"Feature","properties":{"k":"grass"},"geometry":{"type":"Polygon","coordinates":[[[151.213242,-33.863193],[151.213254,-33.863196],[151.213279,-33.863239],[151.21328,-33.863249],[151.213274,-33.863254],[151.2132,-33.86326],[151.213192,-33.863205],[151.213242,-33.863193]]]}},{"type":"Feature","properties":{"k":"grass"},"geometry":{"type":"Polygon","coordinates":[[[151.213131,-33.863218],[151.213136,-33.863266],[151.213067,-33.863272],[151.213061,-33.863225],[151.213131,-33.863218]]]}},{"type":"Feature","properties":{"k":"wood"},"geometry":{"type":"Polygon","coordinates":[[[151.213942,-33.861932],[151.213964,-33.862003],[151.213993,-33.862085],[151.214015,-33.862176],[151.214002,-33.862311],[151.213982,-33.862493],[151.213954,-33.862633],[151.213917,-33.862744],[151.213874,-33.862829],[151.213898,-33.862839],[151.214045,-33.862626],[151.214035,-33.862511],[151.214051,-33.862054],[151.213942,-33.861932]]]}},{"type":"Feature","properties":{"k":"scrub"},"geometry":{"type":"Polygon","coordinates":[[[151.206293,-33.858188],[151.206253,-33.858168],[151.206251,-33.858159],[151.206251,-33.858147],[151.206302,-33.858073],[151.206323,-33.858073],[151.206335,-33.858068],[151.206345,-33.858062],[151.206354,-33.858053],[151.206359,-33.858046],[151.206391,-33.858054],[151.206293,-33.858188]]]}},{"type":"Feature","properties":{"k":"scrub"},"geometry":{"type":"Polygon","coordinates":[[[151.206093,-33.858818],[151.206077,-33.858807],[151.206069,-33.858794],[151.206069,-33.858778],[151.206001,-33.858767],[151.206006,-33.858748],[151.206209,-33.858786],[151.206258,-33.858799],[151.206276,-33.858805],[151.206243,-33.858857],[151.206093,-33.858818]]]}},{"type":"Feature","properties":{"k":"grass"},"geometry":{"type":"Polygon","coordinates":[[[151.206205,-33.858933],[151.206142,-33.859054],[151.206112,-33.859073],[151.206076,-33.85909],[151.206052,-33.859094],[151.206018,-33.859096],[151.205993,-33.859093],[151.205994,-33.859054],[151.205992,-33.859009],[151.205977,-33.858961],[151.205963,-33.858925],[151.20595,-33.858904],[151.205942,-33.858895],[151.205984,-33.858885],[151.206012,-33.858883],[151.206039,-33.858882],[151.206068,-33.858885],[151.206064,-33.858896],[151.206205,-33.858933]]]}},{"type":"Feature","properties":{"k":"grass"},"geometry":{"type":"Polygon","coordinates":[[[151.206088,-33.85883],[151.206053,-33.858827],[151.205996,-33.858829],[151.205948,-33.858837],[151.20591,-33.85885],[151.205902,-33.858851],[151.205802,-33.858814],[151.205778,-33.858802],[151.205757,-33.858783],[151.205949,-33.858775],[151.206001,-33.858767],[151.206069,-33.858778],[151.206069,-33.858794],[151.206077,-33.858807],[151.206093,-33.858818],[151.206088,-33.85883]]]}},{"type":"Feature","properties":{"k":"grass"},"geometry":{"type":"Polygon","coordinates":[[[151.206128,-33.859126],[151.206141,-33.859099],[151.206108,-33.859119],[151.206053,-33.859128],[151.206024,-33.859129],[151.205985,-33.859125],[151.205947,-33.859205],[151.206028,-33.859228],[151.205949,-33.859423],[151.205919,-33.859415],[151.205879,-33.859513],[151.205827,-33.859499],[151.205865,-33.859419],[151.205839,-33.859412],[151.205747,-33.859612],[151.205708,-33.859679],[151.205595,-33.859809],[151.205518,-33.859893],[151.205514,-33.859929],[151.205585,-33.859855],[151.205798,-33.859619],[151.205997,-33.859392],[151.206128,-33.859126]]]}},{"type":"Feature","properties":{"k":"grass"},"geometry":{"type":"Polygon","coordinates":[[[151.201611,-33.868981],[151.201599,-33.868879],[151.201609,-33.868873],[151.201625,-33.86887],[151.201639,-33.868871],[151.20166,-33.868881],[151.201684,-33.8689],[151.201703,-33.868925],[151.20171,-33.868973],[151.201611,-33.868981]]]}},{"type":"Feature","properties":{"k":"grass"},"geometry":{"type":"Polygon","coordinates":[[[151.20173,-33.868972],[151.201722,-33.868918],[151.201723,-33.868904],[151.201729,-33.868891],[151.201741,-33.868882],[151.201751,-33.868876],[151.201764,-33.868875],[151.20178,-33.868878],[151.201793,-33.868884],[151.201805,-33.868893],[151.201813,-33.868899],[151.201819,-33.868903],[151.201826,-33.868904],[151.201834,-33.868901],[151.201844,-33.868894],[151.201852,-33.868888],[151.201865,-33.868884],[151.201879,-33.868883],[151.201896,-33.868889],[151.201906,-33.868896],[151.201917,-33.868909],[151.201919,-33.868919],[151.201922,-33.868956],[151.20173,-33.868972]]]}},{"type":"Feature","properties":{"k":"park"},"geometry":{"type":"Polygon","coordinates":[[[151.201835,-33.868828],[151.20184,-33.868829],[151.201845,-33.86883],[151.20185,-33.868829],[151.201854,-33.868827],[151.201856,-33.868823],[151.201858,-33.86882],[151.201858,-33.868815],[151.201856,-33.868812],[151.201853,-33.868809],[151.201849,-33.868807],[151.201844,-33.868806],[151.201839,-33.868806],[151.201835,-33.868808],[151.201832,-33.868811],[151.20183,-33.868814],[151.201829,-33.868818],[151.20183,-33.868821],[151.201832,-33.868825],[151.201835,-33.868828]]]}},{"type":"Feature","properties":{"k":"park"},"geometry":{"type":"Polygon","coordinates":[[[151.206692,-33.873462],[151.206691,-33.873465],[151.206676,-33.873463],[151.206677,-33.87346],[151.206683,-33.873461],[151.206692,-33.873462]]]}},{"type":"Feature","properties":{"k":"wood"},"geometry":{"type":"Polygon","coordinates":[[[151.206737,-33.873013],[151.206714,-33.873022],[151.206707,-33.873014],[151.206675,-33.873],[151.206616,-33.872983],[151.206575,-33.872972],[151.206536,-33.872973],[151.206521,-33.872945],[151.206496,-33.872918],[151.20651,-33.872901],[151.20652,-33.872899],[151.206534,-33.872899],[151.206548,-33.872903],[151.206596,-33.872929],[151.206725,-33.872996],[151.206737,-33.873013]]]}},{"type":"Feature","properties":{"k":"park"},"geometry":{"type":"Polygon","coordinates":[[[151.19884,-33.891236],[151.198674,-33.891444],[151.198683,-33.891446],[151.19872,-33.891452],[151.198725,-33.891432],[151.198904,-33.891308],[151.19884,-33.891236]]]}},{"type":"Feature","properties":{"k":"scrub"},"geometry":{"type":"Polygon","coordinates":[[[151.200502,-33.874859],[151.200529,-33.874975],[151.200571,-33.874961],[151.200599,-33.874983],[151.200593,-33.875092],[151.200584,-33.875098],[151.200619,-33.87528],[151.200638,-33.875277],[151.200675,-33.875295],[151.20068,-33.875392],[151.200667,-33.875415],[151.200646,-33.875424],[151.20067,-33.875542],[151.200723,-33.875651],[151.200752,-33.875679],[151.200763,-33.875676],[151.200685,-33.875295],[151.200653,-33.875128],[151.200637,-33.875104],[151.20063,-33.875076],[151.20064,-33.875045],[151.200623,-33.874974],[151.200602,-33.874975],[151.200576,-33.874948],[151.200546,-33.874878],[151.200512,-33.874858],[151.200502,-33.874859]]]}},{"type":"Feature","properties":{"k":"scrub"},"geometry":{"type":"Polygon","coordinates":[[[151.200616,-33.874946],[151.200561,-33.874646],[151.200531,-33.874471],[151.200435,-33.874477],[151.200463,-33.874577],[151.200512,-33.874645],[151.200525,-33.874696],[151.20051,-33.874702],[151.200469,-33.874707],[151.20047,-33.874722],[151.200495,-33.87476],[151.200503,-33.874785],[151.200512,-33.874831],[151.200561,-33.874861],[151.200569,-33.87488],[151.200582,-33.874918],[151.200605,-33.874947],[151.200616,-33.874946]]]}},{"type":"Feature","properties":{"k":"scrub"},"geometry":{"type":"Polygon","coordinates":[[[151.198365,-33.874024],[151.198372,-33.874078],[151.198381,-33.874126],[151.198402,-33.874225],[151.198412,-33.874268],[151.19842,-33.874299],[151.198447,-33.874294],[151.198436,-33.87425],[151.198427,-33.87421],[151.198408,-33.874113],[151.198397,-33.874073],[151.198388,-33.874021],[151.198365,-33.874024]]]}},{"type":"Feature","properties":{"k":"scrub"},"geometry":{"type":"Polygon","coordinates":[[[151.200174,-33.877649],[151.200213,-33.87767],[151.200258,-33.877678],[151.200304,-33.877674],[151.200345,-33.877657],[151.200377,-33.877629],[151.200396,-33.877594],[151.2004,-33.877556],[151.200388,-33.877519],[151.200362,-33.877487],[151.200324,-33.877465],[151.20028,-33.877454],[151.200239,-33.877456],[151.2002,-33.877467],[151.200168,-33.877488],[151.200144,-33.877516],[151.200132,-33.877548],[151.200131,-33.877582],[151.200146,-33.877619],[151.200174,-33.877649]]]}},{"type":"Feature","properties":{"k":"scrub"},"geometry":{"type":"Polygon","coordinates":[[[151.200633,-33.877909],[151.200628,-33.877941],[151.200629,-33.87798],[151.20065,-33.87805],[151.200662,-33.878079],[151.200717,-33.878191],[151.200726,-33.878187],[151.200679,-33.878077],[151.200678,-33.878045],[151.200684,-33.87801],[151.200696,-33.877987],[151.200708,-33.87797],[151.200676,-33.877937],[151.200656,-33.877921],[151.200633,-33.877909]]]}},{"type":"Feature","properties":{"k":"scrub"},"geometry":{"type":"Polygon","coordinates":[[[151.200209,-33.877353],[151.200193,-33.877309],[151.20001,-33.877245],[151.20002,-33.877271],[151.200043,-33.877291],[151.200066,-33.877287],[151.200092,-33.877313],[151.20012,-33.877332],[151.200151,-33.87734],[151.200209,-33.877353]]]}},{"type":"Feature","properties":{"k":"scrub"},"geometry":{"type":"Polygon","coordinates":[[[151.199557,-33.87672],[151.19954,-33.876726],[151.199632,-33.876881],[151.199829,-33.877179],[151.199916,-33.877324],[151.199957,-33.877391],[151.199971,-33.87741],[151.199994,-33.877429],[151.200015,-33.877444],[151.200043,-33.877465],[151.200073,-33.877425],[151.200034,-33.877407],[151.200004,-33.877387],[151.199974,-33.877363],[151.199939,-33.877313],[151.199849,-33.877171],[151.199654,-33.876871],[151.199557,-33.87672]]]}},{"type":"Feature","properties":{"k":"scrub"},"geometry":{"type":"Polygon","coordinates":[[[151.200423,-33.876427],[151.200313,-33.876516],[151.200298,-33.876519],[151.200098,-33.876487],[151.200092,-33.87648],[151.200421,-33.876418],[151.200423,-33.876427]]]}},{"type":"Feature","properties":{"k":"grass"},"geometry":{"type":"Polygon","coordinates":[[[151.201924,-33.859466],[151.201948,-33.859497],[151.201991,-33.859507],[151.202038,-33.859507],[151.202086,-33.859494],[151.202113,-33.859474],[151.202139,-33.859441],[151.202158,-33.859403],[151.202164,-33.859362],[151.202162,-33.859318],[151.202152,-33.859279],[151.202135,-33.859248],[151.202116,-33.859229],[151.2021,-33.85922],[151.202075,-33.859217],[151.202053,-33.859221],[151.202046,-33.859262],[151.202038,-33.859308],[151.202022,-33.859342],[151.202005,-33.859376],[151.20199,-33.859403],[151.20196,-33.859438],[151.201924,-33.859466]]]}},{"type":"Feature","properties":{"k":"scrub"},"geometry":{"type":"Polygon","coordinates":[[[151.202206,-33.859094],[151.202168,-33.859129],[151.202134,-33.859158],[151.202112,-33.859168],[151.202122,-33.859179],[151.20214,-33.859198],[151.202171,-33.859246],[151.20221,-33.859229],[151.202255,-33.859218],[151.202284,-33.859217],[151.202282,-33.859192],[151.202269,-33.85917],[151.202226,-33.859114],[151.202206,-33.859094]]]}},{"type":"Feature","properties":{"k":"scrub"},"geometry":{"type":"Polygon","coordinates":[[[151.20218,-33.859264],[151.202196,-33.859299],[151.202206,-33.859341],[151.202205,-33.859381],[151.202193,-33.859427],[151.202184,-33.859448],[151.202213,-33.859458],[151.202255,-33.859459],[151.202288,-33.85945],[151.202301,-33.859434],[151.202303,-33.859408],[151.2023,-33.859361],[151.202292,-33.859245],[151.202259,-33.859244],[151.202229,-33.859248],[151.202201,-33.859257],[151.20218,-33.859264]]]}},{"type":"Feature","properties":{"k":"scrub"},"geometry":{"type":"Polygon","coordinates":[[[151.202132,-33.8587],[151.202152,-33.85874],[151.202132,-33.858727],[151.202111,-33.858705],[151.202132,-33.8587]]]}},{"type":"Feature","properties":{"k":"scrub"},"geometry":{"type":"Polygon","coordinates":[[[151.202113,-33.858653],[151.202096,-33.858605],[151.202049,-33.858612],[151.20207,-33.858629],[151.202087,-33.85866],[151.202113,-33.858653]]]}},{"type":"Feature","properties":{"k":"scrub"},"geometry":{"type":"Polygon","coordinates":[[[151.202051,-33.858498],[151.202089,-33.858587],[151.202031,-33.858589],[151.201994,-33.858561],[151.201953,-33.858538],[151.201922,-33.85852],[151.201907,-33.85851],[151.202051,-33.858498]]]}},{"type":"Feature","properties":{"k":"scrub"},"geometry":{"type":"Polygon","coordinates":[[[151.201977,-33.858347],[151.202034,-33.85848],[151.201881,-33.85849],[151.201865,-33.85847],[151.20186,-33.858448],[151.201863,-33.858424],[151.201879,-33.858399],[151.2019,-33.858373],[151.201927,-33.858359],[151.201977,-33.858347]]]}},{"type":"Feature","properties":{"k":"scrub"},"geometry":{"type":"Polygon","coordinates":[[[151.201841,-33.859585],[151.201605,-33.859596],[151.201605,-33.859574],[151.201758,-33.859544],[151.201822,-33.859525],[151.201838,-33.859554],[151.201841,-33.859585]]]}},{"type":"Feature","properties":{"k":"scrub"},"geometry":{"type":"Polygon","coordinates":[[[151.201862,-33.859523],[151.201876,-33.859509],[151.201911,-33.859528],[151.201953,-33.85954],[151.202025,-33.859543],[151.202075,-33.859537],[151.202142,-33.859507],[151.202169,-33.859484],[151.202202,-33.859492],[151.202262,-33.859488],[151.202284,-33.859491],[151.202297,-33.859504],[151.202304,-33.859528],[151.202303,-33.859548],[151.202297,-33.859563],[151.202255,-33.859565],[151.201883,-33.859583],[151.201874,-33.859546],[151.201862,-33.859523]]]}},{"type":"Feature","properties":{"k":"grass"},"geometry":{"type":"Polygon","coordinates":[[[151.200919,-33.859708],[151.201605,-33.859574],[151.201605,-33.859596],[151.201606,-33.859676],[151.200919,-33.859708]]]}},{"type":"Feature","properties":{"k":"scrub"},"geometry":{"type":"Polygon","coordinates":[[[151.218149,-33.890359],[151.218128,-33.890381],[151.218117,-33.890399],[151.218113,-33.890413],[151.218115,-33.890433],[151.218122,-33.890441],[151.218135,-33.890444],[151.218165,-33.890442],[151.218199,-33.890437],[151.218228,-33.890429],[151.218247,-33.890421],[151.218268,-33.890408],[151.218232,-33.890381],[151.218207,-33.890404],[151.218149,-33.890359]]]}},{"type":"Feature","properties":{"k":"scrub"},"geometry":{"type":"Polygon","coordinates":[[[151.218251,-33.890361],[151.21829,-33.890389],[151.218307,-33.89037],[151.218321,-33.89035],[151.218326,-33.890341],[151.218329,-33.890332],[151.218277,-33.890339],[151.218251,-33.890361]]]}},{"type":"Feature","properties":{"k":"park"},"geometry":{"type":"Polygon","coordinates":[[[151.203128,-33.871581],[151.203116,-33.8716],[151.203112,-33.871629],[151.203131,-33.871616],[151.203152,-33.871597],[151.20316,-33.871579],[151.203162,-33.871563],[151.203148,-33.87157],[151.203128,-33.871581]]]}},{"type":"Feature","properties":{"k":"park"},"geometry":{"type":"Polygon","coordinates":[[[151.203074,-33.871544],[151.20307,-33.871577],[151.203068,-33.871615],[151.203065,-33.871635],[151.203059,-33.871638],[151.203053,-33.871635],[151.203051,-33.871631],[151.203048,-33.871626],[151.203044,-33.871623],[151.203039,-33.87162],[151.203032,-33.871618],[151.203025,-33.871618],[151.203019,-33.87162],[151.203013,-33.871622],[151.203008,-33.871626],[151.203004,-33.871632],[151.203002,-33.871637],[151.203003,-33.871643],[151.203004,-33.871648],[151.203008,-33.871652],[151.203012,-33.871656],[151.203017,-33.871659],[151.203023,-33.87166],[151.203029,-33.87166],[151.203035,-33.871659],[151.20304,-33.871658],[151.203044,-33.871656],[151.203054,-33.871664],[151.203054,-33.871673],[151.203014,-33.87171],[151.202998,-33.871721],[151.202983,-33.871721],[151.202976,-33.871714],[151.202963,-33.871715],[151.202954,-33.871727],[151.202953,-33.871738],[151.202951,-33.871745],[151.20294,-33.871749],[151.202934,-33.871738],[151.202954,-33.871651],[151.203016,-33.871534],[151.203025,-33.871533],[151.203028,-33.87154],[151.203034,-33.871546],[151.203041,-33.87155],[151.20305,-33.871552],[151.203059,-33.871552],[151.203067,-33.871549],[151.203074,-33.871544]]]}},{"type":"Feature","properties":{"k":"park"},"geometry":{"type":"Polygon","coordinates":[[[151.203677,-33.87124],[151.203633,-33.871283],[151.203637,-33.871289],[151.203668,-33.871283],[151.203679,-33.871274],[151.203684,-33.871245],[151.203677,-33.87124]]]}},{"type":"Feature","properties":{"k":"park"},"geometry":{"type":"Polygon","coordinates":[[[151.203809,-33.871361],[151.203831,-33.871368],[151.203819,-33.87123],[151.203806,-33.871226],[151.203809,-33.871361]]]}},{"type":"Feature","properties":{"k":"park"},"geometry":{"type":"Polygon","coordinates":[[[151.203445,-33.871409],[151.203409,-33.871432],[151.20319,-33.871564],[151.203202,-33.87158],[151.203412,-33.871449],[151.203425,-33.871463],[151.20345,-33.871491],[151.203504,-33.87146],[151.203473,-33.871436],[151.203445,-33.871409]]]}},{"type":"Feature","properties":{"k":"park"},"geometry":{"type":"Polygon","coordinates":[[[151.206175,-33.861459],[151.206186,-33.861437],[151.206199,-33.861427],[151.206213,-33.861418],[151.206226,-33.861415],[151.206338,-33.861451],[151.206314,-33.861506],[151.206274,-33.861492],[151.206175,-33.861459]]]}},{"type":"Feature","properties":{"k":"scrub"},"geometry":{"type":"Polygon","coordinates":[[[151.204392,-33.863045],[151.204399,-33.863039],[151.20441,-33.863039],[151.204417,-33.863045],[151.204454,-33.863167],[151.204483,-33.863253],[151.204508,-33.863274],[151.204552,-33.863281],[151.20459,-33.863254],[151.204643,-33.863129],[151.204657,-33.863134],[151.204629,-33.863228],[151.2046,-33.86336],[151.204586,-33.86351],[151.204605,-33.863771],[151.204529,-33.863609],[151.204495,-33.86354],[151.204415,-33.863344],[151.204393,-33.863258],[151.20439,-33.863156],[151.204392,-33.863045]]]}},{"type":"Feature","properties":{"k":"scrub"},"geometry":{"type":"Polygon","coordinates":[[[151.204464,-33.863055],[151.204452,-33.863064],[151.204451,-33.863079],[151.204485,-33.863158],[151.204523,-33.863071],[151.204464,-33.863055]]]}},{"type":"Feature","properties":{"k":"scrub"},"geometry":{"type":"Polygon","coordinates":[[[151.204785,-33.863156],[151.204808,-33.863166],[151.204841,-33.863189],[151.204895,-33.863235],[151.204926,-33.863288],[151.204934,-33.863309],[151.204932,-33.86332],[151.204918,-33.863324],[151.204894,-33.863326],[151.204828,-33.863339],[151.204792,-33.863352],[151.20475,-33.863361],[151.204752,-33.863254],[151.204759,-33.863222],[151.204785,-33.863156]]]}},{"type":"Feature","properties":{"k":"scrub"},"geometry":{"type":"Polygon","coordinates":[[[151.204807,-33.863102],[151.204874,-33.863117],[151.204928,-33.863152],[151.204964,-33.863208],[151.205018,-33.863301],[151.205031,-33.863318],[151.205051,-33.863308],[151.20489,-33.863063],[151.20487,-33.863053],[151.204851,-33.86305],[151.20483,-33.863056],[151.204816,-33.863079],[151.204807,-33.863102]]]}},{"type":"Feature","properties":{"k":"scrub"},"geometry":{"type":"Polygon","coordinates":[[[151.205407,-33.862863],[151.205425,-33.862886],[151.20545,-33.862933],[151.205476,-33.863164],[151.205497,-33.863225],[151.205494,-33.863229],[151.205478,-33.863224],[151.205441,-33.863205],[151.205407,-33.863165],[151.205404,-33.863144],[151.205394,-33.862943],[151.205407,-33.862863]]]}},{"type":"Feature","properties":{"k":"grass"},"geometry":{"type":"Polygon","coordinates":[[[151.20544,-33.862694],[151.205483,-33.862701],[151.205477,-33.862728],[151.205485,-33.862738],[151.205467,-33.862814],[151.205451,-33.862806],[151.205436,-33.862861],[151.20541,-33.862847],[151.20544,-33.862694]]]}},{"type":"Feature","properties":{"k":"grass"},"geometry":{"type":"Polygon","coordinates":[[[151.205457,-33.86262],[151.205489,-33.862637],[151.205509,-33.862568],[151.205532,-33.862589],[151.205556,-33.862525],[151.205552,-33.862522],[151.205549,-33.862517],[151.205549,-33.862511],[151.205552,-33.862503],[151.205556,-33.8625],[151.205562,-33.862499],[151.205552,-33.862492],[151.205568,-33.862445],[151.205522,-33.862412],[151.205513,-33.862435],[151.205466,-33.862581],[151.205457,-33.86262]]]}},{"type":"Feature","properties":{"k":"grass"},"geometry":{"type":"Polygon","coordinates":[[[151.204337,-33.86275],[151.204263,-33.862918],[151.204264,-33.862932],[151.204274,-33.862938],[151.204326,-33.862821],[151.204338,-33.862777],[151.204337,-33.86275]]]}},{"type":"Feature","properties":{"k":"grass"},"geometry":{"type":"Polygon","coordinates":[[[151.204251,-33.862756],[151.204235,-33.862823],[151.204209,-33.862875],[151.204178,-33.862901],[151.20414,-33.862915],[151.204129,-33.86293],[151.204119,-33.862966],[151.204086,-33.862957],[151.204075,-33.862944],[151.204075,-33.862932],[151.204079,-33.862911],[151.204083,-33.862894],[151.204251,-33.862756]]]}},{"type":"Feature","properties":{"k":"park"},"geometry":{"type":"Polygon","coordinates":[[[151.204119,-33.862966],[151.204118,-33.862981],[151.204042,-33.862983],[151.204,-33.862988],[151.203989,-33.862978],[151.203989,-33.862959],[151.204021,-33.86293],[151.204071,-33.862894],[151.204083,-33.862894],[151.204079,-33.862911],[151.204075,-33.862932],[151.204075,-33.862944],[151.204086,-33.862957],[151.204119,-33.862966]]]}},{"type":"Feature","properties":{"k":"park"},"geometry":{"type":"Polygon","coordinates":[[[151.204126,-33.863076],[151.204106,-33.863084],[151.204046,-33.863096],[151.204042,-33.863087],[151.204077,-33.863071],[151.2041,-33.863071],[151.204126,-33.863076]]]}},{"type":"Feature","properties":{"k":"grass"},"geometry":{"type":"Polygon","coordinates":[[[151.204195,-33.863166],[151.204185,-33.863225],[151.204182,-33.863318],[151.204192,-33.863367],[151.204244,-33.863477],[151.204304,-33.863455],[151.204256,-33.863331],[151.204239,-33.863279],[151.204195,-33.863166]]]}},{"type":"Feature","properties":{"k":"park"},"geometry":{"type":"Polygon","coordinates":[[[151.207059,-33.86123],[151.207107,-33.861247],[151.207122,-33.861208],[151.207283,-33.861257],[151.207335,-33.861148],[151.207177,-33.861137],[151.207117,-33.861142],[151.207075,-33.86115],[151.207072,-33.861143],[151.206941,-33.861136],[151.206943,-33.86112],[151.206852,-33.861113],[151.206849,-33.861124],[151.20689,-33.861141],[151.206914,-33.861156],[151.206938,-33.861166],[151.206969,-33.861172],[151.207002,-33.861172],[151.207023,-33.861169],[151.207047,-33.861164],[151.207057,-33.861163],[151.207065,-33.861179],[151.207065,-33.861192],[151.207065,-33.861214],[151.207059,-33.86123]]]}},{"type":"Feature","properties":{"k":"park"},"geometry":{"type":"Polygon","coordinates":[[[151.206682,-33.861096],[151.206735,-33.861096],[151.206746,-33.861015],[151.20661,-33.860962],[151.206533,-33.860909],[151.206511,-33.860962],[151.206544,-33.860957],[151.206555,-33.860991],[151.2066,-33.860987],[151.206616,-33.860992],[151.206594,-33.861039],[151.206619,-33.861046],[151.206645,-33.861064],[151.206682,-33.861096]]]}},{"type":"Feature","properties":{"k":"park"},"geometry":{"type":"Polygon","coordinates":[[[151.208476,-33.86065],[151.208475,-33.860657],[151.208515,-33.860662],[151.208523,-33.860672],[151.208531,-33.860668],[151.208521,-33.860655],[151.208476,-33.86065]]]}},{"type":"Feature","properties":{"k":"park"},"geometry":{"type":"Polygon","coordinates":[[[151.208499,-33.860592],[151.208498,-33.8606],[151.208541,-33.860606],[151.208542,-33.860597],[151.208499,-33.860592]]]}},{"type":"Feature","properties":{"k":"park"},"geometry":{"type":"Polygon","coordinates":[[[151.208253,-33.860568],[151.208243,-33.860566],[151.208236,-33.860607],[151.208246,-33.860608],[151.208249,-33.860587],[151.208253,-33.860568]]]}},{"type":"Feature","properties":{"k":"grass"},"geometry":{"type":"Polygon","coordinates":[[[151.197003,-33.864871],[151.197015,-33.864877],[151.197025,-33.864886],[151.197031,-33.864897],[151.197033,-33.864909],[151.19703,-33.86492],[151.197024,-33.864931],[151.197014,-33.86494],[151.197001,-33.864945],[151.196987,-33.864948],[151.196973,-33.864947],[151.196789,-33.864897],[151.196773,-33.864878],[151.196797,-33.864814],[151.197003,-33.864871]]]}},{"type":"Feature","properties":{"k":"grass"},"geometry":{"type":"Polygon","coordinates":[[[151.196525,-33.865982],[151.196586,-33.865997],[151.196714,-33.865701],[151.196457,-33.865648],[151.196432,-33.865731],[151.196454,-33.86575],[151.196479,-33.865791],[151.196509,-33.865853],[151.196522,-33.865907],[151.196525,-33.865943],[151.196525,-33.865982]]]}},{"type":"Feature","properties":{"k":"grass"},"geometry":{"type":"Polygon","coordinates":[[[151.19646,-33.86611],[151.196431,-33.86615],[151.1964,-33.866183],[151.196344,-33.866215],[151.196316,-33.866229],[151.196298,-33.866243],[151.19629,-33.866258],[151.196447,-33.866306],[151.196523,-33.866127],[151.19646,-33.86611]]]}},{"type":"Feature","properties":{"k":"grass"},"geometry":{"type":"Polygon","coordinates":[[[151.196495,-33.865175],[151.196472,-33.865218],[151.196461,-33.865258],[151.196454,-33.865294],[151.196484,-33.865307],[151.196529,-33.865198],[151.196495,-33.865175]]]}},{"type":"Feature","properties":{"k":"grass"},"geometry":{"type":"Polygon","coordinates":[[[151.196513,-33.865141],[151.196543,-33.86516],[151.196592,-33.865046],[151.196576,-33.865043],[151.196539,-33.865094],[151.196513,-33.865141]]]}},{"type":"Feature","properties":{"k":"park"},"geometry":{"type":"Polygon","coordinates":[[[151.196454,-33.865294],[151.196427,-33.865417],[151.196437,-33.86542],[151.196484,-33.865307],[151.196454,-33.865294]]]}},{"type":"Feature","properties":{"k":"park"},"geometry":{"type":"Polygon","coordinates":[[[151.196576,-33.865043],[151.196596,-33.865013],[151.196604,-33.865014],[151.196592,-33.865046],[151.196576,-33.865043]]]}},{"type":"Feature","properties":{"k":"park"},"geometry":{"type":"Polygon","coordinates":[[[151.19702,-33.864167],[151.196969,-33.864317],[151.196578,-33.864135],[151.196953,-33.863775],[151.197011,-33.863813],[151.197001,-33.863827],[151.196966,-33.863832],[151.196945,-33.863839],[151.196919,-33.863855],[151.196885,-33.863877],[151.196875,-33.863866],[151.196795,-33.863946],[151.196807,-33.863954],[151.196726,-33.864026],[151.196705,-33.864065],[151.1967,-33.864102],[151.196703,-33.864137],[151.196713,-33.86417],[151.196743,-33.86419],[151.19678,-33.86421],[151.196827,-33.864218],[151.196858,-33.864217],[151.196858,-33.864231],[151.196904,-33.864229],[151.196902,-33.864214],[151.196923,-33.864207],[151.196953,-33.864184],[151.196973,-33.864164],[151.196982,-33.864154],[151.19702,-33.864167]]]}},{"type":"Feature","properties":{"k":"grass"},"geometry":{"type":"Polygon","coordinates":[[[151.196716,-33.863494],[151.196688,-33.863521],[151.196843,-33.863631],[151.196899,-33.863577],[151.196716,-33.863494]]]}},{"type":"Feature","properties":{"k":"scrub"},"geometry":{"type":"Polygon","coordinates":[[[151.207555,-33.882665],[151.207578,-33.882661],[151.207592,-33.882661],[151.207605,-33.882662],[151.207609,-33.882656],[151.20762,-33.882666],[151.207644,-33.882677],[151.207673,-33.882689],[151.207702,-33.882694],[151.207718,-33.882697],[151.207738,-33.882705],[151.207756,-33.882714],[151.207779,-33.882727],[151.208033,-33.882863],[151.208015,-33.882905],[151.207748,-33.882766],[151.207555,-33.882665]]]}},{"type":"Feature","properties":{"k":"park"},"geometry":{"type":"Polygon","coordinates":[[[151.203094,-33.862999],[151.203219,-33.862986],[151.203224,-33.863037],[151.203229,-33.863092],[151.20328,-33.863092],[151.20329,-33.863099],[151.203282,-33.863182],[151.203282,-33.863186],[151.203284,-33.863217],[151.203341,-33.863212],[151.203345,-33.863246],[151.203346,-33.863255],[151.203243,-33.863263],[151.203261,-33.863411],[151.203252,-33.863411],[151.203135,-33.863421],[151.203094,-33.862999]]]}},{"type":"Feature","properties":{"k":"scrub"},"geometry":{"type":"Polygon","coordinates":[[[151.201985,-33.887428],[151.201959,-33.887474],[151.2019,-33.887468],[151.201871,-33.887448],[151.201861,-33.887429],[151.201857,-33.887408],[151.201864,-33.887371],[151.201755,-33.887357],[151.201759,-33.887339],[151.201905,-33.887357],[151.201903,-33.887375],[151.201909,-33.887386],[151.201922,-33.887401],[151.201942,-33.887413],[151.201985,-33.887428]]]}},{"type":"Feature","properties":{"k":"scrub"},"geometry":{"type":"Polygon","coordinates":[[[151.201925,-33.887575],[151.201911,-33.887605],[151.20173,-33.887566],[151.201736,-33.88755],[151.201779,-33.887558],[151.201846,-33.887567],[151.201925,-33.887575]]]}},{"type":"Feature","properties":{"k":"scrub"},"geometry":{"type":"Polygon","coordinates":[[[151.202244,-33.888475],[151.202128,-33.888543],[151.202304,-33.888379],[151.202545,-33.888179],[151.202836,-33.887976],[151.203205,-33.887711],[151.203417,-33.887552],[151.203491,-33.8875],[151.203523,-33.887508],[151.203544,-33.887495],[151.203547,-33.887473],[151.203564,-33.887445],[151.203584,-33.88742],[151.203605,-33.887409],[151.203633,-33.8874],[151.20368,-33.887431],[151.203662,-33.88745],[151.203623,-33.887453],[151.203551,-33.88751],[151.203164,-33.887784],[151.202616,-33.888179],[151.202433,-33.888317],[151.202312,-33.88841],[151.2023,-33.888401],[151.20224,-33.888456],[151.202244,-33.888475]]]}},{"type":"Feature","properties":{"k":"grass"},"geometry":{"type":"Polygon","coordinates":[[[151.216837,-33.868748],[151.21675,-33.868828],[151.216677,-33.868775],[151.216641,-33.868792],[151.216749,-33.868872],[151.216861,-33.868766],[151.216837,-33.868748]]]}},{"type":"Feature","properties":{"k":"grass"},"geometry":{"type":"Polygon","coordinates":[[[151.217143,-33.868453],[151.217168,-33.868472],[151.217284,-33.868361],[151.217172,-33.868281],[151.217151,-33.868316],[151.217227,-33.868372],[151.217143,-33.868453]]]}},{"type":"Feature","properties":{"k":"scrub"},"geometry":{"type":"Polygon","coordinates":[[[151.202976,-33.867642],[151.20297,-33.867717],[151.202968,-33.867866],[151.202999,-33.86816],[151.203116,-33.868717],[151.203157,-33.868893],[151.203174,-33.868954],[151.203204,-33.868945],[151.20322,-33.868931],[151.203203,-33.868853],[151.203171,-33.868857],[151.203166,-33.868833],[151.203198,-33.868828],[151.203163,-33.868654],[151.203062,-33.868115],[151.203041,-33.868056],[151.203007,-33.86803],[151.202976,-33.867642]]]}},{"type":"Feature","properties":{"k":"scrub"},"geometry":{"type":"Polygon","coordinates":[[[151.204346,-33.872802],[151.204293,-33.872808],[151.204295,-33.872825],[151.2043,-33.872842],[151.204307,-33.872853],[151.204341,-33.87284],[151.204352,-33.872834],[151.204346,-33.872802]]]}},{"type":"Feature","properties":{"k":"scrub"},"geometry":{"type":"Polygon","coordinates":[[[151.202992,-33.874036],[151.202994,-33.874064],[151.203255,-33.874076],[151.203256,-33.874052],[151.20315,-33.874043],[151.203077,-33.874037],[151.202992,-33.874036]]]}},{"type":"Feature","properties":{"k":"park"},"geometry":{"type":"Polygon","coordinates":[[[151.203515,-33.874358],[151.203548,-33.874469],[151.203536,-33.874485],[151.203517,-33.874499],[151.203434,-33.874515],[151.203412,-33.874512],[151.203397,-33.874496],[151.203387,-33.874479],[151.203387,-33.874459],[151.203393,-33.874432],[151.203407,-33.874398],[151.203422,-33.874379],[151.203433,-33.874375],[151.203515,-33.874358]]]}},{"type":"Feature","properties":{"k":"park"},"geometry":{"type":"Polygon","coordinates":[[[151.203596,-33.874637],[151.203563,-33.874527],[151.203544,-33.874516],[151.203519,-33.874512],[151.203437,-33.874529],[151.203419,-33.87454],[151.203414,-33.87456],[151.203415,-33.874579],[151.203426,-33.874597],[151.203446,-33.874619],[151.203478,-33.874643],[151.203502,-33.874654],[151.203513,-33.874654],[151.203596,-33.874637]]]}},{"type":"Feature","properties":{"k":"park"},"geometry":{"type":"Polygon","coordinates":[[[151.203579,-33.874872],[151.203464,-33.874701],[151.203514,-33.874706],[151.203552,-33.874705],[151.203583,-33.874695],[151.203616,-33.87468],[151.203672,-33.874828],[151.203579,-33.874872]]]}},{"type":"Feature","properties":{"k":"park"},"geometry":{"type":"Polygon","coordinates":[[[151.203686,-33.874879],[151.203605,-33.874919],[151.203657,-33.875015],[151.203666,-33.875031],[151.20371,-33.875213],[151.203736,-33.875355],[151.203742,-33.875405],[151.20379,-33.87537],[151.203769,-33.8752],[151.203727,-33.875014],[151.203722,-33.874991],[151.203686,-33.874879]]]}},{"type":"Feature","properties":{"k":"park"},"geometry":{"type":"Polygon","coordinates":[[[151.203946,-33.87594],[151.20394,-33.875908],[151.203721,-33.875634],[151.20366,-33.875875],[151.20366,-33.875894],[151.203946,-33.87594]]]}},{"type":"Feature","properties":{"k":"park"},"geometry":{"type":"Polygon","coordinates":[[[151.203742,-33.875602],[151.203753,-33.875533],[151.203817,-33.875522],[151.203912,-33.875809],[151.203903,-33.875816],[151.203742,-33.875602]]]}},{"type":"Feature","properties":{"k":"park"},"geometry":{"type":"Polygon","coordinates":[[[151.203653,-33.876161],[151.203638,-33.876166],[151.203626,-33.876176],[151.203622,-33.876186],[151.203623,-33.876198],[151.203631,-33.87621],[151.203637,-33.876215],[151.20365,-33.876201],[151.203653,-33.876161]]]}},{"type":"Feature","properties":{"k":"park"},"geometry":{"type":"Polygon","coordinates":[[[151.208108,-33.886317],[151.208104,-33.886321],[151.207775,-33.886134],[151.207779,-33.886129],[151.208108,-33.886317]]]}},{"type":"Feature","properties":{"k":"park"},"geometry":{"type":"Polygon","coordinates":[[[151.207471,-33.88595],[151.207467,-33.885955],[151.2077,-33.886089],[151.207704,-33.886085],[151.207471,-33.88595]]]}},{"type":"Feature","properties":{"k":"park"},"geometry":{"type":"Polygon","coordinates":[[[151.207409,-33.885921],[151.207413,-33.885917],[151.207192,-33.885791],[151.207136,-33.885751],[151.207131,-33.885755],[151.207189,-33.885795],[151.207409,-33.885921]]]}},{"type":"Feature","properties":{"k":"park"},"geometry":{"type":"Polygon","coordinates":[[[151.208059,-33.886377],[151.208055,-33.886382],[151.207727,-33.886193],[151.207731,-33.886188],[151.208059,-33.886377]]]}},{"type":"Feature","properties":{"k":"park"},"geometry":{"type":"Polygon","coordinates":[[[151.207652,-33.886149],[151.207657,-33.886144],[151.207426,-33.886008],[151.207422,-33.886014],[151.207652,-33.886149]]]}},{"type":"Feature","properties":{"k":"park"},"geometry":{"type":"Polygon","coordinates":[[[151.207359,-33.885981],[151.207364,-33.885976],[151.207109,-33.885829],[151.207105,-33.885834],[151.207359,-33.885981]]]}},{"type":"Feature","properties":{"k":"scrub"},"geometry":{"type":"Polygon","coordinates":[[[151.211282,-33.88776],[151.211278,-33.887766],[151.211392,-33.88782],[151.2114,-33.887806],[151.211282,-33.88776]]]}},{"type":"Feature","properties":{"k":"park"},"geometry":{"type":"Polygon","coordinates":[[[151.2084,-33.88646],[151.208387,-33.886472],[151.208453,-33.886518],[151.208521,-33.886564],[151.20853,-33.886553],[151.208515,-33.886542],[151.208509,-33.88655],[151.208419,-33.886488],[151.208429,-33.88648],[151.2084,-33.88646]]]}},{"type":"Feature","properties":{"k":"park"},"geometry":{"type":"Polygon","coordinates":[[[151.208993,-33.886882],[151.20899,-33.886888],[151.208568,-33.886707],[151.208491,-33.886666],[151.208392,-33.886603],[151.208397,-33.886597],[151.208481,-33.886651],[151.208539,-33.886686],[151.208594,-33.886713],[151.208993,-33.886882]]]}},{"type":"Feature","properties":{"k":"park"},"geometry":{"type":"Polygon","coordinates":[[[151.209022,-33.886894],[151.209019,-33.8869],[151.209451,-33.887077],[151.209454,-33.887071],[151.209022,-33.886894]]]}},{"type":"Feature","properties":{"k":"park"},"geometry":{"type":"Polygon","coordinates":[[[151.209477,-33.887081],[151.209473,-33.887088],[151.209826,-33.887234],[151.20983,-33.887227],[151.209477,-33.887081]]]}},{"type":"Feature","properties":{"k":"park"},"geometry":{"type":"Polygon","coordinates":[[[151.209863,-33.887241],[151.20986,-33.887247],[151.210186,-33.887383],[151.21019,-33.887377],[151.209863,-33.887241]]]}},{"type":"Feature","properties":{"k":"park"},"geometry":{"type":"Polygon","coordinates":[[[151.210214,-33.887386],[151.21021,-33.887393],[151.210519,-33.887521],[151.210522,-33.887514],[151.210214,-33.887386]]]}},{"type":"Feature","properties":{"k":"park"},"geometry":{"type":"Polygon","coordinates":[[[151.210551,-33.887526],[151.210547,-33.887532],[151.210862,-33.887661],[151.210865,-33.887655],[151.210551,-33.887526]]]}},{"type":"Feature","properties":{"k":"park"},"geometry":{"type":"Polygon","coordinates":[[[151.210891,-33.887665],[151.210887,-33.887673],[151.21099,-33.887716],[151.211039,-33.887738],[151.211194,-33.88781],[151.211247,-33.887836],[151.211252,-33.887828],[151.211033,-33.887726],[151.210891,-33.887665]]]}},{"type":"Feature","properties":{"k":"park"},"geometry":{"type":"Polygon","coordinates":[[[151.207692,-33.88622],[151.207684,-33.886248],[151.207742,-33.886258],[151.207745,-33.886249],[151.207692,-33.88622]]]}},{"type":"Feature","properties":{"k":"park"},"geometry":{"type":"Polygon","coordinates":[[[151.207707,-33.886411],[151.207714,-33.886383],[151.207657,-33.886373],[151.207654,-33.886382],[151.207707,-33.886411]]]}},{"type":"Feature","properties":{"k":"park"},"geometry":{"type":"Polygon","coordinates":[[[151.207684,-33.886268],[151.207675,-33.886305],[151.207705,-33.88631],[151.207714,-33.886273],[151.207684,-33.886268]]]}},{"type":"Feature","properties":{"k":"park"},"geometry":{"type":"Polygon","coordinates":[[[151.209106,-33.886586],[151.209025,-33.886721],[151.209067,-33.886738],[151.209148,-33.886603],[151.209106,-33.886586]]]}},{"type":"Feature","properties":{"k":"park"},"geometry":{"type":"Polygon","coordinates":[[[151.207662,-33.886233],[151.20766,-33.886241],[151.20765,-33.886239],[151.207652,-33.886232],[151.207662,-33.886233]]]}},{"type":"Feature","properties":{"k":"park"},"geometry":{"type":"Polygon","coordinates":[[[151.207652,-33.88628],[151.207651,-33.886287],[151.207641,-33.886286],[151.207642,-33.886279],[151.207652,-33.88628]]]}},{"type":"Feature","properties":{"k":"park"},"geometry":{"type":"Polygon","coordinates":[[[151.207642,-33.886331],[151.20764,-33.886339],[151.20763,-33.886337],[151.207632,-33.88633],[151.207642,-33.886331]]]}},{"type":"Feature","properties":{"k":"park"},"geometry":{"type":"Polygon","coordinates":[[[151.210063,-33.886975],[151.209999,-33.88709],[151.210027,-33.887101],[151.21009,-33.886985],[151.210063,-33.886975]]]}},{"type":"Feature","properties":{"k":"park"},"geometry":{"type":"Polygon","coordinates":[[[151.210044,-33.887129],[151.210036,-33.887143],[151.210055,-33.887151],[151.210063,-33.887137],[151.210044,-33.887129]]]}},{"type":"Feature","properties":{"k":"grass"},"geometry":{"type":"Polygon","coordinates":[[[151.208658,-33.858379],[151.208657,-33.85837],[151.208541,-33.858345],[151.208533,-33.85837],[151.208649,-33.858395],[151.20865,-33.858378],[151.208658,-33.858379]]]}},{"type":"Feature","properties":{"k":"grass"},"geometry":{"type":"Polygon","coordinates":[[[151.213626,-33.886221],[151.213649,-33.886118],[151.213505,-33.886096],[151.213483,-33.886199],[151.213626,-33.886221]]]}},{"type":"Feature","properties":{"k":"park"},"geometry":{"type":"Polygon","coordinates":[[[151.203025,-33.861303],[151.203,-33.861305],[151.202948,-33.861308],[151.202932,-33.861125],[151.202981,-33.861122],[151.203013,-33.861139],[151.203024,-33.861297],[151.203025,-33.861303]]]}},{"type":"Feature","properties":{"k":"grass"},"geometry":{"type":"Polygon","coordinates":[[[151.20294,-33.861143],[151.202949,-33.86127],[151.202987,-33.861268],[151.202977,-33.861141],[151.20294,-33.861143]]]}},{"type":"Feature","properties":{"k":"grass"},"geometry":{"type":"Polygon","coordinates":[[[151.207235,-33.858857],[151.207159,-33.859039],[151.207189,-33.859048],[151.207266,-33.858866],[151.207235,-33.858857]]]}},{"type":"Feature","properties":{"k":"grass"},"geometry":{"type":"Polygon","coordinates":[[[151.207858,-33.858826],[151.207877,-33.858755],[151.207703,-33.858723],[151.207689,-33.858775],[151.207732,-33.858783],[151.207727,-33.858802],[151.207858,-33.858826]]]}},{"type":"Feature","properties":{"k":"grass"},"geometry":{"type":"Polygon","coordinates":[[[151.201994,-33.886801],[151.202148,-33.886666],[151.202236,-33.8867],[151.202233,-33.886705],[151.202253,-33.886746],[151.202259,-33.886748],[151.202239,-33.886778],[151.202223,-33.886797],[151.202196,-33.886813],[151.202168,-33.886825],[151.202131,-33.886834],[151.202083,-33.886833],[151.202044,-33.886823],[151.202036,-33.886819],[151.201994,-33.886801]]]}},{"type":"Feature","properties":{"k":"scrub"},"geometry":{"type":"Polygon","coordinates":[[[151.202145,-33.886728],[151.202133,-33.88673],[151.20212,-33.886735],[151.202105,-33.886748],[151.202107,-33.886757],[151.202109,-33.886769],[151.202118,-33.886777],[151.202128,-33.886779],[151.202141,-33.886778],[151.202153,-33.886773],[151.202159,-33.886765],[151.202162,-33.886755],[151.202162,-33.886747],[151.20216,-33.886737],[151.202156,-33.886732],[151.202145,-33.886728]]]}},{"type":"Feature","properties":{"k":"grass"},"geometry":{"type":"Polygon","coordinates":[[[151.20225,-33.886667],[151.202177,-33.886644],[151.202416,-33.886428],[151.20242,-33.886429],[151.202309,-33.886649],[151.2023,-33.886646],[151.202251,-33.886661],[151.20225,-33.886667]]]}},{"type":"Feature","properties":{"k":"park"},"geometry":{"type":"Polygon","coordinates":[[[151.202401,-33.886542],[151.202343,-33.886656],[151.20237,-33.886665],[151.202411,-33.886584],[151.202452,-33.886596],[151.202486,-33.886525],[151.202401,-33.886542]]]}},{"type":"Feature","properties":{"k":"park"},"geometry":{"type":"Polygon","coordinates":[[[151.20229,-33.886757],[151.202266,-33.886801],[151.202243,-33.886822],[151.202201,-33.886843],[151.202172,-33.886853],[151.202265,-33.886887],[151.20228,-33.886856],[151.202312,-33.886791],[151.202294,-33.886784],[151.202291,-33.88678],[151.202298,-33.88676],[151.20229,-33.886757]]]}},{"type":"Feature","properties":{"k":"grass"},"geometry":{"type":"Polygon","coordinates":[[[151.202172,-33.886853],[151.202126,-33.886861],[151.20209,-33.886862],[151.202055,-33.886859],[151.202018,-33.886848],[151.201991,-33.886836],[151.20197,-33.886823],[151.201923,-33.886871],[151.201902,-33.886896],[151.202199,-33.886995],[151.202211,-33.886999],[151.202265,-33.886887],[151.202172,-33.886853]]]}},{"type":"Feature","properties":{"k":"scrub"},"geometry":{"type":"Polygon","coordinates":[[[151.217718,-33.867129],[151.217744,-33.867144],[151.217673,-33.867229],[151.217646,-33.867214],[151.217718,-33.867129]]]}},{"type":"Feature","properties":{"k":"grass"},"geometry":{"type":"Polygon","coordinates":[[[151.217638,-33.86727],[151.217262,-33.867717],[151.217213,-33.867689],[151.217588,-33.867242],[151.217638,-33.86727]]]}},{"type":"Feature","properties":{"k":"scrub"},"geometry":{"type":"Polygon","coordinates":[[[151.217823,-33.866996],[151.217857,-33.867016],[151.217802,-33.86708],[151.217769,-33.86706],[151.217823,-33.866996]]]}},{"type":"Feature","properties":{"k":"park"},"geometry":{"type":"Polygon","coordinates":[[[151.203157,-33.890128],[151.203168,-33.890079],[151.203174,-33.890071],[151.203182,-33.890067],[151.203198,-33.890067],[151.203348,-33.890113],[151.203339,-33.890153],[151.203157,-33.890128]]]}},{"type":"Feature","properties":{"k":"park"},"geometry":{"type":"Polygon","coordinates":[[[151.218176,-33.865806],[151.21807,-33.866099],[151.217941,-33.866067],[151.218047,-33.865774],[151.218176,-33.865806]]]}},{"type":"Feature","properties":{"k":"park"},"geometry":{"type":"Polygon","coordinates":[[[151.217461,-33.866214],[151.217533,-33.866108],[151.217578,-33.866004],[151.217818,-33.866072],[151.217737,-33.866208],[151.217711,-33.86623],[151.217687,-33.866244],[151.217617,-33.866256],[151.217601,-33.866241],[151.217581,-33.866229],[151.217525,-33.866219],[151.217461,-33.866214]]]}},{"type":"Feature","properties":{"k":"park"},"geometry":{"type":"Polygon","coordinates":[[[151.203076,-33.864365],[151.203126,-33.865055],[151.203143,-33.865173],[151.20316,-33.865235],[151.203193,-33.865232],[151.203189,-33.865168],[151.203172,-33.865046],[151.203105,-33.864363],[151.203076,-33.864365]]]}},{"type":"Feature","properties":{"k":"park"},"geometry":{"type":"Polygon","coordinates":[[[151.19723,-33.868963],[151.197224,-33.869005],[151.197315,-33.869014],[151.19732,-33.868972],[151.197314,-33.868972],[151.197256,-33.868966],[151.19723,-33.868963]]]}},{"type":"Feature","properties":{"k":"park"},"geometry":{"type":"Polygon","coordinates":[[[151.197154,-33.869339],[151.197105,-33.869586],[151.197118,-33.869588],[151.197168,-33.869341],[151.197154,-33.869339]]]}},{"type":"Feature","properties":{"k":"park"},"geometry":{"type":"Polygon","coordinates":[[[151.197085,-33.869284],[151.19708,-33.869309],[151.197089,-33.869312],[151.197157,-33.869329],[151.197162,-33.869308],[151.197157,-33.869299],[151.197152,-33.869293],[151.197085,-33.869284]]]}},{"type":"Feature","properties":{"k":"park"},"geometry":{"type":"Polygon","coordinates":[[[151.197159,-33.869],[151.197186,-33.869002],[151.197172,-33.869059],[151.197163,-33.869108],[151.197161,-33.869157],[151.197161,-33.869189],[151.197172,-33.869227],[151.19717,-33.869244],[151.197162,-33.869257],[151.197147,-33.86926],[151.197127,-33.869259],[151.197092,-33.869253],[151.197098,-33.869228],[151.197116,-33.869231],[151.19712,-33.869214],[151.19713,-33.86916],[151.197159,-33.869]]]}},{"type":"Feature","properties":{"k":"scrub"},"geometry":{"type":"Polygon","coordinates":[[[151.197162,-33.893178],[151.197185,-33.893207],[151.197345,-33.893118],[151.197743,-33.892919],[151.197831,-33.892878],[151.197837,-33.892844],[151.197502,-33.89301],[151.197292,-33.893114],[151.197162,-33.893178]]]}},{"type":"Feature","properties":{"k":"park"},"geometry":{"type":"Polygon","coordinates":[[[151.213446,-33.86678],[151.213473,-33.866761],[151.213563,-33.86677],[151.213559,-33.866802],[151.213545,-33.866801],[151.213543,-33.866815],[151.213474,-33.866808],[151.213446,-33.86678]]]}},{"type":"Feature","properties":{"k":"park"},"geometry":{"type":"Polygon","coordinates":[[[151.213099,-33.867297],[151.213102,-33.867283],[151.213114,-33.867273],[151.213133,-33.867266],[151.213191,-33.867272],[151.213187,-33.867305],[151.213099,-33.867297]]]}},{"type":"Feature","properties":{"k":"park"},"geometry":{"type":"Polygon","coordinates":[[[151.213196,-33.867238],[151.213159,-33.867234],[151.213145,-33.867228],[151.213143,-33.867215],[151.21313,-33.867214],[151.213127,-33.867237],[151.213112,-33.867253],[151.213086,-33.867266],[151.213064,-33.867267],[151.213036,-33.867267],[151.213019,-33.867272],[151.213001,-33.867282],[151.212979,-33.867294],[151.212965,-33.867298],[151.212932,-33.867298],[151.212956,-33.867116],[151.213167,-33.867135],[151.213209,-33.867139],[151.213196,-33.867238]]]}},{"type":"Feature","properties":{"k":"grass"},"geometry":{"type":"Polygon","coordinates":[[[151.213825,-33.866648],[151.213837,-33.866616],[151.21385,-33.866572],[151.213862,-33.866523],[151.213748,-33.866511],[151.213735,-33.866637],[151.213825,-33.866648]]]}},{"type":"Feature","properties":{"k":"grass"},"geometry":{"type":"Polygon","coordinates":[[[151.213417,-33.86616],[151.213419,-33.866148],[151.213428,-33.866131],[151.213443,-33.866111],[151.213467,-33.866094],[151.213505,-33.866088],[151.213525,-33.86609],[151.21357,-33.866103],[151.213621,-33.866126],[151.213675,-33.866159],[151.21365,-33.866155],[151.213629,-33.866155],[151.213611,-33.866158],[151.213597,-33.866163],[151.213587,-33.866167],[151.213572,-33.866175],[151.213417,-33.86616]]]}},{"type":"Feature","properties":{"k":"grass"},"geometry":{"type":"Polygon","coordinates":[[[151.213502,-33.868046],[151.213475,-33.868282],[151.213486,-33.868294],[151.213496,-33.868298],[151.213511,-33.868296],[151.213521,-33.868288],[151.213522,-33.868277],[151.213549,-33.868043],[151.213545,-33.868038],[151.213539,-33.868033],[151.213529,-33.868033],[151.213502,-33.868046]]]}},{"type":"Feature","properties":{"k":"grass"},"geometry":{"type":"Polygon","coordinates":[[[151.213406,-33.868206],[151.213447,-33.868254],[151.213472,-33.868071],[151.213419,-33.868106],[151.213406,-33.868206]]]}},{"type":"Feature","properties":{"k":"grass"},"geometry":{"type":"Polygon","coordinates":[[[151.213428,-33.868031],[151.213481,-33.867991],[151.213485,-33.867956],[151.213482,-33.86795],[151.213474,-33.867939],[151.213456,-33.867931],[151.213442,-33.867929],[151.213437,-33.867967],[151.213428,-33.868031]]]}},{"type":"Feature","properties":{"k":"grass"},"geometry":{"type":"Polygon","coordinates":[[[151.213443,-33.867907],[151.213459,-33.867909],[151.213478,-33.867903],[151.213496,-33.867889],[151.213498,-33.86788],[151.213448,-33.867875],[151.213443,-33.867907]]]}},{"type":"Feature","properties":{"k":"grass"},"geometry":{"type":"Polygon","coordinates":[[[151.21353,-33.86783],[151.213546,-33.867695],[151.213594,-33.867699],[151.213579,-33.867811],[151.21357,-33.867823],[151.213553,-33.867832],[151.21353,-33.86783]]]}},{"type":"Feature","properties":{"k":"grass"},"geometry":{"type":"Polygon","coordinates":[[[151.213455,-33.867821],[151.213506,-33.867826],[151.213523,-33.867694],[151.213472,-33.86769],[151.213455,-33.867821]]]}},{"type":"Feature","properties":{"k":"grass"},"geometry":{"type":"Polygon","coordinates":[[[151.213427,-33.868617],[151.213461,-33.868362],[151.213505,-33.868419],[151.213481,-33.868614],[151.213427,-33.868617]]]}},{"type":"Feature","properties":{"k":"grass"},"geometry":{"type":"Polygon","coordinates":[[[151.213395,-33.868288],[151.213438,-33.868332],[151.213397,-33.868615],[151.213354,-33.868618],[151.213374,-33.86845],[151.213395,-33.868288]]]}},{"type":"Feature","properties":{"k":"grass"},"geometry":{"type":"Polygon","coordinates":[[[151.213416,-33.868705],[151.213412,-33.868734],[151.213462,-33.868733],[151.213464,-33.868719],[151.213416,-33.868705]]]}},{"type":"Feature","properties":{"k":"grass"},"geometry":{"type":"Polygon","coordinates":[[[151.213392,-33.868699],[151.213388,-33.868734],[151.213347,-33.868736],[151.213353,-33.868689],[151.213392,-33.868699]]]}},{"type":"Feature","properties":{"k":"grass"},"geometry":{"type":"Polygon","coordinates":[[[151.213917,-33.866096],[151.213899,-33.866116],[151.214148,-33.866269],[151.214333,-33.866382],[151.214471,-33.866458],[151.214608,-33.866529],[151.214652,-33.86655],[151.214662,-33.866536],[151.214619,-33.866517],[151.214486,-33.866447],[151.214344,-33.86637],[151.21416,-33.866259],[151.213917,-33.866096]]]}},{"type":"Feature","properties":{"k":"park"},"geometry":{"type":"Polygon","coordinates":[[[151.207032,-33.864157],[151.207049,-33.864172],[151.207065,-33.864159],[151.207049,-33.864144],[151.207032,-33.864157]]]}},{"type":"Feature","properties":{"k":"park"},"geometry":{"type":"Polygon","coordinates":[[[151.207,-33.864127],[151.207017,-33.864142],[151.207034,-33.864129],[151.207017,-33.864114],[151.207,-33.864127]]]}},{"type":"Feature","properties":{"k":"park"},"geometry":{"type":"Polygon","coordinates":[[[151.206965,-33.8641],[151.206982,-33.864115],[151.206999,-33.864102],[151.206982,-33.864087],[151.206965,-33.8641]]]}},{"type":"Feature","properties":{"k":"park"},"geometry":{"type":"Polygon","coordinates":[[[151.206933,-33.864148],[151.206959,-33.864171],[151.206942,-33.864184],[151.206955,-33.864195],[151.206946,-33.864202],[151.206927,-33.864185],[151.206945,-33.86417],[151.206926,-33.864154],[151.206933,-33.864148]]]}},{"type":"Feature","properties":{"k":"park"},"geometry":{"type":"Polygon","coordinates":[[[151.214888,-33.869651],[151.214823,-33.869674],[151.214864,-33.869775],[151.21488,-33.869919],[151.214816,-33.869989],[151.214722,-33.870016],[151.214654,-33.870014],[151.214426,-33.869902],[151.21436,-33.869956],[151.214655,-33.87006],[151.214725,-33.870057],[151.214798,-33.87003],[151.214836,-33.870012],[151.214888,-33.869967],[151.214925,-33.869915],[151.214929,-33.869824],[151.214916,-33.869735],[151.214888,-33.869651]]]}},{"type":"Feature","properties":{"k":"scrub"},"geometry":{"type":"Polygon","coordinates":[[[151.213439,-33.870422],[151.213349,-33.870432],[151.213416,-33.870463],[151.213439,-33.870422]]]}},{"type":"Feature","properties":{"k":"scrub"},"geometry":{"type":"Polygon","coordinates":[[[151.213624,-33.870368],[151.213667,-33.870408],[151.21372,-33.870333],[151.213624,-33.870368]]]}},{"type":"Feature","properties":{"k":"wood"},"geometry":{"type":"Polygon","coordinates":[[[151.214192,-33.869836],[151.214321,-33.869728],[151.214323,-33.869639],[151.214129,-33.869636],[151.21413,-33.869666],[151.21396,-33.869666],[151.213949,-33.86969],[151.214025,-33.869763],[151.214066,-33.869791],[151.214192,-33.869836]]]}},{"type":"Feature","properties":{"k":"scrub"},"geometry":{"type":"Polygon","coordinates":[[[151.215001,-33.858502],[151.214997,-33.858426],[151.215006,-33.85837],[151.215048,-33.858384],[151.215039,-33.858463],[151.215044,-33.858522],[151.215056,-33.858581],[151.215076,-33.858633],[151.2151,-33.85867],[151.215141,-33.858714],[151.215152,-33.858732],[151.215143,-33.858741],[151.215122,-33.858739],[151.215089,-33.858714],[151.215061,-33.858684],[151.21504,-33.858645],[151.215017,-33.858575],[151.215001,-33.858502]]]}},{"type":"Feature","properties":{"k":"grass"},"geometry":{"type":"Polygon","coordinates":[[[151.219754,-33.870488],[151.219812,-33.870496],[151.21979,-33.870595],[151.219732,-33.870586],[151.219754,-33.870488]]]}},{"type":"Feature","properties":{"k":"wood"},"geometry":{"type":"Polygon","coordinates":[[[151.217683,-33.869884],[151.217675,-33.869887],[151.217547,-33.869867],[151.21754,-33.869854],[151.217546,-33.869838],[151.217637,-33.869785],[151.217653,-33.869782],[151.217667,-33.869792],[151.217684,-33.869872],[151.217683,-33.869884]]]}},{"type":"Feature","properties":{"k":"park"},"geometry":{"type":"Polygon","coordinates":[[[151.220159,-33.869996],[151.220342,-33.870024],[151.219729,-33.872775],[151.21954,-33.872746],[151.219929,-33.871001],[151.21984,-33.870987],[151.219919,-33.870635],[151.219725,-33.870604],[151.219758,-33.870453],[151.220047,-33.870496],[151.220159,-33.869996]]]}},{"type":"Feature","properties":{"k":"wood"},"geometry":{"type":"Polygon","coordinates":[[[151.201628,-33.869326],[151.201585,-33.869312],[151.201561,-33.869318],[151.201542,-33.869334],[151.201528,-33.869351],[151.201524,-33.869378],[151.201535,-33.8694],[151.201559,-33.869413],[151.201575,-33.869425],[151.20158,-33.869439],[151.201574,-33.869462],[151.201565,-33.869489],[151.201578,-33.869506],[151.201593,-33.869516],[151.201605,-33.869522],[151.201613,-33.869507],[151.201626,-33.869495],[151.201638,-33.869489],[151.201661,-33.869486],[151.201693,-33.86949],[151.201716,-33.869493],[151.201744,-33.869497],[151.201796,-33.869375],[151.201771,-33.869378],[151.201727,-33.869375],[151.201686,-33.869365],[151.201656,-33.869344],[151.201628,-33.869326]]]}},{"type":"Feature","properties":{"k":"wood"},"geometry":{"type":"Polygon","coordinates":[[[151.201588,-33.869179],[151.201565,-33.869232],[151.20158,-33.869272],[151.201629,-33.869287],[151.201671,-33.869318],[151.201703,-33.869338],[151.201741,-33.869346],[151.20177,-33.869346],[151.201791,-33.86934],[151.201804,-33.869319],[151.20182,-33.869308],[151.201834,-33.869286],[151.201843,-33.869264],[151.201772,-33.869226],[151.201757,-33.869232],[151.201734,-33.869225],[151.20172,-33.869211],[151.201588,-33.869179]]]}},{"type":"Feature","properties":{"k":"scrub"},"geometry":{"type":"Polygon","coordinates":[[[151.201763,-33.869062],[151.201705,-33.869079],[151.201688,-33.869095],[151.201666,-33.869146],[151.201666,-33.869169],[151.201793,-33.869205],[151.201801,-33.869189],[151.201867,-33.869209],[151.201861,-33.869223],[151.202118,-33.86931],[151.202211,-33.869108],[151.202256,-33.869105],[151.202239,-33.868998],[151.202045,-33.869024],[151.202059,-33.869094],[151.202007,-33.869056],[151.201845,-33.869078],[151.201841,-33.869049],[151.201763,-33.869062]]]}},{"type":"Feature","properties":{"k":"wood"},"geometry":{"type":"Polygon","coordinates":[[[151.202429,-33.868984],[151.202417,-33.868923],[151.202303,-33.868939],[151.20231,-33.868973],[151.202359,-33.868967],[151.202364,-33.868992],[151.202429,-33.868984]]]}},{"type":"Feature","properties":{"k":"park"},"geometry":{"type":"Polygon","coordinates":[[[151.202033,-33.868976],[151.201981,-33.868983],[151.201985,-33.868999],[151.202036,-33.868992],[151.202033,-33.868976]]]}},{"type":"Feature","properties":{"k":"park"},"geometry":{"type":"Polygon","coordinates":[[[151.201797,-33.869009],[151.201926,-33.868991],[151.201929,-33.869006],[151.201801,-33.869025],[151.201797,-33.869009]]]}},{"type":"Feature","properties":{"k":"scrub"},"geometry":{"type":"Polygon","coordinates":[[[151.202723,-33.871738],[151.202621,-33.871998],[151.202492,-33.872391],[151.202387,-33.872708],[151.202337,-33.872882],[151.202323,-33.872993],[151.202323,-33.873027],[151.202342,-33.873004],[151.202368,-33.87298],[151.202394,-33.872968],[151.202412,-33.8729],[151.202475,-33.872664],[151.202558,-33.872455],[151.202679,-33.872044],[151.202781,-33.871755],[151.202723,-33.871738]]]}},{"type":"Feature","properties":{"k":"park"},"geometry":{"type":"Polygon","coordinates":[[[151.203753,-33.871109],[151.203764,-33.871111],[151.203773,-33.87111],[151.203781,-33.871105],[151.203785,-33.871099],[151.203786,-33.871092],[151.203785,-33.871086],[151.203782,-33.871082],[151.203747,-33.871085],[151.203745,-33.871096],[151.203747,-33.871103],[151.203753,-33.871109]]]}},{"type":"Feature","properties":{"k":"park"},"geometry":{"type":"Polygon","coordinates":[[[151.20423,-33.871125],[151.204272,-33.871152],[151.204278,-33.871151],[151.20432,-33.871117],[151.204317,-33.871114],[151.204234,-33.871121],[151.20423,-33.871125]]]}},{"type":"Feature","properties":{"k":"park"},"geometry":{"type":"Polygon","coordinates":[[[151.204202,-33.871014],[151.204202,-33.871027],[151.204382,-33.87102],[151.204382,-33.871007],[151.204202,-33.871014]]]}},{"type":"Feature","properties":{"k":"park"},"geometry":{"type":"Polygon","coordinates":[[[151.202694,-33.859348],[151.202727,-33.859828],[151.202788,-33.859825],[151.202756,-33.859345],[151.202694,-33.859348]]]}},{"type":"Feature","properties":{"k":"park"},"geometry":{"type":"Polygon","coordinates":[[[151.214808,-33.864724],[151.214598,-33.864507],[151.214517,-33.864804],[151.214803,-33.86474],[151.214813,-33.864734],[151.214808,-33.864724]]]}},{"type":"Feature","properties":{"k":"grass"},"geometry":{"type":"Polygon","coordinates":[[[151.217922,-33.868276],[151.217946,-33.868265],[151.217972,-33.868261],[151.217999,-33.868266],[151.218022,-33.868277],[151.218039,-33.868295],[151.218045,-33.868306],[151.218048,-33.868328],[151.218043,-33.86835],[151.218028,-33.868369],[151.218007,-33.868383],[151.217981,-33.86839],[151.21795,-33.868388],[151.217926,-33.868379],[151.217906,-33.868363],[151.217895,-33.868342],[151.217893,-33.86832],[151.2179,-33.868298],[151.217922,-33.868276]]]}},{"type":"Feature","properties":{"k":"park"},"geometry":{"type":"Polygon","coordinates":[[[151.198199,-33.873132],[151.198229,-33.873131],[151.198234,-33.873269],[151.198236,-33.873413],[151.198243,-33.873496],[151.198248,-33.873614],[151.198225,-33.873506],[151.198215,-33.873414],[151.198204,-33.87327],[151.198199,-33.873132]]]}},{"type":"Feature","properties":{"k":"park"},"geometry":{"type":"Polygon","coordinates":[[[151.198268,-33.87314],[151.19829,-33.87314],[151.198294,-33.873282],[151.198302,-33.873361],[151.198319,-33.873501],[151.198345,-33.87367],[151.198366,-33.87382],[151.198341,-33.873822],[151.198322,-33.873673],[151.198297,-33.873505],[151.198278,-33.873365],[151.198272,-33.873276],[151.198268,-33.87314]]]}},{"type":"Feature","properties":{"k":"grass"},"geometry":{"type":"Polygon","coordinates":[[[151.218183,-33.851879],[151.218163,-33.851917],[151.21813,-33.851978],[151.218271,-33.85203],[151.218441,-33.852093],[151.218469,-33.852041],[151.218494,-33.851994],[151.218183,-33.851879]]]}},{"type":"Feature","properties":{"k":"wood"},"geometry":{"type":"Polygon","coordinates":[[[151.217801,-33.851713],[151.217666,-33.852033],[151.217744,-33.852088],[151.217809,-33.852136],[151.217875,-33.852193],[151.217913,-33.852241],[151.21796,-33.852257],[151.21803,-33.852257],[151.218057,-33.852247],[151.218091,-33.85223],[151.218133,-33.85223],[151.21824,-33.852295],[151.218293,-33.852309],[151.218372,-33.852349],[151.218404,-33.852352],[151.218436,-33.852347],[151.218454,-33.85234],[151.218448,-33.852296],[151.218425,-33.852248],[151.218345,-33.852173],[151.218225,-33.852124],[151.218152,-33.852092],[151.218094,-33.852062],[151.218058,-33.852025],[151.218062,-33.851963],[151.218075,-33.851901],[151.218112,-33.851828],[151.217801,-33.851713]]]}},{"type":"Feature","properties":{"k":"wood"},"geometry":{"type":"Polygon","coordinates":[[[151.218738,-33.851968],[151.218745,-33.852026],[151.218754,-33.852062],[151.218802,-33.852051],[151.218878,-33.851988],[151.218952,-33.851893],[151.219032,-33.851794],[151.219131,-33.851719],[151.219218,-33.851667],[151.219258,-33.851622],[151.219263,-33.851572],[151.219238,-33.851521],[151.21919,-33.851496],[151.219113,-33.85147],[151.219077,-33.851471],[151.219041,-33.851483],[151.218997,-33.851481],[151.218968,-33.851483],[151.218953,-33.8515],[151.218917,-33.851528],[151.218903,-33.851579],[151.218874,-33.851614],[151.21885,-33.851667],[151.218855,-33.851742],[151.21886,-33.85179],[151.218852,-33.851827],[151.218834,-33.851862],[151.218776,-33.851932],[151.218738,-33.851968]]]}},{"type":"Feature","properties":{"k":"scrub"},"geometry":{"type":"Polygon","coordinates":[[[151.218319,-33.868127],[151.218381,-33.868224],[151.218504,-33.868355],[151.218557,-33.86839],[151.21862,-33.868414],[151.218656,-33.86842],[151.218697,-33.868416],[151.218721,-33.868401],[151.218745,-33.86805],[151.218276,-33.868035],[151.218319,-33.868127]]]}},{"type":"Feature","properties":{"k":"grass"},"geometry":{"type":"Polygon","coordinates":[[[151.219276,-33.868572],[151.219296,-33.868499],[151.219128,-33.868443],[151.219088,-33.868412],[151.219011,-33.868325],[151.21898,-33.8684],[151.218979,-33.868451],[151.218997,-33.868469],[151.219023,-33.868488],[151.219276,-33.868572]]]}},{"type":"Feature","properties":{"k":"scrub"},"geometry":{"type":"Polygon","coordinates":[[[151.218985,-33.868755],[151.218851,-33.868739],[151.218782,-33.868735],[151.218775,-33.868749],[151.218777,-33.868766],[151.218893,-33.868782],[151.218967,-33.868799],[151.218992,-33.868776],[151.218985,-33.868755]]]}},{"type":"Feature","properties":{"k":"scrub"},"geometry":{"type":"Polygon","coordinates":[[[151.217401,-33.86785],[151.217521,-33.867908],[151.217608,-33.86774],[151.217718,-33.867777],[151.217745,-33.867736],[151.217627,-33.867656],[151.217823,-33.867456],[151.217795,-33.867383],[151.217401,-33.86785]]]}},{"type":"Feature","properties":{"k":"grass"},"geometry":{"type":"Polygon","coordinates":[[[151.21804,-33.868151],[151.217901,-33.868023],[151.217864,-33.868102],[151.218218,-33.868216],[151.218228,-33.86821],[151.218139,-33.868077],[151.21804,-33.868151]]]}},{"type":"Feature","properties":{"k":"scrub"},"geometry":{"type":"Polygon","coordinates":[[[151.218681,-33.868922],[151.218708,-33.868839],[151.218717,-33.868736],[151.21862,-33.868746],[151.218681,-33.868922]]]}},{"type":"Feature","properties":{"k":"wood"},"geometry":{"type":"Polygon","coordinates":[[[151.195724,-33.8737],[151.196337,-33.874751],[151.19624,-33.87479],[151.195627,-33.873739],[151.195724,-33.8737]]]}},{"type":"Feature","properties":{"k":"scrub"},"geometry":{"type":"Polygon","coordinates":[[[151.199801,-33.876713],[151.199743,-33.876762],[151.199778,-33.876824],[151.19981,-33.876823],[151.19986,-33.876815],[151.199801,-33.876713]]]}},{"type":"Feature","properties":{"k":"scrub"},"geometry":{"type":"Polygon","coordinates":[[[151.199935,-33.876933],[151.199883,-33.876919],[151.199847,-33.876932],[151.199925,-33.877074],[151.199998,-33.877047],[151.199935,-33.876933]]]}},{"type":"Feature","properties":{"k":"scrub"},"geometry":{"type":"Polygon","coordinates":[[[151.200019,-33.877069],[151.199949,-33.877098],[151.200023,-33.877226],[151.200191,-33.877283],[151.200247,-33.877276],[151.200089,-33.877189],[151.200019,-33.877069]]]}},{"type":"Feature","properties":{"k":"scrub"},"geometry":{"type":"Polygon","coordinates":[[[151.217853,-33.867425],[151.217939,-33.86734],[151.217934,-33.867309],[151.217996,-33.867293],[151.217982,-33.867257],[151.218027,-33.867245],[151.217996,-33.867167],[151.217999,-33.867151],[151.218006,-33.867148],[151.218013,-33.867146],[151.218013,-33.867143],[151.218008,-33.867133],[151.217991,-33.867154],[151.217917,-33.867237],[151.217921,-33.867263],[151.217834,-33.867365],[151.217853,-33.867425]]]}},{"type":"Feature","properties":{"k":"park"},"geometry":{"type":"Polygon","coordinates":[[[151.202046,-33.886348],[151.202055,-33.886347],[151.202065,-33.886342],[151.202069,-33.886337],[151.202071,-33.886331],[151.20207,-33.886324],[151.202067,-33.886318],[151.202064,-33.886314],[151.202057,-33.886311],[151.202049,-33.886309],[151.202041,-33.88631],[151.202037,-33.886311],[151.20203,-33.886316],[151.202027,-33.88632],[151.202024,-33.886327],[151.202025,-33.886334],[151.202029,-33.886341],[151.202035,-33.886345],[151.202042,-33.886348],[151.202046,-33.886348]]]}},{"type":"Feature","properties":{"k":"park"},"geometry":{"type":"Polygon","coordinates":[[[151.216343,-33.862375],[151.216382,-33.862362],[151.216438,-33.862318],[151.216469,-33.862266],[151.216477,-33.862229],[151.216498,-33.862211],[151.216524,-33.862206],[151.216568,-33.862212],[151.216586,-33.862234],[151.216313,-33.862539],[151.216286,-33.86254],[151.216242,-33.86253],[151.216246,-33.862516],[151.216252,-33.862501],[151.216283,-33.862496],[151.216308,-33.862483],[151.216318,-33.862456],[151.216318,-33.862429],[151.216307,-33.862408],[151.216272,-33.862394],[151.21624,-33.862399],[151.216216,-33.862414],[151.216206,-33.862429],[151.216204,-33.862449],[151.216209,-33.862479],[151.216207,-33.862499],[151.216202,-33.862525],[151.216167,-33.862516],[151.216161,-33.862504],[151.216212,-33.862362],[151.216343,-33.862375]]]}},{"type":"Feature","properties":{"k":"park"},"geometry":{"type":"Polygon","coordinates":[[[151.216111,-33.862789],[151.216126,-33.862806],[151.216184,-33.862828],[151.216228,-33.862825],[151.216283,-33.862813],[151.216297,-33.862796],[151.216307,-33.862769],[151.216308,-33.862749],[151.216296,-33.862729],[151.216273,-33.862713],[151.216266,-33.8627],[151.216272,-33.862681],[151.216276,-33.86266],[151.216264,-33.862642],[151.216249,-33.862618],[151.216243,-33.862594],[151.216239,-33.862555],[151.216299,-33.862575],[151.21631,-33.862589],[151.216359,-33.862817],[151.216186,-33.86284],[151.216072,-33.8628],[151.21615,-33.862546],[151.21616,-33.862538],[151.216198,-33.862548],[151.21618,-33.862598],[151.216146,-33.862656],[151.216122,-33.862705],[151.21611,-33.86276],[151.216111,-33.862789]]]}},{"type":"Feature","properties":{"k":"park"},"geometry":{"type":"Polygon","coordinates":[[[151.218343,-33.871593],[151.218316,-33.871718],[151.218358,-33.871724],[151.218322,-33.871908],[151.218348,-33.871911],[151.218322,-33.872033],[151.218104,-33.871996],[151.21822,-33.871414],[151.218375,-33.871435],[151.218343,-33.871593]]]}},{"type":"Feature","properties":{"k":"park"},"geometry":{"type":"Polygon","coordinates":[[[151.213705,-33.863711],[151.213667,-33.863798],[151.213912,-33.863903],[151.213953,-33.863928],[151.214593,-33.864435],[151.21476,-33.864361],[151.214791,-33.864322],[151.214808,-33.864258],[151.214635,-33.86421],[151.214728,-33.863977],[151.213861,-33.863715],[151.213845,-33.863752],[151.213705,-33.863711]]]}},{"type":"Feature","properties":{"k":"park"},"geometry":{"type":"Polygon","coordinates":[[[151.215813,-33.859822],[151.215822,-33.859855],[151.215699,-33.859876],[151.215691,-33.859843],[151.215813,-33.859822]]]}},{"type":"Feature","properties":{"k":"park"},"geometry":{"type":"Polygon","coordinates":[[[151.215833,-33.859906],[151.215842,-33.859938],[151.215719,-33.85996],[151.215711,-33.859927],[151.215833,-33.859906]]]}},{"type":"Feature","properties":{"k":"park"},"geometry":{"type":"Polygon","coordinates":[[[151.215444,-33.85992],[151.215448,-33.859888],[151.215461,-33.859863],[151.215482,-33.859842],[151.215514,-33.859824],[151.215522,-33.859861],[151.215504,-33.859871],[151.215488,-33.859892],[151.215482,-33.859914],[151.215444,-33.85992]]]}},{"type":"Feature","properties":{"k":"park"},"geometry":{"type":"Polygon","coordinates":[[[151.215444,-33.859976],[151.215452,-33.860009],[151.215343,-33.860026],[151.215335,-33.859993],[151.215444,-33.859976]]]}},{"type":"Feature","properties":{"k":"park"},"geometry":{"type":"Polygon","coordinates":[[[151.215574,-33.859815],[151.215612,-33.859819],[151.215642,-33.85983],[151.215667,-33.859848],[151.215688,-33.859874],[151.215644,-33.859881],[151.215632,-33.859865],[151.215607,-33.859851],[151.215581,-33.859847],[151.215574,-33.859815]]]}},{"type":"Feature","properties":{"k":"park"},"geometry":{"type":"Polygon","coordinates":[[[151.215565,-33.860034],[151.215527,-33.860031],[151.215497,-33.86002],[151.215471,-33.860002],[151.21545,-33.859976],[151.215494,-33.859969],[151.215507,-33.859984],[151.215532,-33.859998],[151.215558,-33.860003],[151.215565,-33.860034]]]}},{"type":"Feature","properties":{"k":"park"},"geometry":{"type":"Polygon","coordinates":[[[151.215696,-33.859929],[151.215692,-33.859961],[151.21568,-33.859986],[151.215658,-33.860007],[151.215627,-33.860025],[151.215618,-33.859989],[151.215637,-33.859978],[151.215653,-33.859957],[151.215658,-33.859935],[151.215696,-33.859929]]]}},{"type":"Feature","properties":{"k":"park"},"geometry":{"type":"Polygon","coordinates":[[[151.215423,-33.859889],[151.215431,-33.859922],[151.215322,-33.85994],[151.215314,-33.859907],[151.215423,-33.859889]]]}},{"type":"Feature","properties":{"k":"park"},"geometry":{"type":"Polygon","coordinates":[[[151.214383,-33.86154],[151.214396,-33.86154],[151.214518,-33.861213],[151.214543,-33.861132],[151.214504,-33.861118],[151.214504,-33.861142],[151.214484,-33.861238],[151.214383,-33.86154]]]}},{"type":"Feature","properties":{"k":"park"},"geometry":{"type":"Polygon","coordinates":[[[151.215934,-33.859878],[151.215947,-33.859928],[151.216086,-33.859903],[151.216081,-33.859881],[151.216057,-33.859857],[151.215934,-33.859878]]]}},{"type":"Feature","properties":{"k":"park"},"geometry":{"type":"Polygon","coordinates":[[[151.215922,-33.859843],[151.215896,-33.859743],[151.21591,-33.859724],[151.215939,-33.859719],[151.215983,-33.859738],[151.216022,-33.859738],[151.216082,-33.859717],[151.216157,-33.859689],[151.216244,-33.859673],[151.216282,-33.859684],[151.216364,-33.859729],[151.216401,-33.85976],[151.216433,-33.859807],[151.216414,-33.859839],[151.216367,-33.859859],[151.216166,-33.859892],[151.216164,-33.859881],[151.216183,-33.859844],[151.216382,-33.85981],[151.21637,-33.859764],[151.216178,-33.859798],[151.216156,-33.859782],[151.216128,-33.859772],[151.216103,-33.859774],[151.216072,-33.859784],[151.216056,-33.859803],[151.216051,-33.859822],[151.215922,-33.859843]]]}},{"type":"Feature","properties":{"k":"park"},"geometry":{"type":"Polygon","coordinates":[[[151.215509,-33.859552],[151.215595,-33.859583],[151.215579,-33.8596],[151.215549,-33.859618],[151.215526,-33.859624],[151.215509,-33.859552]]]}},{"type":"Feature","properties":{"k":"park"},"geometry":{"type":"Polygon","coordinates":[[[151.216906,-33.865744],[151.217132,-33.86583],[151.217393,-33.865914],[151.217511,-33.865594],[151.217003,-33.865444],[151.216993,-33.865518],[151.216981,-33.865565],[151.216906,-33.865744]]]}},{"type":"Feature","properties":{"k":"park"},"geometry":{"type":"Polygon","coordinates":[[[151.216049,-33.860239],[151.216031,-33.860242],[151.215956,-33.859933],[151.215974,-33.85993],[151.216049,-33.860239]]]}},{"type":"Feature","properties":{"k":"wood"},"geometry":{"type":"Polygon","coordinates":[[[151.215083,-33.859765],[151.215257,-33.859733],[151.215266,-33.859685],[151.215293,-33.859619],[151.215338,-33.859585],[151.215389,-33.859577],[151.215466,-33.859596],[151.215451,-33.859533],[151.215341,-33.859499],[151.215271,-33.859539],[151.215167,-33.859451],[151.215132,-33.859467],[151.215062,-33.859684],[151.215083,-33.859765]]]}},{"type":"Feature","properties":{"k":"grass"},"geometry":{"type":"Polygon","coordinates":[[[151.209407,-33.874019],[151.209349,-33.874014],[151.20933,-33.874137],[151.209351,-33.87414],[151.209346,-33.874175],[151.209326,-33.874172],[151.209322,-33.8742],[151.209368,-33.874204],[151.209384,-33.874206],[151.209407,-33.874019]]]}},{"type":"Feature","properties":{"k":"park"},"geometry":{"type":"Polygon","coordinates":[[[151.200268,-33.880923],[151.200251,-33.880892],[151.200198,-33.880913],[151.200133,-33.880939],[151.200092,-33.880971],[151.200047,-33.881006],[151.200199,-33.880949],[151.200268,-33.880923]]]}},{"type":"Feature","properties":{"k":"park"},"geometry":{"type":"Polygon","coordinates":[[[151.201785,-33.868775],[151.201793,-33.86885],[151.201788,-33.86885],[151.201783,-33.868799],[151.201781,-33.868775],[151.201785,-33.868775]]]}},{"type":"Feature","properties":{"k":"park"},"geometry":{"type":"Polygon","coordinates":[[[151.201705,-33.867979],[151.201687,-33.86798],[151.201684,-33.867947],[151.201702,-33.867945],[151.201705,-33.867979]]]}},{"type":"Feature","properties":{"k":"park"},"geometry":{"type":"Polygon","coordinates":[[[151.201715,-33.868072],[151.201696,-33.868073],[151.2017,-33.868109],[151.201718,-33.868108],[151.201715,-33.868072]]]}},{"type":"Feature","properties":{"k":"scrub"},"geometry":{"type":"Polygon","coordinates":[[[151.216133,-33.86107],[151.216167,-33.861087],[151.216192,-33.861094],[151.216197,-33.861091],[151.216199,-33.861085],[151.216195,-33.861079],[151.216168,-33.86106],[151.21615,-33.861039],[151.216139,-33.861016],[151.216134,-33.861012],[151.216128,-33.861011],[151.216123,-33.861015],[151.216119,-33.861021],[151.21612,-33.861057],[151.216125,-33.861065],[151.216133,-33.86107]]]}},{"type":"Feature","properties":{"k":"park"},"geometry":{"type":"Polygon","coordinates":[[[151.218133,-33.886166],[151.21812,-33.886119],[151.218151,-33.885848],[151.21823,-33.885476],[151.218252,-33.885464],[151.218269,-33.885493],[151.218731,-33.886364],[151.21864,-33.886415],[151.218172,-33.886189],[151.218133,-33.886166]]]}},{"type":"Feature","properties":{"k":"park"},"geometry":{"type":"Polygon","coordinates":[[[151.197099,-33.88895],[151.197043,-33.888924],[151.19696,-33.889047],[151.197015,-33.889073],[151.197099,-33.88895]]]}},{"type":"Feature","properties":{"k":"park"},"geometry":{"type":"Polygon","coordinates":[[[151.213597,-33.864001],[151.213836,-33.863999],[151.213895,-33.863989],[151.213915,-33.863976],[151.213909,-33.863956],[151.213855,-33.863932],[151.213682,-33.863869],[151.213656,-33.863887],[151.213623,-33.863881],[151.213599,-33.863889],[151.213587,-33.863923],[151.213584,-33.863961],[151.213597,-33.864001]]]}},{"type":"Feature","properties":{"k":"park"},"geometry":{"type":"Polygon","coordinates":[[[151.20058,-33.885437],[151.200674,-33.885433],[151.200666,-33.885303],[151.200572,-33.885307],[151.20058,-33.885437]]]}},{"type":"Feature","properties":{"k":"park"},"geometry":{"type":"Polygon","coordinates":[[[151.197564,-33.869029],[151.197576,-33.869312],[151.197519,-33.869376],[151.197246,-33.869334],[151.197256,-33.869284],[151.197299,-33.869292],[151.197328,-33.869186],[151.197311,-33.869124],[151.197323,-33.869052],[151.197364,-33.869056],[151.197372,-33.869005],[151.197564,-33.869029]]]}},{"type":"Feature","properties":{"k":"park"},"geometry":{"type":"Polygon","coordinates":[[[151.196657,-33.869145],[151.196641,-33.869222],[151.196749,-33.869238],[151.196753,-33.869219],[151.196806,-33.869226],[151.196818,-33.869169],[151.196657,-33.869145]]]}},{"type":"Feature","properties":{"k":"wood"},"geometry":{"type":"Polygon","coordinates":[[[151.217014,-33.863616],[151.217001,-33.863891],[151.216985,-33.864199],[151.216882,-33.864185],[151.216786,-33.864128],[151.216739,-33.864061],[151.216679,-33.864015],[151.216601,-33.863846],[151.216734,-33.863701],[151.217014,-33.863616]]]}},{"type":"Feature","properties":{"k":"park"},"geometry":{"type":"Polygon","coordinates":[[[151.213502,-33.863559],[151.213429,-33.863536],[151.213338,-33.863537],[151.213271,-33.863554],[151.21325,-33.863576],[151.213246,-33.863604],[151.213261,-33.863624],[151.213333,-33.863676],[151.213359,-33.863698],[151.213391,-33.863713],[151.213393,-33.863699],[151.21339,-33.863688],[151.213382,-33.863677],[151.213367,-33.863667],[151.213382,-33.863629],[151.213461,-33.863652],[151.213502,-33.863559]]]}},{"type":"Feature","properties":{"k":"park"},"geometry":{"type":"Polygon","coordinates":[[[151.21276,-33.877138],[151.212719,-33.877101],[151.21273,-33.877092],[151.212776,-33.877125],[151.21276,-33.877138]]]}},{"type":"Feature","properties":{"k":"park"},"geometry":{"type":"Polygon","coordinates":[[[151.215424,-33.879334],[151.215383,-33.879297],[151.215394,-33.879288],[151.21544,-33.879321],[151.215424,-33.879334]]]}},{"type":"Feature","properties":{"k":"grass"},"geometry":{"type":"Polygon","coordinates":[[[151.216195,-33.879478],[151.216336,-33.879541],[151.216426,-33.879455],[151.216202,-33.879421],[151.216195,-33.879478]]]}},{"type":"Feature","properties":{"k":"grass"},"geometry":{"type":"Polygon","coordinates":[[[151.219189,-33.879386],[151.219095,-33.879409],[151.21901,-33.879388],[151.218883,-33.879294],[151.218872,-33.87925],[151.219189,-33.879386]]]}},{"type":"Feature","properties":{"k":"grass"},"geometry":{"type":"Polygon","coordinates":[[[151.218835,-33.879416],[151.218771,-33.87938],[151.218713,-33.879376],[151.218661,-33.879375],[151.218657,-33.879414],[151.218615,-33.879417],[151.218616,-33.879465],[151.21868,-33.879478],[151.218732,-33.879514],[151.218835,-33.879416]]]}},{"type":"Feature","properties":{"k":"scrub"},"geometry":{"type":"Polygon","coordinates":[[[151.219854,-33.863328],[151.219896,-33.863297],[151.220015,-33.8632],[151.219808,-33.863178],[151.219801,-33.863216],[151.219807,-33.863262],[151.219825,-33.863301],[151.219854,-33.863328]]]}},{"type":"Feature","properties":{"k":"park"},"geometry":{"type":"Polygon","coordinates":[[[151.213115,-33.863902],[151.21312,-33.863915],[151.21316,-33.863941],[151.213238,-33.863974],[151.213286,-33.863852],[151.213299,-33.863845],[151.213355,-33.863825],[151.213362,-33.86381],[151.213282,-33.863822],[151.213188,-33.863854],[151.213133,-33.863881],[151.213115,-33.863902]]]}},{"type":"Feature","properties":{"k":"park"},"geometry":{"type":"Polygon","coordinates":[[[151.213103,-33.863833],[151.213101,-33.863825],[151.213129,-33.863713],[151.213158,-33.863667],[151.213172,-33.863662],[151.213184,-33.86367],[151.21326,-33.863748],[151.213267,-33.863761],[151.21326,-33.863771],[151.213111,-33.863833],[151.213103,-33.863833]]]}},{"type":"Feature","properties":{"k":"park"},"geometry":{"type":"Polygon","coordinates":[[[151.216847,-33.868175],[151.216818,-33.868147],[151.21681,-33.868114],[151.216827,-33.868081],[151.216853,-33.868053],[151.216854,-33.868018],[151.216871,-33.868007],[151.216904,-33.868012],[151.21696,-33.868002],[151.217008,-33.867974],[151.217022,-33.867977],[151.217027,-33.867987],[151.216847,-33.868175]]]}},{"type":"Feature","properties":{"k":"scrub"},"geometry":{"type":"Polygon","coordinates":[[[151.213294,-33.863853],[151.213238,-33.864],[151.213219,-33.864058],[151.213187,-33.864161],[151.213127,-33.864492],[151.213228,-33.864503],[151.213226,-33.864531],[151.213294,-33.864487],[151.213314,-33.864438],[151.213299,-33.86427],[151.213294,-33.864185],[151.213301,-33.864095],[151.213327,-33.863966],[151.213364,-33.863826],[151.213294,-33.863853]]]}},{"type":"Feature","properties":{"k":"park"},"geometry":{"type":"Polygon","coordinates":[[[151.213479,-33.86159],[151.213268,-33.861537],[151.213272,-33.861527],[151.213327,-33.861534],[151.213381,-33.861546],[151.213424,-33.861558],[151.213484,-33.861577],[151.213479,-33.86159]]]}},{"type":"Feature","properties":{"k":"park"},"geometry":{"type":"Polygon","coordinates":[[[151.200555,-33.88637],[151.20086,-33.886409],[151.200871,-33.886355],[151.200844,-33.88635],[151.200785,-33.886346],[151.200752,-33.886344],[151.200718,-33.886344],[151.200677,-33.886344],[151.200643,-33.886348],[151.200614,-33.886351],[151.200576,-33.886359],[151.200555,-33.88637]]]}},{"type":"Feature","properties":{"k":"park"},"geometry":{"type":"Polygon","coordinates":[[[151.20089,-33.886356],[151.20088,-33.886411],[151.201116,-33.886444],[151.201111,-33.886429],[151.201007,-33.88641],[151.201015,-33.886339],[151.201015,-33.886297],[151.200999,-33.886322],[151.200978,-33.886338],[151.200955,-33.886351],[151.20093,-33.886357],[151.20089,-33.886356]]]}},{"type":"Feature","properties":{"k":"grass"},"geometry":{"type":"Polygon","coordinates":[[[151.210769,-33.881213],[151.210773,-33.881154],[151.210708,-33.88115],[151.21071,-33.881121],[151.210527,-33.881111],[151.21052,-33.8812],[151.210769,-33.881213]]]}},{"type":"Feature","properties":{"k":"park"},"geometry":{"type":"Polygon","coordinates":[[[151.215274,-33.86452],[151.215275,-33.864439],[151.215291,-33.864453],[151.21531,-33.864458],[151.215331,-33.86446],[151.215274,-33.86452]]]}},{"type":"Feature","properties":{"k":"park"},"geometry":{"type":"Polygon","coordinates":[[[151.215302,-33.863483],[151.215302,-33.863565],[151.215321,-33.863556],[151.215342,-33.863551],[151.215367,-33.863551],[151.215302,-33.863483]]]}},{"type":"Feature","properties":{"k":"park"},"geometry":{"type":"Polygon","coordinates":[[[151.216009,-33.865538],[151.216014,-33.865528],[151.216123,-33.865561],[151.216118,-33.865572],[151.216009,-33.865538]]]}},{"type":"Feature","properties":{"k":"park"},"geometry":{"type":"Polygon","coordinates":[[[151.219215,-33.863766],[151.219228,-33.863779],[151.219233,-33.863795],[151.218964,-33.863848],[151.218855,-33.863892],[151.218759,-33.863932],[151.21867,-33.863987],[151.218552,-33.864088],[151.218537,-33.864089],[151.218531,-33.864078],[151.218597,-33.863902],[151.218621,-33.863886],[151.218644,-33.863821],[151.218713,-33.863833],[151.218777,-33.863827],[151.218871,-33.863799],[151.218946,-33.863774],[151.219,-33.863759],[151.219099,-33.863754],[151.219186,-33.863757],[151.219215,-33.863766]]]}},{"type":"Feature","properties":{"k":"park"},"geometry":{"type":"Polygon","coordinates":[[[151.217485,-33.870731],[151.217679,-33.870567],[151.217787,-33.870662],[151.217893,-33.870723],[151.217827,-33.871039],[151.217508,-33.870994],[151.21765,-33.870866],[151.217485,-33.870731]]]}},{"type":"Feature","properties":{"k":"scrub"},"geometry":{"type":"Polygon","coordinates":[[[151.217788,-33.872458],[151.217687,-33.872444],[151.217703,-33.872355],[151.217814,-33.872369],[151.217798,-33.872449],[151.217788,-33.872458]]]}},{"type":"Feature","properties":{"k":"scrub"},"geometry":{"type":"Polygon","coordinates":[[[151.200668,-33.889301],[151.200629,-33.889465],[151.200621,-33.889486],[151.200595,-33.889544],[151.200609,-33.889556],[151.200806,-33.889308],[151.200736,-33.8893],[151.200735,-33.889309],[151.200668,-33.889301]]]}},{"type":"Feature","properties":{"k":"park"},"geometry":{"type":"Polygon","coordinates":[[[151.219102,-33.864326],[151.219085,-33.864316],[151.219064,-33.864301],[151.219055,-33.864272],[151.219081,-33.864177],[151.219081,-33.864156],[151.219073,-33.864129],[151.219058,-33.864095],[151.219054,-33.86406],[151.219068,-33.864024],[151.21915,-33.863977],[151.219218,-33.863951],[151.219278,-33.863936],[151.219298,-33.86394],[151.219307,-33.863954],[151.219204,-33.864117],[151.219157,-33.864216],[151.219115,-33.864306],[151.219105,-33.864322],[151.219102,-33.864326]]]}},{"type":"Feature","properties":{"k":"wood"},"geometry":{"type":"Polygon","coordinates":[[[151.216364,-33.866569],[151.216383,-33.866626],[151.216417,-33.866653],[151.216462,-33.866669],[151.216511,-33.866669],[151.216554,-33.866655],[151.216592,-33.866623],[151.216632,-33.866585],[151.216721,-33.866647],[151.216803,-33.866686],[151.216874,-33.866726],[151.216974,-33.8668],[151.21706,-33.866837],[151.217155,-33.866855],[151.217234,-33.8669],[151.217282,-33.866904],[151.217344,-33.86689],[151.217443,-33.866947],[151.217455,-33.866976],[151.217534,-33.867021],[151.217516,-33.867044],[151.217502,-33.867064],[151.217493,-33.867085],[151.217497,-33.8671],[151.217507,-33.867109],[151.217493,-33.867127],[151.217437,-33.867096],[151.217373,-33.867063],[151.217284,-33.867017],[151.217153,-33.866956],[151.216306,-33.866687],[151.216364,-33.866569]]]}},{"type":"Feature","properties":{"k":"park"},"geometry":{"type":"Polygon","coordinates":[[[151.207415,-33.85567],[151.207562,-33.855773],[151.207449,-33.855878],[151.207405,-33.855849],[151.207418,-33.855818],[151.207422,-33.855776],[151.207414,-33.85574],[151.207394,-33.855684],[151.207415,-33.85567]]]}},{"type":"Feature","properties":{"k":"scrub"},"geometry":{"type":"Polygon","coordinates":[[[151.203119,-33.888231],[151.20315,-33.888284],[151.203158,-33.888316],[151.20315,-33.88834],[151.203133,-33.888352],[151.203044,-33.888387],[151.203021,-33.888393],[151.203003,-33.888405],[151.20299,-33.888421],[151.202984,-33.88844],[151.202986,-33.888459],[151.202995,-33.888477],[151.20301,-33.888492],[151.202917,-33.888558],[151.202887,-33.888604],[151.202881,-33.888649],[151.202824,-33.888644],[151.202887,-33.888354],[151.202897,-33.888332],[151.203119,-33.888231]]]}},{"type":"Feature","properties":{"k":"scrub"},"geometry":{"type":"Polygon","coordinates":[[[151.21708,-33.862903],[151.217131,-33.862888],[151.217161,-33.862871],[151.217175,-33.86285],[151.217186,-33.862828],[151.21721,-33.862807],[151.217092,-33.862654],[151.217077,-33.862633],[151.217065,-33.862631],[151.217052,-33.862634],[151.217041,-33.862641],[151.217037,-33.862645],[151.217037,-33.862656],[151.21708,-33.862903]]]}},{"type":"Feature","properties":{"k":"scrub"},"geometry":{"type":"Polygon","coordinates":[[[151.213707,-33.870498],[151.2137,-33.870524],[151.21371,-33.870565],[151.213725,-33.870592],[151.21374,-33.870598],[151.213748,-33.870592],[151.213748,-33.870581],[151.213725,-33.870512],[151.213717,-33.870502],[151.213707,-33.870498]]]}},{"type":"Feature","properties":{"k":"park"},"geometry":{"type":"Polygon","coordinates":[[[151.212167,-33.869307],[151.212173,-33.869258],[151.212286,-33.869267],[151.212404,-33.869277],[151.212399,-33.869332],[151.212167,-33.869307]]]}},{"type":"Feature","properties":{"k":"grass"},"geometry":{"type":"Polygon","coordinates":[[[151.212237,-33.868788],[151.212201,-33.869056],[151.212214,-33.869056],[151.212241,-33.86903],[151.212265,-33.868994],[151.212283,-33.868956],[151.212291,-33.868918],[151.21229,-33.868881],[151.21228,-33.868839],[151.212257,-33.868798],[151.212246,-33.868788],[151.212237,-33.868788]]]}},{"type":"Feature","properties":{"k":"grass"},"geometry":{"type":"Polygon","coordinates":[[[151.212253,-33.86867],[151.212245,-33.86873],[151.21227,-33.868732],[151.212301,-33.868718],[151.212326,-33.868707],[151.212353,-33.868698],[151.212376,-33.868693],[151.212387,-33.868694],[151.212389,-33.868682],[151.212253,-33.86867]]]}},{"type":"Feature","properties":{"k":"grass"},"geometry":{"type":"Polygon","coordinates":[[[151.212193,-33.869113],[151.212185,-33.86918],[151.212259,-33.869186],[151.21226,-33.869173],[151.212256,-33.869157],[151.21225,-33.869144],[151.212239,-33.869132],[151.212229,-33.869123],[151.21221,-33.869115],[151.212193,-33.869113]]]}},{"type":"Feature","properties":{"k":"grass"},"geometry":{"type":"Polygon","coordinates":[[[151.213912,-33.870079],[151.213626,-33.870255],[151.213661,-33.869982],[151.213685,-33.869984],[151.213712,-33.869986],[151.213739,-33.869987],[151.213766,-33.869989],[151.213793,-33.869991],[151.21382,-33.869993],[151.213845,-33.869995],[151.213912,-33.870079]]]}},{"type":"Feature","properties":{"k":"park"},"geometry":{"type":"Polygon","coordinates":[[[151.212175,-33.869243],[151.212173,-33.869258],[151.212286,-33.869267],[151.212289,-33.869253],[151.212175,-33.869243]]]}},{"type":"Feature","properties":{"k":"grass"},"geometry":{"type":"Polygon","coordinates":[[[151.213386,-33.868942],[151.213377,-33.869234],[151.213418,-33.869168],[151.213436,-33.869133],[151.213435,-33.869006],[151.213428,-33.86899],[151.213386,-33.868942]]]}},{"type":"Feature","properties":{"k":"grass"},"geometry":{"type":"Polygon","coordinates":[[[151.213272,-33.869269],[151.213335,-33.869274],[151.213354,-33.869036],[151.213359,-33.868976],[151.213347,-33.868941],[151.213334,-33.868923],[151.213324,-33.868919],[151.213315,-33.868985],[151.213272,-33.869269]]]}},{"type":"Feature","properties":{"k":"park"},"geometry":{"type":"Polygon","coordinates":[[[151.206984,-33.862418],[151.206951,-33.86248],[151.206899,-33.862479],[151.206942,-33.862406],[151.206984,-33.862418]]]}},{"type":"Feature","properties":{"k":"scrub"},"geometry":{"type":"Polygon","coordinates":[[[151.213785,-33.865153],[151.21374,-33.8651],[151.21372,-33.865073],[151.213707,-33.865068],[151.213655,-33.865092],[151.213622,-33.865126],[151.213614,-33.865153],[151.21363,-33.86517],[151.213657,-33.865181],[151.213736,-33.865224],[151.213803,-33.86526],[151.213842,-33.865259],[151.213864,-33.865245],[151.213785,-33.865153]]]}},{"type":"Feature","properties":{"k":"park"},"geometry":{"type":"Polygon","coordinates":[[[151.211966,-33.866662],[151.21188,-33.866655],[151.21184,-33.86698],[151.211882,-33.866985],[151.21196,-33.866992],[151.211974,-33.866882],[151.212004,-33.866666],[151.211966,-33.866662]]]}},{"type":"Feature","properties":{"k":"park"},"geometry":{"type":"Polygon","coordinates":[[[151.212978,-33.866611],[151.212973,-33.866645],[151.212704,-33.866621],[151.212731,-33.86641],[151.212713,-33.866409],[151.212683,-33.866635],[151.213005,-33.866664],[151.213012,-33.866614],[151.212978,-33.866611]]]}},{"type":"Feature","properties":{"k":"park"},"geometry":{"type":"Polygon","coordinates":[[[151.213031,-33.866688],[151.213048,-33.866689],[151.213056,-33.866624],[151.213039,-33.866622],[151.213033,-33.866667],[151.213031,-33.866688]]]}},{"type":"Feature","properties":{"k":"park"},"geometry":{"type":"Polygon","coordinates":[[[151.213352,-33.866717],[151.213374,-33.866719],[151.213439,-33.866681],[151.213651,-33.8667],[151.213654,-33.866678],[151.213521,-33.866667],[151.213524,-33.86664],[151.213364,-33.866627],[151.213352,-33.866717]]]}},{"type":"Feature","properties":{"k":"grass"},"geometry":{"type":"Polygon","coordinates":[[[151.213327,-33.867999],[151.213307,-33.868162],[151.213298,-33.868162],[151.213284,-33.86814],[151.213266,-33.868118],[151.21324,-33.868091],[151.213223,-33.868073],[151.213216,-33.868068],[151.213217,-33.868055],[151.213225,-33.868053],[151.213242,-33.868047],[151.213273,-33.868033],[151.213301,-33.868018],[151.21332,-33.867999],[151.213327,-33.867999]]]}},{"type":"Feature","properties":{"k":"park"},"geometry":{"type":"Polygon","coordinates":[[[151.21241,-33.867629],[151.212403,-33.867684],[151.212473,-33.86769],[151.212481,-33.867635],[151.21241,-33.867629]]]}},{"type":"Feature","properties":{"k":"park"},"geometry":{"type":"Polygon","coordinates":[[[151.212541,-33.867483],[151.212501,-33.86748],[151.212517,-33.867354],[151.212558,-33.867358],[151.212541,-33.867483]]]}},{"type":"Feature","properties":{"k":"park"},"geometry":{"type":"Polygon","coordinates":[[[151.212486,-33.867591],[151.212498,-33.867505],[151.212538,-33.867508],[151.212526,-33.867595],[151.212486,-33.867591]]]}},{"type":"Feature","properties":{"k":"park"},"geometry":{"type":"Polygon","coordinates":[[[151.212561,-33.867333],[151.212521,-33.867329],[151.212529,-33.867264],[151.21257,-33.867268],[151.212561,-33.867333]]]}},{"type":"Feature","properties":{"k":"park"},"geometry":{"type":"Polygon","coordinates":[[[151.213159,-33.868429],[151.213161,-33.86841],[151.213194,-33.868405],[151.213223,-33.868396],[151.213253,-33.868369],[151.213285,-33.868339],[151.213302,-33.868296],[151.213312,-33.868246],[151.213326,-33.868247],[151.213316,-33.868321],[151.213282,-33.868368],[151.213272,-33.86844],[151.213159,-33.868429]]]}},{"type":"Feature","properties":{"k":"park"},"geometry":{"type":"Polygon","coordinates":[[[151.213181,-33.868126],[151.213239,-33.868132],[151.213295,-33.868213],[151.213294,-33.868266],[151.21327,-33.868328],[151.213225,-33.868366],[151.2132,-33.868381],[151.213175,-33.868386],[151.213145,-33.868385],[151.213158,-33.868382],[151.213168,-33.868375],[151.213173,-33.868363],[151.213176,-33.868351],[151.213182,-33.868308],[151.213202,-33.868303],[151.213222,-33.868292],[151.213234,-33.868278],[151.21324,-33.868261],[151.213238,-33.868242],[151.213226,-33.868223],[151.213213,-33.868213],[151.213197,-33.868206],[151.213203,-33.868159],[151.213203,-33.868149],[151.2132,-33.86814],[151.213193,-33.868132],[151.213181,-33.868126]]]}},{"type":"Feature","properties":{"k":"grass"},"geometry":{"type":"Polygon","coordinates":[[[151.212744,-33.866044],[151.212766,-33.866081],[151.212809,-33.866069],[151.212851,-33.866062],[151.21287,-33.866061],[151.212871,-33.866043],[151.212876,-33.866036],[151.212886,-33.866032],[151.212896,-33.866031],[151.212917,-33.866033],[151.212926,-33.866036],[151.212931,-33.866042],[151.212935,-33.866049],[151.212936,-33.866064],[151.212964,-33.866066],[151.212972,-33.866014],[151.212945,-33.866005],[151.212917,-33.866],[151.212886,-33.865999],[151.212854,-33.866],[151.212823,-33.866006],[151.212792,-33.866017],[151.212744,-33.866044]]]}},{"type":"Feature","properties":{"k":"grass"},"geometry":{"type":"Polygon","coordinates":[[[151.21308,-33.865898],[151.213077,-33.865915],[151.213071,-33.865925],[151.213057,-33.865934],[151.213041,-33.865942],[151.213021,-33.865943],[151.212959,-33.865938],[151.212931,-33.865938],[151.212898,-33.865941],[151.212856,-33.865945],[151.21278,-33.86596],[151.212744,-33.865963],[151.212726,-33.865956],[151.212707,-33.865944],[151.212692,-33.865925],[151.21272,-33.865911],[151.212724,-33.865919],[151.212732,-33.865925],[151.212743,-33.865929],[151.212757,-33.865931],[151.212769,-33.865932],[151.212827,-33.865923],[151.212851,-33.865919],[151.212894,-33.865914],[151.212926,-33.865913],[151.21296,-33.865915],[151.213024,-33.865921],[151.213039,-33.865919],[151.21305,-33.865913],[151.213058,-33.865904],[151.213061,-33.865894],[151.21308,-33.865898]]]}},{"type":"Feature","properties":{"k":"grass"},"geometry":{"type":"Polygon","coordinates":[[[151.212639,-33.865977],[151.212701,-33.866013],[151.212666,-33.866043],[151.212633,-33.866079],[151.212604,-33.866113],[151.212584,-33.866149],[151.21258,-33.866172],[151.212538,-33.866169],[151.212545,-33.866142],[151.212563,-33.866095],[151.212584,-33.866051],[151.212611,-33.866013],[151.212639,-33.865977]]]}},{"type":"Feature","properties":{"k":"park"},"geometry":{"type":"Polygon","coordinates":[[[151.212744,-33.866044],[151.212727,-33.866053],[151.212697,-33.866076],[151.212672,-33.866096],[151.212647,-33.866121],[151.212631,-33.86614],[151.21262,-33.866162],[151.212613,-33.866183],[151.212562,-33.866452],[151.21263,-33.866459],[151.212687,-33.866196],[151.212696,-33.86616],[151.212706,-33.866139],[151.212721,-33.866112],[151.21274,-33.866093],[151.212766,-33.866081],[151.212744,-33.866044]]]}},{"type":"Feature","properties":{"k":"park"},"geometry":{"type":"Polygon","coordinates":[[[151.217058,-33.867732],[151.217099,-33.867745],[151.217165,-33.867761],[151.217204,-33.867769],[151.217207,-33.867777],[151.217167,-33.867828],[151.217109,-33.867825],[151.217054,-33.86774],[151.217058,-33.867732]]]}},{"type":"Feature","properties":{"k":"park"},"geometry":{"type":"Polygon","coordinates":[[[151.215291,-33.885194],[151.215369,-33.88498],[151.215503,-33.88507],[151.21548,-33.885163],[151.215291,-33.885194]]]}},{"type":"Feature","properties":{"k":"park"},"geometry":{"type":"Polygon","coordinates":[[[151.213601,-33.864351],[151.213564,-33.864448],[151.213599,-33.86454],[151.213672,-33.864648],[151.213767,-33.864624],[151.213601,-33.864351]]]}},{"type":"Feature","properties":{"k":"park"},"geometry":{"type":"Polygon","coordinates":[[[151.213686,-33.864052],[151.213627,-33.864055],[151.213542,-33.864075],[151.213489,-33.864103],[151.21367,-33.864333],[151.213774,-33.864302],[151.213686,-33.864052]]]}},{"type":"Feature","properties":{"k":"park"},"geometry":{"type":"Polygon","coordinates":[[[151.205845,-33.872689],[151.205844,-33.872695],[151.206101,-33.872706],[151.206101,-33.872701],[151.205845,-33.872689]]]}},{"type":"Feature","properties":{"k":"park"},"geometry":{"type":"Polygon","coordinates":[[[151.217361,-33.863513],[151.21736,-33.863489],[151.217375,-33.863468],[151.217433,-33.863433],[151.217466,-33.863412],[151.217481,-33.863394],[151.217499,-33.863357],[151.217528,-33.863332],[151.217562,-33.863315],[151.217633,-33.863442],[151.217635,-33.863454],[151.21762,-33.863459],[151.2175,-33.863484],[151.217361,-33.863513]]]}},{"type":"Feature","properties":{"k":"park"},"geometry":{"type":"Polygon","coordinates":[[[151.201807,-33.881289],[151.201947,-33.881572],[151.201925,-33.88158],[151.201785,-33.881298],[151.201748,-33.88131],[151.201737,-33.881291],[151.20183,-33.881257],[151.201842,-33.881279],[151.201807,-33.881289]]]}},{"type":"Feature","properties":{"k":"park"},"geometry":{"type":"Polygon","coordinates":[[[151.201902,-33.881587],[151.201886,-33.881592],[151.201954,-33.881735],[151.20197,-33.88173],[151.201902,-33.881587]]]}},{"type":"Feature","properties":{"k":"park"},"geometry":{"type":"Polygon","coordinates":[[[151.19836,-33.877088],[151.198737,-33.877712],[151.199362,-33.877475],[151.199353,-33.87746],[151.199249,-33.877283],[151.199238,-33.877263],[151.199383,-33.877217],[151.199093,-33.876814],[151.19836,-33.877088]]]}},{"type":"Feature","properties":{"k":"park"},"geometry":{"type":"Polygon","coordinates":[[[151.206225,-33.86179],[151.20623,-33.861781],[151.206225,-33.861774],[151.206042,-33.861705],[151.206032,-33.861707],[151.206027,-33.861717],[151.206225,-33.86179]]]}},{"type":"Feature","properties":{"k":"grass"},"geometry":{"type":"Polygon","coordinates":[[[151.200173,-33.885398],[151.200398,-33.88539],[151.200402,-33.885455],[151.200176,-33.885463],[151.200173,-33.885398]]]}},{"type":"Feature","properties":{"k":"park"},"geometry":{"type":"Polygon","coordinates":[[[151.206555,-33.861984],[151.20655,-33.861995],[151.206867,-33.862083],[151.206872,-33.862073],[151.206555,-33.861984]]]}},{"type":"Feature","properties":{"k":"scrub"},"geometry":{"type":"Polygon","coordinates":[[[151.215316,-33.862891],[151.215445,-33.862863],[151.215431,-33.862805],[151.215417,-33.862774],[151.215402,-33.86276],[151.21538,-33.862752],[151.215365,-33.862754],[151.215352,-33.862759],[151.215343,-33.862769],[151.215336,-33.86278],[151.215328,-33.862794],[151.215324,-33.862807],[151.215316,-33.862891]]]}},{"type":"Feature","properties":{"k":"scrub"},"geometry":{"type":"Polygon","coordinates":[[[151.215408,-33.863099],[151.215382,-33.863088],[151.215372,-33.863074],[151.215365,-33.863059],[151.21536,-33.863049],[151.215352,-33.863045],[151.215339,-33.863043],[151.21533,-33.863045],[151.215323,-33.86305],[151.215319,-33.863057],[151.215318,-33.863068],[151.215322,-33.863077],[151.215335,-33.863091],[151.215344,-33.863099],[151.215357,-33.863104],[151.215366,-33.863106],[151.21538,-33.863106],[151.215387,-33.863107],[151.215395,-33.863107],[151.215403,-33.863106],[151.215408,-33.863099]]]}},{"type":"Feature","properties":{"k":"scrub"},"geometry":{"type":"Polygon","coordinates":[[[151.215488,-33.863054],[151.215466,-33.863047],[151.215456,-33.863037],[151.215451,-33.863028],[151.215449,-33.863025],[151.215443,-33.863017],[151.215436,-33.863014],[151.215426,-33.863014],[151.215419,-33.863016],[151.215414,-33.863021],[151.215411,-33.863027],[151.215412,-33.863036],[151.215416,-33.863043],[151.215428,-33.863054],[151.215437,-33.863059],[151.215447,-33.863062],[151.215455,-33.863063],[151.215467,-33.863063],[151.215473,-33.863062],[151.215479,-33.863062],[151.215485,-33.86306],[151.215488,-33.863054]]]}},{"type":"Feature","properties":{"k":"scrub"},"geometry":{"type":"Polygon","coordinates":[[[151.215454,-33.862982],[151.215436,-33.86297],[151.215431,-33.862959],[151.215428,-33.862946],[151.215426,-33.862938],[151.21542,-33.862933],[151.21541,-33.862931],[151.215404,-33.862931],[151.215397,-33.862934],[151.215393,-33.862939],[151.215391,-33.862948],[151.215392,-33.862955],[151.215399,-33.862967],[151.215405,-33.862974],[151.215414,-33.86298],[151.215421,-33.862982],[151.215432,-33.862985],[151.215437,-33.862985],[151.215443,-33.862986],[151.215449,-33.862987],[151.215454,-33.862982]]]}},{"type":"Feature","properties":{"k":"scrub"},"geometry":{"type":"Polygon","coordinates":[[[151.215592,-33.863227],[151.215575,-33.863224],[151.215558,-33.86322],[151.21554,-33.863212],[151.21552,-33.863199],[151.215503,-33.863188],[151.215492,-33.863186],[151.215481,-33.863187],[151.215476,-33.863191],[151.215473,-33.863201],[151.215476,-33.86321],[151.21549,-33.86322],[151.215515,-33.863229],[151.215534,-33.863233],[151.215562,-33.863237],[151.215573,-33.863237],[151.215587,-33.863235],[151.215592,-33.863234],[151.215592,-33.863227]]]}},{"type":"Feature","properties":{"k":"scrub"},"geometry":{"type":"Polygon","coordinates":[[[151.21543,-33.863233],[151.215417,-33.86323],[151.215407,-33.863225],[151.215394,-33.863216],[151.215384,-33.863202],[151.215378,-33.863194],[151.215365,-33.86319],[151.215358,-33.863191],[151.215353,-33.863196],[151.215348,-33.863208],[151.215354,-33.863224],[151.215373,-33.863241],[151.215388,-33.863247],[151.21541,-33.863246],[151.215421,-33.863243],[151.215431,-33.86324],[151.21543,-33.863233]]]}},{"type":"Feature","properties":{"k":"scrub"},"geometry":{"type":"Polygon","coordinates":[[[151.215553,-33.863175],[151.215524,-33.86317],[151.215501,-33.863163],[151.21547,-33.863151],[151.215449,-33.863135],[151.215436,-33.86312],[151.215436,-33.86311],[151.215442,-33.863099],[151.215454,-33.863092],[151.215465,-33.863091],[151.21548,-33.863097],[151.215491,-33.863117],[151.215504,-33.863133],[151.215521,-33.863145],[151.215542,-33.863158],[151.215554,-33.863166],[151.215559,-33.863171],[151.215553,-33.863175]]]}},{"type":"Feature","properties":{"k":"scrub"},"geometry":{"type":"Polygon","coordinates":[[[151.215477,-33.863331],[151.215464,-33.863327],[151.215445,-33.863318],[151.21543,-33.8633],[151.21542,-33.863286],[151.215411,-33.863282],[151.215401,-33.863285],[151.215393,-33.863291],[151.215389,-33.863303],[151.215395,-33.863316],[151.215413,-33.86333],[151.215434,-33.863338],[151.21545,-33.86334],[151.215463,-33.86334],[151.215469,-33.863338],[151.215477,-33.863331]]]}},{"type":"Feature","properties":{"k":"scrub"},"geometry":{"type":"Polygon","coordinates":[[[151.215642,-33.863284],[151.215623,-33.863296],[151.215607,-33.863301],[151.215585,-33.863307],[151.215557,-33.863311],[151.215548,-33.86331],[151.215535,-33.863298],[151.215531,-33.86329],[151.215533,-33.863279],[151.215551,-33.863275],[151.215565,-33.863276],[151.215579,-33.863279],[151.215602,-33.863284],[151.215613,-33.863285],[151.215642,-33.863284]]]}},{"type":"Feature","properties":{"k":"scrub"},"geometry":{"type":"Polygon","coordinates":[[[151.214361,-33.864108],[151.214405,-33.864044],[151.214384,-33.864034],[151.214368,-33.864028],[151.214354,-33.86402],[151.21433,-33.864011],[151.214313,-33.86401],[151.214287,-33.86401],[151.214269,-33.864012],[151.214249,-33.864017],[151.214245,-33.86402],[151.214245,-33.864024],[151.214254,-33.864027],[151.214271,-33.864027],[151.214298,-33.86403],[151.214309,-33.864033],[151.214328,-33.864044],[151.214343,-33.864057],[151.214351,-33.86407],[151.214355,-33.864079],[151.214361,-33.864108]]]}},{"type":"Feature","properties":{"k":"scrub"},"geometry":{"type":"Polygon","coordinates":[[[151.214217,-33.864095],[151.214221,-33.864082],[151.214221,-33.864069],[151.214221,-33.864056],[151.214219,-33.864047],[151.214216,-33.864036],[151.214223,-33.864036],[151.214251,-33.864045],[151.214266,-33.864049],[151.214282,-33.864057],[151.214298,-33.864068],[151.214312,-33.864085],[151.214323,-33.864106],[151.214327,-33.864121],[151.214328,-33.864125],[151.214283,-33.864147],[151.214217,-33.864095]]]}},{"type":"Feature","properties":{"k":"scrub"},"geometry":{"type":"Polygon","coordinates":[[[151.214432,-33.864125],[151.214453,-33.864093],[151.214468,-33.864064],[151.214494,-33.864063],[151.214511,-33.864062],[151.214538,-33.86406],[151.214561,-33.864056],[151.214571,-33.864052],[151.214593,-33.864063],[151.214582,-33.864076],[151.214563,-33.864088],[151.214538,-33.864102],[151.214516,-33.864111],[151.214482,-33.864123],[151.214451,-33.864129],[151.214432,-33.864125]]]}},{"type":"Feature","properties":{"k":"scrub"},"geometry":{"type":"Polygon","coordinates":[[[151.214472,-33.864007],[151.214441,-33.863922],[151.214455,-33.863914],[151.214465,-33.863915],[151.214484,-33.863925],[151.214499,-33.863934],[151.214513,-33.863942],[151.214526,-33.863946],[151.214543,-33.863949],[151.21456,-33.863951],[151.214573,-33.863951],[151.214591,-33.86395],[151.214602,-33.863947],[151.214621,-33.863936],[151.214629,-33.863926],[151.214675,-33.863939],[151.214668,-33.863954],[151.214649,-33.863972],[151.214642,-33.863978],[151.214618,-33.863996],[151.214599,-33.864003],[151.214576,-33.86401],[151.21454,-33.864017],[151.214514,-33.864015],[151.214481,-33.86401],[151.214472,-33.864007]]]}},{"type":"Feature","properties":{"k":"scrub"},"geometry":{"type":"Polygon","coordinates":[[[151.214405,-33.863994],[151.214398,-33.86397],[151.214391,-33.863948],[151.214381,-33.863931],[151.214369,-33.863918],[151.214351,-33.863911],[151.21433,-33.863912],[151.214312,-33.863917],[151.214291,-33.863925],[151.214256,-33.863932],[151.214225,-33.86393],[151.214197,-33.863922],[151.214169,-33.863907],[151.214155,-33.863898],[151.214144,-33.863908],[151.21414,-33.863922],[151.214135,-33.863959],[151.214136,-33.863983],[151.214141,-33.863997],[151.214158,-33.864004],[151.214183,-33.864006],[151.214216,-33.864002],[151.214239,-33.863996],[151.214264,-33.863989],[151.214287,-33.863984],[151.21431,-33.86398],[151.214335,-33.863979],[151.214369,-33.863983],[151.214405,-33.863994]]]}},{"type":"Feature","properties":{"k":"scrub"},"geometry":{"type":"Polygon","coordinates":[[[151.21412,-33.863999],[151.214121,-33.863977],[151.214119,-33.863959],[151.214116,-33.863944],[151.21411,-33.863931],[151.214098,-33.863916],[151.214067,-33.863889],[151.214044,-33.863874],[151.214019,-33.863862],[151.213988,-33.863851],[151.213966,-33.863838],[151.213942,-33.863824],[151.21392,-33.863803],[151.21391,-33.863788],[151.213907,-33.863782],[151.213879,-33.86379],[151.213857,-33.863795],[151.213835,-33.863797],[151.21381,-33.863796],[151.213785,-33.86379],[151.213779,-33.863788],[151.213761,-33.863782],[151.213736,-33.863798],[151.213777,-33.863811],[151.213812,-33.863823],[151.213839,-33.863832],[151.213883,-33.86385],[151.213918,-33.863866],[151.213958,-33.863893],[151.213978,-33.863908],[151.214011,-33.86393],[151.214064,-33.863971],[151.214082,-33.863985],[151.214099,-33.863997],[151.214111,-33.864003],[151.21412,-33.863999]]]}},{"type":"Feature","properties":{"k":"scrub"},"geometry":{"type":"Polygon","coordinates":[[[151.214118,-33.863862],[151.214101,-33.863863],[151.214077,-33.863861],[151.214052,-33.863855],[151.214029,-33.863845],[151.214013,-33.863831],[151.214001,-33.863817],[151.213994,-33.863802],[151.213989,-33.863786],[151.213984,-33.863771],[151.21398,-33.863763],[151.213973,-33.863756],[151.213962,-33.863741],[151.214034,-33.863761],[151.214075,-33.863792],[151.214092,-33.863806],[151.214102,-33.863817],[151.214112,-33.863833],[151.214116,-33.863839],[151.214118,-33.863862]]]}},{"type":"Feature","properties":{"k":"scrub"},"geometry":{"type":"Polygon","coordinates":[[[151.214134,-33.863787],[151.214145,-33.863796],[151.214167,-33.863827],[151.214175,-33.863846],[151.214186,-33.863861],[151.214197,-33.863867],[151.214216,-33.863865],[151.214236,-33.863861],[151.214256,-33.86386],[151.214288,-33.86386],[151.214308,-33.863861],[151.214316,-33.86386],[151.214308,-33.863845],[151.214296,-33.863836],[151.214134,-33.863787]]]}},{"type":"Feature","properties":{"k":"scrub"},"geometry":{"type":"Polygon","coordinates":[[[151.214595,-33.864396],[151.214602,-33.86439],[151.214593,-33.864372],[151.214572,-33.864361],[151.214548,-33.864346],[151.214526,-33.86432],[151.214517,-33.864305],[151.214506,-33.864285],[151.214494,-33.864265],[151.214482,-33.86425],[151.214464,-33.864235],[151.214439,-33.864215],[151.214429,-33.864201],[151.214403,-33.864157],[151.214372,-33.864177],[151.214355,-33.864185],[151.214337,-33.86419],[151.214595,-33.864396]]]}},{"type":"Feature","properties":{"k":"scrub"},"geometry":{"type":"Polygon","coordinates":[[[151.206199,-33.860486],[151.206211,-33.860524],[151.206207,-33.860596],[151.206215,-33.860602],[151.206225,-33.860586],[151.206241,-33.860582],[151.206252,-33.860583],[151.206268,-33.860596],[151.206274,-33.860594],[151.206248,-33.860544],[151.206228,-33.8605],[151.206221,-33.860483],[151.206199,-33.860486]]]}},{"type":"Feature","properties":{"k":"grass"},"geometry":{"type":"Polygon","coordinates":[[[151.212966,-33.864669],[151.213021,-33.864672],[151.213002,-33.864781],[151.212963,-33.864974],[151.212931,-33.865171],[151.21292,-33.865283],[151.212923,-33.865347],[151.212933,-33.865402],[151.212912,-33.86539],[151.212885,-33.865353],[151.21287,-33.865292],[151.212877,-33.8652],[151.212897,-33.86509],[151.212928,-33.86496],[151.212966,-33.864669]]]}},{"type":"Feature","properties":{"k":"grass"},"geometry":{"type":"Polygon","coordinates":[[[151.212762,-33.865466],[151.212739,-33.865342],[151.212745,-33.86527],[151.212835,-33.864661],[151.212932,-33.864667],[151.212879,-33.865003],[151.21284,-33.865192],[151.212837,-33.865239],[151.212848,-33.86534],[151.212861,-33.865382],[151.212878,-33.865408],[151.212885,-33.86542],[151.212879,-33.865431],[151.212857,-33.865444],[151.212805,-33.86547],[151.212781,-33.865475],[151.212762,-33.865466]]]}},{"type":"Feature","properties":{"k":"grass"},"geometry":{"type":"Polygon","coordinates":[[[151.213058,-33.865631],[151.213025,-33.865626],[151.212906,-33.865593],[151.212818,-33.86554],[151.212817,-33.865524],[151.212821,-33.865508],[151.212828,-33.8655],[151.212916,-33.865453],[151.212936,-33.865448],[151.212947,-33.865452],[151.212964,-33.865468],[151.213017,-33.8655],[151.213077,-33.865524],[151.213096,-33.865533],[151.213109,-33.865543],[151.213101,-33.865573],[151.213045,-33.865559],[151.21304,-33.865573],[151.213036,-33.865586],[151.213091,-33.865599],[151.213087,-33.86562],[151.213076,-33.865629],[151.213058,-33.865631]]]}},{"type":"Feature","properties":{"k":"grass"},"geometry":{"type":"Polygon","coordinates":[[[151.213276,-33.86556],[151.21328,-33.865585],[151.213295,-33.865607],[151.213332,-33.865631],[151.213386,-33.865639],[151.213418,-33.86563],[151.213455,-33.865603],[151.213476,-33.865566],[151.213621,-33.865575],[151.213612,-33.865705],[151.21316,-33.865638],[151.213148,-33.865628],[151.213144,-33.865614],[151.213159,-33.865556],[151.213167,-33.865547],[151.213181,-33.865543],[151.213263,-33.865555],[151.213276,-33.86556]]]}},{"type":"Feature","properties":{"k":"park"},"geometry":{"type":"Polygon","coordinates":[[[151.20898,-33.856461],[151.209063,-33.856427],[151.209142,-33.85656],[151.20906,-33.856594],[151.20898,-33.856461]]]}},{"type":"Feature","properties":{"k":"park"},"geometry":{"type":"Polygon","coordinates":[[[151.208976,-33.857713],[151.209172,-33.857632],[151.209098,-33.85782],[151.209075,-33.85783],[151.209057,-33.857834],[151.208976,-33.857713]]]}},{"type":"Feature","properties":{"k":"grass"},"geometry":{"type":"Polygon","coordinates":[[[151.212935,-33.892325],[151.212909,-33.89246],[151.213133,-33.89249],[151.213159,-33.892356],[151.213117,-33.89235],[151.213111,-33.892378],[151.212979,-33.89236],[151.212984,-33.892332],[151.212935,-33.892325]]]}},{"type":"Feature","properties":{"k":"grass"},"geometry":{"type":"Polygon","coordinates":[[[151.212921,-33.892303],[151.212888,-33.892299],[151.212879,-33.892302],[151.212875,-33.89233],[151.212825,-33.892323],[151.212792,-33.892491],[151.212849,-33.892554],[151.21331,-33.892618],[151.213308,-33.89263],[151.213682,-33.892689],[151.213693,-33.892683],[151.213696,-33.892672],[151.213641,-33.892665],[151.213645,-33.892642],[151.213649,-33.892619],[151.213653,-33.892597],[151.213657,-33.892574],[151.213713,-33.892581],[151.213691,-33.89255],[151.213687,-33.892519],[151.213705,-33.892425],[151.213699,-33.892417],[151.213685,-33.892407],[151.213187,-33.89234],[151.213154,-33.892508],[151.212888,-33.892472],[151.212921,-33.892303]]]}},{"type":"Feature","properties":{"k":"grass"},"geometry":{"type":"Polygon","coordinates":[[[151.213684,-33.892753],[151.213679,-33.892744],[151.213662,-33.892737],[151.213377,-33.89269],[151.213381,-33.892742],[151.213356,-33.892827],[151.213358,-33.892855],[151.213374,-33.892874],[151.213406,-33.892906],[151.213446,-33.892942],[151.213463,-33.892973],[151.213472,-33.893019],[151.213524,-33.893025],[151.213559,-33.893016],[151.213597,-33.892997],[151.213623,-33.892974],[151.213632,-33.892942],[151.213644,-33.892944],[151.213667,-33.892843],[151.213612,-33.892836],[151.213616,-33.892813],[151.21362,-33.892791],[151.213624,-33.892768],[151.213628,-33.892746],[151.213684,-33.892753]]]}},{"type":"Feature","properties":{"k":"grass"},"geometry":{"type":"Polygon","coordinates":[[[151.213299,-33.892674],[151.213347,-33.892682],[151.213354,-33.892715],[151.213356,-33.892756],[151.213335,-33.892841],[151.213336,-33.892877],[151.213374,-33.892909],[151.21342,-33.892942],[151.213435,-33.892964],[151.213444,-33.893],[151.213447,-33.893018],[151.213432,-33.893015],[151.213427,-33.893006],[151.213433,-33.892974],[151.213367,-33.892961],[151.21336,-33.892992],[151.213356,-33.893],[151.213344,-33.893003],[151.213238,-33.89299],[151.213299,-33.892674]]]}},{"type":"Feature","properties":{"k":"scrub"},"geometry":{"type":"Polygon","coordinates":[[[151.213236,-33.892999],[151.213353,-33.893013],[151.213363,-33.89301],[151.213369,-33.893002],[151.213375,-33.892973],[151.213419,-33.892981],[151.213413,-33.893011],[151.213424,-33.893023],[151.213445,-33.893026],[151.213447,-33.893018],[151.213432,-33.893015],[151.213427,-33.893006],[151.213433,-33.892974],[151.213367,-33.892961],[151.21336,-33.892992],[151.213356,-33.893],[151.213344,-33.893003],[151.213238,-33.89299],[151.213236,-33.892999]]]}},{"type":"Feature","properties":{"k":"scrub"},"geometry":{"type":"Polygon","coordinates":[[[151.213472,-33.893019],[151.21347,-33.893031],[151.213525,-33.893037],[151.21356,-33.893029],[151.213585,-33.893017],[151.213617,-33.892998],[151.213634,-33.892982],[151.21364,-33.892967],[151.213644,-33.892944],[151.213632,-33.892942],[151.213623,-33.892974],[151.213597,-33.892997],[151.213559,-33.893016],[151.213524,-33.893025],[151.213472,-33.893019]]]}},{"type":"Feature","properties":{"k":"park"},"geometry":{"type":"Polygon","coordinates":[[[151.213972,-33.892779],[151.21397,-33.892789],[151.214063,-33.892802],[151.214065,-33.892792],[151.213972,-33.892779]]]}},{"type":"Feature","properties":{"k":"park"},"geometry":{"type":"Polygon","coordinates":[[[151.213982,-33.892731],[151.21398,-33.892741],[151.214072,-33.892754],[151.214075,-33.892744],[151.213982,-33.892731]]]}},{"type":"Feature","properties":{"k":"grass"},"geometry":{"type":"Polygon","coordinates":[[[151.201972,-33.875708],[151.201879,-33.875564],[151.201753,-33.87567],[151.201972,-33.875708]]]}},{"type":"Feature","properties":{"k":"grass"},"geometry":{"type":"Polygon","coordinates":[[[151.213084,-33.871002],[151.213124,-33.870673],[151.213141,-33.870634],[151.213157,-33.870604],[151.213179,-33.870587],[151.213208,-33.870574],[151.21323,-33.870573],[151.213267,-33.870585],[151.213188,-33.870678],[151.213152,-33.870677],[151.21311,-33.871004],[151.213084,-33.871002]]]}},{"type":"Feature","properties":{"k":"scrub"},"geometry":{"type":"Polygon","coordinates":[[[151.214618,-33.871552],[151.214614,-33.871593],[151.214602,-33.871637],[151.214586,-33.871676],[151.214575,-33.871707],[151.214598,-33.871715],[151.214661,-33.871666],[151.214678,-33.871653],[151.214686,-33.871629],[151.214685,-33.871612],[151.214678,-33.871598],[151.214662,-33.871575],[151.214647,-33.871553],[151.214618,-33.871552]]]}},{"type":"Feature","properties":{"k":"grass"},"geometry":{"type":"Polygon","coordinates":[[[151.213512,-33.87167],[151.213523,-33.871587],[151.213575,-33.871548],[151.213584,-33.871471],[151.213545,-33.871428],[151.213547,-33.871412],[151.213621,-33.871419],[151.213618,-33.87144],[151.21362,-33.871453],[151.213627,-33.871464],[151.213632,-33.871474],[151.213635,-33.871485],[151.213621,-33.871578],[151.213613,-33.871593],[151.213544,-33.871648],[151.213539,-33.871657],[151.213537,-33.871672],[151.213512,-33.87167]]]}},{"type":"Feature","properties":{"k":"grass"},"geometry":{"type":"Polygon","coordinates":[[[151.213663,-33.871178],[151.213612,-33.871173],[151.213601,-33.87125],[151.213587,-33.871249],[151.213583,-33.871275],[151.213628,-33.871279],[151.213651,-33.871266],[151.213663,-33.871178]]]}},{"type":"Feature","properties":{"k":"grass"},"geometry":{"type":"Polygon","coordinates":[[[151.21373,-33.871158],[151.213702,-33.871149],[151.213743,-33.871086],[151.213764,-33.870877],[151.213783,-33.870857],[151.213864,-33.870863],[151.213848,-33.870944],[151.213822,-33.871047],[151.213801,-33.871087],[151.213763,-33.871122],[151.213737,-33.871146],[151.21373,-33.871158]]]}},{"type":"Feature","properties":{"k":"grass"},"geometry":{"type":"Polygon","coordinates":[[[151.213295,-33.870595],[151.213287,-33.870688],[151.213543,-33.870708],[151.213543,-33.870687],[151.213295,-33.870595]]]}},{"type":"Feature","properties":{"k":"park"},"geometry":{"type":"Polygon","coordinates":[[[151.212707,-33.873927],[151.212713,-33.873901],[151.212728,-33.873886],[151.212744,-33.873882],[151.213207,-33.873955],[151.213196,-33.874006],[151.21319,-33.874005],[151.213173,-33.873991],[151.213146,-33.873998],[151.213128,-33.873982],[151.2131,-33.873992],[151.213081,-33.873975],[151.213057,-33.873983],[151.212707,-33.873927]]]}},{"type":"Feature","properties":{"k":"park"},"geometry":{"type":"Polygon","coordinates":[[[151.213649,-33.873233],[151.213676,-33.873238],[151.21371,-33.873102],[151.213682,-33.873097],[151.213649,-33.873233]]]}},{"type":"Feature","properties":{"k":"park"},"geometry":{"type":"Polygon","coordinates":[[[151.213956,-33.873258],[151.213927,-33.873377],[151.213948,-33.873381],[151.213977,-33.873261],[151.213956,-33.873258]]]}},{"type":"Feature","properties":{"k":"grass"},"geometry":{"type":"Polygon","coordinates":[[[151.213054,-33.871493],[151.213018,-33.871488],[151.213008,-33.87156],[151.212991,-33.871707],[151.213014,-33.871729],[151.213062,-33.871733],[151.213073,-33.871656],[151.213045,-33.871566],[151.213054,-33.871493]]]}},{"type":"Feature","properties":{"k":"grass"},"geometry":{"type":"Polygon","coordinates":[[[151.213055,-33.871212],[151.213087,-33.871215],[151.213059,-33.871432],[151.213027,-33.871429],[151.213055,-33.871212]]]}},{"type":"Feature","properties":{"k":"park"},"geometry":{"type":"Polygon","coordinates":[[[151.219508,-33.875532],[151.219686,-33.875562],[151.219764,-33.87525],[151.219586,-33.87522],[151.219508,-33.875532]]]}},{"type":"Feature","properties":{"k":"scrub"},"geometry":{"type":"Polygon","coordinates":[[[151.213414,-33.872908],[151.213409,-33.872925],[151.213408,-33.872929],[151.213294,-33.872934],[151.213229,-33.872925],[151.21323,-33.872911],[151.213245,-33.872913],[151.213247,-33.872887],[151.21333,-33.872895],[151.213414,-33.872908]]]}},{"type":"Feature","properties":{"k":"park"},"geometry":{"type":"Polygon","coordinates":[[[151.214513,-33.873869],[151.214418,-33.87367],[151.214445,-33.873661],[151.21454,-33.87386],[151.214513,-33.873869]]]}},{"type":"Feature","properties":{"k":"scrub"},"geometry":{"type":"Polygon","coordinates":[[[151.213333,-33.872866],[151.213335,-33.872847],[151.213368,-33.872852],[151.213371,-33.872837],[151.213427,-33.872847],[151.21342,-33.872881],[151.213333,-33.872866]]]}},{"type":"Feature","properties":{"k":"grass"},"geometry":{"type":"Polygon","coordinates":[[[151.216415,-33.871252],[151.216446,-33.871276],[151.216627,-33.871113],[151.216615,-33.871104],[151.216654,-33.87107],[151.216663,-33.871077],[151.216709,-33.871035],[151.216686,-33.871018],[151.216675,-33.871018],[151.216415,-33.871252]]]}},{"type":"Feature","properties":{"k":"grass"},"geometry":{"type":"Polygon","coordinates":[[[151.216642,-33.871157],[151.216656,-33.871169],[151.216684,-33.871144],[151.216707,-33.871114],[151.216719,-33.871092],[151.216716,-33.871089],[151.216642,-33.871157]]]}},{"type":"Feature","properties":{"k":"grass"},"geometry":{"type":"Polygon","coordinates":[[[151.216605,-33.871168],[151.216634,-33.871188],[151.216575,-33.871229],[151.216549,-33.871249],[151.216537,-33.871251],[151.21652,-33.87124],[151.216594,-33.87117],[151.216605,-33.871168]]]}},{"type":"Feature","properties":{"k":"scrub"},"geometry":{"type":"Polygon","coordinates":[[[151.2167,-33.871197],[151.216711,-33.871206],[151.216737,-33.871183],[151.216726,-33.871174],[151.2167,-33.871197]]]}},{"type":"Feature","properties":{"k":"grass"},"geometry":{"type":"Polygon","coordinates":[[[151.216393,-33.871272],[151.216427,-33.871297],[151.216252,-33.871461],[151.216217,-33.871435],[151.216393,-33.871272]]]}},{"type":"Feature","properties":{"k":"park"},"geometry":{"type":"Polygon","coordinates":[[[151.215433,-33.85951],[151.21545,-33.859476],[151.215462,-33.85948],[151.215444,-33.859514],[151.215433,-33.85951]]]}},{"type":"Feature","properties":{"k":"park"},"geometry":{"type":"Polygon","coordinates":[[[151.214674,-33.859015],[151.214611,-33.859166],[151.214678,-33.859197],[151.214702,-33.859163],[151.214819,-33.859221],[151.214815,-33.85924],[151.214891,-33.859255],[151.214915,-33.859161],[151.214809,-33.85914],[151.214839,-33.859026],[151.214674,-33.859015]]]}},{"type":"Feature","properties":{"k":"park"},"geometry":{"type":"Polygon","coordinates":[[[151.215715,-33.859627],[151.21571,-33.859637],[151.21574,-33.859647],[151.215749,-33.859656],[151.215757,-33.859687],[151.215771,-33.859684],[151.215764,-33.859652],[151.215748,-33.859639],[151.215715,-33.859627]]]}},{"type":"Feature","properties":{"k":"park"},"geometry":{"type":"Polygon","coordinates":[[[151.215869,-33.860073],[151.215857,-33.860074],[151.215861,-33.860101],[151.215857,-33.860112],[151.215829,-33.860133],[151.215839,-33.860142],[151.215868,-33.86012],[151.215874,-33.860102],[151.215869,-33.860073]]]}},{"type":"Feature","properties":{"k":"park"},"geometry":{"type":"Polygon","coordinates":[[[151.215949,-33.860124],[151.215949,-33.860155],[151.215937,-33.860172],[151.215921,-33.860189],[151.215892,-33.860219],[151.215874,-33.860233],[151.215847,-33.860253],[151.215829,-33.860267],[151.215815,-33.860274],[151.215789,-33.860283],[151.215755,-33.860292],[151.21574,-33.860297],[151.215719,-33.8603],[151.215703,-33.860301],[151.215949,-33.860124]]]}},{"type":"Feature","properties":{"k":"scrub"},"geometry":{"type":"Polygon","coordinates":[[[151.215729,-33.861051],[151.215731,-33.861029],[151.215743,-33.860997],[151.215763,-33.860959],[151.21579,-33.860909],[151.215813,-33.860876],[151.215856,-33.860822],[151.215905,-33.860774],[151.215953,-33.860731],[151.216066,-33.860631],[151.21611,-33.860601],[151.21616,-33.860557],[151.216198,-33.860518],[151.216266,-33.860457],[151.216312,-33.860419],[151.216367,-33.860367],[151.216395,-33.860333],[151.216442,-33.860274],[151.216479,-33.86023],[151.216508,-33.860189],[151.216529,-33.860134],[151.216527,-33.860087],[151.21651,-33.860035],[151.216495,-33.859991],[151.216473,-33.859961],[151.216446,-33.85993],[151.216428,-33.859911],[151.216387,-33.859884],[151.216367,-33.859859],[151.216414,-33.859839],[151.216433,-33.859807],[151.216401,-33.85976],[151.216364,-33.859729],[151.216282,-33.859684],[151.216244,-33.859673],[151.216149,-33.859618],[151.216128,-33.859592],[151.216115,-33.859563],[151.216378,-33.859718],[151.216477,-33.859838],[151.2166,-33.860035],[151.216599,-33.860149],[151.216586,-33.860193],[151.216481,-33.860355],[151.216413,-33.860428],[151.215998,-33.860787],[151.215858,-33.860922],[151.215729,-33.861051]]]}},{"type":"Feature","properties":{"k":"park"},"geometry":{"type":"Polygon","coordinates":[[[151.214254,-33.859755],[151.214271,-33.859778],[151.214531,-33.859637],[151.214514,-33.859615],[151.214254,-33.859755]]]}},{"type":"Feature","properties":{"k":"park"},"geometry":{"type":"Polygon","coordinates":[[[151.208792,-33.872219],[151.208836,-33.872217],[151.208832,-33.872131],[151.20882,-33.87213],[151.208792,-33.872219]]]}},{"type":"Feature","properties":{"k":"park"},"geometry":{"type":"Polygon","coordinates":[[[151.208845,-33.872306],[151.208848,-33.872183],[151.208858,-33.872183],[151.208855,-33.872306],[151.208845,-33.872306]]]}},{"type":"Feature","properties":{"k":"park"},"geometry":{"type":"Polygon","coordinates":[[[151.216861,-33.873709],[151.216849,-33.873761],[151.216602,-33.873718],[151.216583,-33.873707],[151.216574,-33.873699],[151.216566,-33.87369],[151.216563,-33.873678],[151.216564,-33.873665],[151.216861,-33.873709]]]}},{"type":"Feature","properties":{"k":"scrub"},"geometry":{"type":"Polygon","coordinates":[[[151.21788,-33.874122],[151.217875,-33.874141],[151.21796,-33.874157],[151.217966,-33.874137],[151.21788,-33.874122]]]}},{"type":"Feature","properties":{"k":"scrub"},"geometry":{"type":"Polygon","coordinates":[[[151.217822,-33.874035],[151.217848,-33.87404],[151.218007,-33.874077],[151.218039,-33.874075],[151.218056,-33.874007],[151.217842,-33.873973],[151.217822,-33.874035]]]}},{"type":"Feature","properties":{"k":"park"},"geometry":{"type":"Polygon","coordinates":[[[151.21814,-33.874032],[151.218127,-33.874083],[151.218149,-33.874084],[151.218165,-33.874075],[151.218177,-33.87406],[151.218185,-33.87404],[151.21814,-33.874032]]]}},{"type":"Feature","properties":{"k":"park"},"geometry":{"type":"Polygon","coordinates":[[[151.217442,-33.874024],[151.217456,-33.873959],[151.217488,-33.873964],[151.217502,-33.873978],[151.217513,-33.873986],[151.217523,-33.873988],[151.217536,-33.873982],[151.217562,-33.873972],[151.21758,-33.873971],[151.217593,-33.873976],[151.217532,-33.873997],[151.217456,-33.874038],[151.217442,-33.874024]]]}}]}